txn_id,customer_id,amount,timestamp,merchant,risk_label,risk_score
1,103,48,2026-05-20 07:36:51.180295,BestBuy,0,0.96
2,436,40,2026-05-21 22:22:00.180327,Amazon,0,0.8
3,861,35,2026-05-22 13:03:39.180333,Amazon,0,0.7
4,271,71,2026-05-24 13:15:14.180336,Walmart,0,1.42
5,107,31,2026-05-22 13:43:26.180338,Walmart,0,0.62
6,72,46,2026-05-20 08:05:23.180341,Walmart,0,0.92
7,701,108,2026-05-23 09:28:33.180344,Amazon,0,2.16
8,21,98,2026-05-20 16:09:57.180346,Target,0,1.96
9,615,113,2026-05-25 22:57:31.180348,Target,0,2.26
10,122,144,2026-05-23 01:26:13.180350,Target,0,2.88
11,467,59,2026-05-26 05:00:42.180352,BestBuy,0,1.18
12,215,160,2026-05-22 10:00:16.180355,Amazon,0,3.2
13,331,56,2026-05-20 14:11:32.180357,Target,0,1.12
14,459,112,2026-05-24 21:05:06.180359,Amazon,0,2.24
15,88,34,2026-05-25 08:47:53.180361,Amazon,0,0.68
16,373,159,2026-05-22 18:01:06.180363,BestBuy,0,3.18
17,100,297,2026-05-25 03:39:00.180365,Walmart,0,5.94
18,872,66,2026-05-24 02:35:29.180367,Walmart,0,1.32
19,664,32,2026-05-22 11:48:15.180369,BestBuy,0,0.64
20,131,110,2026-05-25 22:36:23.180371,BestBuy,0,2.2
21,662,105,2026-05-22 14:16:23.180373,Amazon,0,2.1
22,309,92,2026-05-22 14:29:40.180375,Target,0,1.84
23,770,61,2026-05-25 09:15:14.180377,Amazon,0,1.22
24,344,16,2026-05-22 03:26:43.180379,Amazon,0,0.32
25,492,74,2026-05-25 09:04:43.180382,Target,0,1.48
26,414,111,2026-05-22 08:48:09.180384,Walmart,0,2.22
27,806,50,2026-05-24 03:29:13.180386,Amazon,0,1.0
28,386,165,2026-05-25 12:34:13.180388,Walmart,0,3.3
29,192,92,2026-05-24 21:31:41.180390,Walmart,0,1.84
30,956,69,2026-05-25 12:44:52.180393,Walmart,0,1.38
31,277,23,2026-05-21 16:38:44.180395,Amazon,0,0.46
32,161,73,2026-05-25 00:45:09.180397,Target,0,1.46
33,460,37,2026-05-19 19:55:22.180399,Target,0,0.74
34,314,134,2026-05-21 12:56:45.180401,Walmart,0,2.68
35,22,97,2026-05-23 08:46:42.180403,Walmart,0,1.94
36,253,43,2026-05-21 18:40:32.180405,Target,0,0.86
37,748,31,2026-05-20 04:04:11.180407,BestBuy,0,0.62
38,857,33,2026-05-22 18:36:30.180409,BestBuy,0,0.66
39,561,14,2026-05-25 03:46:48.180411,Walmart,0,0.28
40,475,164,2026-05-25 07:04:19.180413,Target,0,3.28
41,59,111,2026-05-21 14:02:39.180415,BestBuy,0,2.22
42,511,24,2026-05-24 04:46:25.180417,Target,0,0.48
43,682,153,2026-05-23 12:12:50.180419,Amazon,0,3.06
44,476,61,2026-05-22 06:14:35.180421,Walmart,0,1.22
45,700,53,2026-05-24 13:20:08.180423,BestBuy,0,1.06
46,976,43,2026-05-25 11:31:35.180425,Walmart,0,0.86
47,783,35,2026-05-23 10:35:22.180427,Amazon,0,0.7
48,190,98,2026-05-21 12:16:29.180429,Target,0,1.96
49,958,171,2026-05-21 08:27:55.180431,Walmart,0,3.42
50,687,176,2026-05-20 02:50:47.180434,BestBuy,0,3.52
51,958,50,2026-05-25 12:12:34.180436,Amazon,0,1.0
52,563,18,2026-05-22 15:23:12.180438,BestBuy,0,0.36
53,876,123,2026-05-20 03:02:56.180440,Target,0,2.46
54,567,85,2026-05-24 16:39:11.180442,BestBuy,0,1.7
55,244,215,2026-05-24 19:22:28.180444,BestBuy,1,43.0
56,832,182,2026-05-21 17:39:03.180446,BestBuy,0,3.64
57,505,86,2026-05-24 06:39:49.180448,Amazon,0,1.72
58,131,259,2026-05-25 09:43:09.180450,BestBuy,1,51.8
59,485,104,2026-05-24 13:39:05.180452,BestBuy,0,2.08
60,819,69,2026-05-23 05:54:30.180455,Amazon,0,1.38
61,647,11,2026-05-23 16:56:02.180457,Amazon,0,0.22
62,21,35,2026-05-22 17:02:55.180461,Amazon,0,0.7
63,841,72,2026-05-26 05:33:10.180463,Target,0,1.44
64,167,64,2026-05-22 04:14:00.180465,Amazon,0,1.28
65,274,113,2026-05-21 06:01:11.180467,Target,0,2.26
66,388,52,2026-05-21 11:04:11.180476,Amazon,0,1.04
67,601,159,2026-05-24 19:47:29.180479,Amazon,0,3.18
68,316,115,2026-05-19 16:51:10.180481,Walmart,0,2.3
69,14,165,2026-05-25 09:28:36.180483,Walmart,0,3.3
70,242,90,2026-05-19 20:34:02.180485,Walmart,0,1.8
71,777,180,2026-05-25 21:43:24.180487,Walmart,0,3.6
72,346,57,2026-05-26 03:44:35.180489,Amazon,0,1.14
73,565,60,2026-05-25 20:44:03.180491,Amazon,0,1.2
74,898,74,2026-05-20 09:00:25.180493,Target,0,1.48
75,340,202,2026-05-19 20:35:34.180495,Amazon,0,4.04
76,92,35,2026-05-20 14:33:07.180497,Target,0,0.7
77,367,90,2026-05-23 05:25:12.180499,BestBuy,0,1.8
78,956,110,2026-05-20 16:24:01.180503,BestBuy,0,2.2
79,455,62,2026-05-22 22:21:00.180505,Amazon,0,1.24
80,428,25,2026-05-22 04:17:38.180507,BestBuy,0,0.5
81,509,121,2026-05-19 19:52:01.180509,Amazon,0,2.42
82,776,13,2026-05-22 13:48:43.180511,Target,0,0.26
83,943,106,2026-05-25 11:18:32.180513,Walmart,0,2.12
84,35,155,2026-05-21 15:32:51.180516,BestBuy,0,3.1
85,206,84,2026-05-24 10:18:20.180518,Amazon,0,1.68
86,81,163,2026-05-26 11:28:56.180520,Walmart,0,3.26
87,932,91,2026-05-23 14:20:51.180522,Target,0,1.82
88,562,106,2026-05-22 09:39:51.180524,Amazon,0,2.12
89,872,75,2026-05-25 21:19:46.180526,BestBuy,0,1.5
90,388,190,2026-05-26 03:39:40.180528,Target,0,3.8
91,2,107,2026-05-24 06:23:18.180530,Amazon,0,2.14
92,390,40,2026-05-21 13:01:37.180532,BestBuy,0,0.8
93,566,202,2026-05-24 06:33:39.180534,Target,0,4.04
94,106,265,2026-05-22 05:36:27.180536,Target,0,5.3
95,772,68,2026-05-25 23:31:11.180539,Walmart,0,1.36
96,822,180,2026-05-20 02:24:24.180541,Walmart,0,3.6
97,477,50,2026-05-20 16:07:30.180543,Walmart,0,1.0
98,703,138,2026-05-21 06:37:38.180545,Amazon,0,2.76
99,402,264,2026-05-24 13:56:18.180547,Target,0,5.28
100,730,280,2026-05-24 05:06:05.180549,Walmart,0,5.6
101,556,107,2026-05-25 20:57:31.180551,BestBuy,0,2.14
102,162,115,2026-05-21 14:34:42.180553,Amazon,0,2.3
103,202,64,2026-05-20 17:00:23.180555,Walmart,0,1.28
104,958,54,2026-05-25 09:33:45.180557,Amazon,0,1.08
105,996,65,2026-05-19 15:32:38.180559,Target,0,1.3
106,270,39,2026-05-22 22:46:01.180561,BestBuy,0,0.78
107,863,110,2026-05-24 17:22:56.180563,Target,0,2.2
108,816,79,2026-05-25 17:58:59.180565,BestBuy,0,1.58
109,271,72,2026-05-25 16:32:02.180567,Target,0,1.44
110,456,194,2026-05-23 04:54:14.180569,Amazon,0,3.88
111,462,34,2026-05-24 21:33:49.180571,Target,0,0.68
112,727,52,2026-05-20 07:58:35.180573,BestBuy,0,1.04
113,252,59,2026-05-24 10:59:58.180575,Amazon,0,1.18
114,702,189,2026-05-19 18:28:21.180577,Amazon,0,3.78
115,296,86,2026-05-22 08:43:52.180579,BestBuy,0,1.72
116,725,151,2026-05-25 08:36:10.180581,BestBuy,0,3.02
117,720,108,2026-05-22 13:36:34.180583,Amazon,0,2.16
118,749,98,2026-05-23 08:25:50.180585,BestBuy,0,1.96
119,338,126,2026-05-20 04:41:48.180587,Target,0,2.52
120,879,123,2026-05-23 08:38:45.180589,Target,0,2.46
121,53,17,2026-05-21 13:41:10.180591,Target,0,0.34
122,792,176,2026-05-20 07:08:48.180593,Amazon,0,3.52
123,922,319,2026-05-20 16:00:30.180595,Target,0,6.38
124,217,55,2026-05-22 12:31:29.180597,Amazon,0,1.1
125,764,158,2026-05-24 10:07:37.180599,BestBuy,0,3.16
126,188,52,2026-05-19 14:21:38.180601,Target,0,1.04
127,380,43,2026-05-22 03:27:01.180603,Amazon,0,0.86
128,493,112,2026-05-24 07:10:46.180605,Walmart,0,2.24
129,41,50,2026-05-20 12:33:38.180607,Target,0,1.0
130,157,88,2026-05-23 06:44:19.180612,Target,0,1.76
131,15,234,2026-05-23 14:10:17.180615,Amazon,0,4.68
132,813,187,2026-05-25 04:24:25.180617,Amazon,0,3.74
133,65,127,2026-05-23 00:35:23.180619,BestBuy,0,2.54
134,857,62,2026-05-23 05:36:00.180621,Amazon,0,1.24
135,839,170,2026-05-26 00:05:42.180623,BestBuy,0,3.4
136,521,106,2026-05-21 06:20:32.180625,Walmart,0,2.12
137,344,82,2026-05-23 09:06:19.180627,BestBuy,0,1.64
138,129,161,2026-05-20 15:37:34.180629,Target,0,3.22
139,648,125,2026-05-22 18:13:20.180631,Amazon,0,2.5
140,472,95,2026-05-23 19:54:28.180633,Walmart,0,1.9
141,63,115,2026-05-22 14:30:21.180635,Walmart,0,2.3
142,139,18,2026-05-21 20:30:47.180637,Amazon,0,0.36
143,499,77,2026-05-21 22:20:47.180639,Target,0,1.54
144,593,100,2026-05-23 03:28:22.180641,Amazon,0,2.0
145,392,55,2026-05-24 22:38:56.180643,Amazon,0,1.1
146,675,29,2026-05-24 16:52:39.180645,Amazon,0,0.58
147,419,85,2026-05-20 12:31:27.180648,BestBuy,0,1.7
148,289,20,2026-05-24 15:51:10.180650,Walmart,0,0.4
149,379,7,2026-05-21 15:37:34.180652,Walmart,0,0.14
150,773,23,2026-05-22 11:26:42.180655,Target,0,0.46
151,490,41,2026-05-19 22:37:13.180657,Walmart,0,0.82
152,231,30,2026-05-23 03:52:20.180659,Amazon,0,0.6
153,41,119,2026-05-20 13:27:03.180661,Walmart,0,2.38
154,28,49,2026-05-26 08:45:11.180663,Target,0,0.98
155,135,53,2026-05-21 22:58:40.180665,BestBuy,0,1.06
156,201,180,2026-05-23 11:51:36.180667,BestBuy,0,3.6
157,840,371,2026-05-23 18:33:01.180669,Amazon,0,7.42
158,780,263,2026-05-25 11:22:42.180671,Amazon,0,5.26
159,930,12,2026-05-25 17:51:03.180673,Walmart,0,0.24
160,33,260,2026-05-23 09:02:24.180675,Walmart,0,5.2
161,48,93,2026-05-19 17:25:38.180677,Target,0,1.86
162,503,57,2026-05-24 23:21:11.180679,Amazon,0,1.14
163,407,254,2026-05-26 04:32:51.180681,Target,0,5.08
164,574,112,2026-05-26 12:06:55.180683,BestBuy,0,2.24
165,728,71,2026-05-23 09:17:15.180685,Walmart,0,1.42
166,805,78,2026-05-19 17:40:21.180687,Amazon,0,1.56
167,99,48,2026-05-19 17:44:55.180689,Walmart,0,0.96
168,684,26,2026-05-21 22:49:49.180691,Amazon,0,0.52
169,872,73,2026-05-25 01:40:40.180693,BestBuy,0,1.46
170,726,128,2026-05-22 18:47:37.180695,Target,0,2.56
171,987,65,2026-05-24 09:23:44.180697,Amazon,0,1.3
172,547,83,2026-05-24 15:11:46.180699,Walmart,0,1.66
173,961,51,2026-05-22 08:34:45.180700,Amazon,0,1.02
174,739,49,2026-05-24 20:24:00.180703,Target,0,0.98
175,613,142,2026-05-25 13:48:38.180705,BestBuy,0,2.84
176,943,83,2026-05-21 22:48:31.180707,Walmart,0,1.66
177,462,178,2026-05-20 16:10:53.180709,BestBuy,0,3.56
178,643,66,2026-05-19 19:09:25.180711,BestBuy,0,1.32
179,769,71,2026-05-24 18:23:28.180713,Target,0,1.42
180,5,300,2026-05-25 09:03:06.180715,Amazon,0,6.0
181,218,104,2026-05-22 21:18:45.180717,Amazon,0,2.08
182,503,32,2026-05-23 03:39:38.180719,Amazon,0,0.64
183,767,72,2026-05-20 23:12:44.180721,Amazon,0,1.44
184,398,165,2026-05-24 10:52:50.180723,Walmart,0,3.3
185,871,18,2026-05-20 03:44:24.180725,BestBuy,0,0.36
186,795,183,2026-05-26 11:51:22.180727,Amazon,0,3.66
187,393,59,2026-05-22 02:19:02.180729,BestBuy,0,1.18
188,207,101,2026-05-25 09:50:42.180731,Walmart,0,2.02
189,15,68,2026-05-24 20:06:06.180733,Walmart,0,1.36
190,858,26,2026-05-21 03:27:29.180735,Walmart,0,0.52
191,554,177,2026-05-21 04:27:28.180737,BestBuy,0,3.54
192,892,56,2026-05-24 18:00:41.180739,Amazon,0,1.12
193,461,21,2026-05-24 07:45:21.180741,BestBuy,0,0.42
194,691,102,2026-05-20 14:38:59.180743,Amazon,0,2.04
195,575,49,2026-05-24 10:03:18.180745,Target,0,0.98
196,864,15,2026-05-26 04:40:48.180747,Amazon,0,0.3
197,743,101,2026-05-21 04:05:32.180749,Amazon,0,2.02
198,241,22,2026-05-20 09:06:07.180751,Amazon,0,0.44
199,564,113,2026-05-24 12:07:06.180753,Walmart,0,2.26
200,96,187,2026-05-21 05:07:28.180755,Target,0,3.74
201,900,107,2026-05-24 11:53:30.180757,Amazon,0,2.14
202,734,46,2026-05-22 15:14:39.180760,Target,0,0.92
203,485,18,2026-05-24 01:37:57.180762,BestBuy,0,0.36
204,407,169,2026-05-20 22:24:29.180764,BestBuy,0,3.38
205,231,122,2026-05-26 02:37:30.180766,Walmart,0,2.44
206,749,63,2026-05-24 00:40:19.180768,BestBuy,0,1.26
207,655,74,2026-05-25 03:42:59.180770,Target,0,1.48
208,171,114,2026-05-23 08:48:52.180772,Target,0,2.28
209,541,45,2026-05-24 20:12:11.180774,Target,0,0.9
210,36,176,2026-05-25 17:07:03.180776,Target,0,3.52
211,525,82,2026-05-23 10:45:32.180777,Target,0,1.64
212,160,31,2026-05-20 10:49:35.180779,Walmart,0,0.62
213,839,98,2026-05-21 07:03:13.180781,Amazon,0,1.96
214,699,280,2026-05-22 15:21:12.180783,BestBuy,1,56.0
215,243,50,2026-05-21 03:05:51.180785,Target,0,1.0
216,86,69,2026-05-26 07:22:09.180787,BestBuy,0,1.38
217,796,87,2026-05-24 03:33:01.180789,Walmart,0,1.74
218,578,238,2026-05-19 14:36:14.180791,Walmart,0,4.76
219,682,198,2026-05-19 17:42:28.180793,Amazon,0,3.96
220,557,177,2026-05-21 17:05:06.180795,Walmart,0,3.54
221,574,146,2026-05-25 08:49:05.180797,Amazon,0,2.92
222,953,60,2026-05-24 20:47:11.180799,Target,0,1.2
223,646,25,2026-05-23 13:52:20.180801,Walmart,0,0.5
224,796,88,2026-05-23 17:15:22.180803,BestBuy,0,1.76
225,28,31,2026-05-24 06:59:14.180805,Walmart,0,0.62
226,620,79,2026-05-20 02:41:17.180807,Walmart,0,1.58
227,556,119,2026-05-25 23:57:06.180809,Target,0,2.38
228,340,164,2026-05-22 10:12:38.180811,Amazon,0,3.28
229,798,179,2026-05-25 15:59:48.180813,Amazon,0,3.58
230,958,164,2026-05-25 04:52:37.180815,Walmart,0,3.28
231,331,30,2026-05-23 07:55:11.180817,BestBuy,0,0.6
232,640,46,2026-05-23 19:21:46.180819,Walmart,0,0.92
233,506,96,2026-05-21 23:46:32.180822,BestBuy,0,1.92
234,348,164,2026-05-25 03:22:31.180825,Target,0,3.28
235,473,15,2026-05-20 11:47:10.180827,Target,0,0.3
236,231,97,2026-05-20 20:20:48.180829,Amazon,0,1.94
237,190,52,2026-05-25 14:27:46.180831,BestBuy,0,1.04
238,225,132,2026-05-20 17:43:45.180833,Walmart,0,2.64
239,385,83,2026-05-20 22:00:30.180835,Walmart,0,1.66
240,377,56,2026-05-25 04:59:17.180837,Walmart,0,1.12
241,283,78,2026-05-23 15:41:27.180839,Walmart,0,1.56
242,958,133,2026-05-23 05:19:00.180841,Target,0,2.66
243,633,136,2026-05-23 21:09:18.180843,BestBuy,0,2.72
244,628,81,2026-05-23 13:49:21.180845,Target,0,1.62
245,973,48,2026-05-23 12:56:27.180847,BestBuy,0,0.96
246,745,134,2026-05-22 01:04:14.180849,Amazon,0,2.68
247,259,43,2026-05-22 02:14:20.180851,BestBuy,0,0.86
248,359,11,2026-05-22 10:52:26.180853,Walmart,0,0.22
249,710,159,2026-05-22 07:26:11.180855,Target,0,3.18
250,456,15,2026-05-26 05:20:16.180857,Walmart,0,0.3
251,411,65,2026-05-25 02:37:23.180859,BestBuy,0,1.3
252,649,23,2026-05-25 03:26:18.180861,BestBuy,0,0.46
253,318,123,2026-05-26 11:53:17.180863,Amazon,0,2.46
254,677,89,2026-05-25 00:04:22.180865,BestBuy,0,1.78
255,225,22,2026-05-24 08:40:24.180867,BestBuy,0,0.44
256,819,53,2026-05-25 08:42:11.180869,Walmart,0,1.06
257,234,168,2026-05-25 08:12:03.180871,BestBuy,0,3.36
258,684,34,2026-05-20 13:28:15.180873,BestBuy,0,0.68
259,664,85,2026-05-19 17:08:34.180875,Target,0,1.7
260,975,139,2026-05-24 19:07:58.180877,Target,0,2.78
261,827,119,2026-05-24 04:35:05.180879,Amazon,0,2.38
262,374,48,2026-05-23 07:47:37.180881,Amazon,0,0.96
263,672,55,2026-05-22 05:57:28.180883,Walmart,0,1.1
264,608,45,2026-05-20 08:58:52.180885,Walmart,0,0.9
265,472,46,2026-05-25 22:18:14.180887,Target,0,0.92
266,233,113,2026-05-25 08:30:28.180889,Target,0,2.26
267,692,1,2026-05-25 23:54:13.180891,Target,0,0.02
268,113,32,2026-05-21 21:52:15.180893,Amazon,0,0.64
269,830,53,2026-05-26 03:53:17.180895,Amazon,0,1.06
270,497,31,2026-05-20 19:50:27.180898,BestBuy,0,0.62
271,442,139,2026-05-23 08:47:57.180900,Amazon,0,2.78
272,564,37,2026-05-26 08:35:16.180902,BestBuy,0,0.74
273,268,44,2026-05-26 10:50:16.180904,Walmart,0,0.88
274,510,49,2026-05-20 11:06:09.180906,Amazon,0,0.98
275,807,1,2026-05-21 17:18:26.180908,Walmart,0,0.02
276,386,38,2026-05-26 03:25:45.180910,BestBuy,0,0.76
277,387,94,2026-05-22 08:55:30.180912,Walmart,0,1.88
278,113,56,2026-05-21 09:07:01.180914,Walmart,0,1.12
279,613,336,2026-05-24 04:16:40.180916,Amazon,0,6.72
280,625,23,2026-05-23 02:50:24.180918,BestBuy,0,0.46
281,952,30,2026-05-21 06:47:59.180920,BestBuy,0,0.6
282,81,60,2026-05-23 16:14:32.180922,Target,0,1.2
283,699,11,2026-05-26 05:39:06.180924,Amazon,0,0.22
284,113,72,2026-05-24 23:01:50.180926,Amazon,0,1.44
285,2,96,2026-05-25 14:33:09.180928,BestBuy,0,1.92
286,642,73,2026-05-21 00:49:58.180930,Amazon,0,1.46
287,220,43,2026-05-20 09:13:14.180932,Walmart,0,0.86
288,566,89,2026-05-20 23:15:19.180934,Target,0,1.78
289,855,73,2026-05-23 22:50:14.180936,BestBuy,0,1.46
290,997,54,2026-05-22 03:15:35.180938,Amazon,0,1.08
291,736,72,2026-05-22 08:11:05.180940,Amazon,0,1.44
292,225,133,2026-05-25 21:06:34.180942,Walmart,0,2.66
293,385,47,2026-05-26 03:06:27.180944,Amazon,0,0.94
294,403,71,2026-05-21 07:29:08.180946,Amazon,0,1.42
295,638,41,2026-05-23 16:01:07.180948,Walmart,0,0.82
296,130,122,2026-05-20 21:02:17.180950,Amazon,0,2.44
297,53,102,2026-05-20 21:44:43.180952,Target,0,2.04
298,684,194,2026-05-24 05:18:35.180954,Walmart,0,3.88
299,730,153,2026-05-24 13:07:21.180956,BestBuy,0,3.06
300,672,72,2026-05-21 16:56:56.180958,Target,0,1.44
301,710,10,2026-05-26 07:44:58.180960,Amazon,0,0.2
302,416,83,2026-05-24 05:31:58.180962,Walmart,0,1.66
303,247,241,2026-05-20 15:26:24.180964,Walmart,0,4.82
304,836,162,2026-05-22 17:17:19.180966,Amazon,0,3.24
305,439,108,2026-05-25 15:22:38.180968,BestBuy,0,2.16
306,203,34,2026-05-26 10:50:46.180970,Target,0,0.68
307,184,149,2026-05-24 15:45:06.180972,Amazon,0,2.98
308,123,65,2026-05-25 09:49:26.180974,BestBuy,0,1.3
309,401,88,2026-05-26 10:55:04.180976,Walmart,0,1.76
310,767,9,2026-05-20 08:49:11.180979,Walmart,0,0.18
311,294,47,2026-05-25 12:27:09.180981,Walmart,0,0.94
312,280,129,2026-05-21 05:46:45.180983,Amazon,0,2.58
313,837,38,2026-05-24 12:51:24.180985,BestBuy,0,0.76
314,884,93,2026-05-25 17:27:40.180987,Amazon,0,1.86
315,610,121,2026-05-22 02:19:50.180989,Amazon,0,2.42
316,198,131,2026-05-21 21:57:54.180991,Target,0,2.62
317,982,43,2026-05-24 15:07:09.180993,Target,0,0.86
318,907,62,2026-05-21 23:48:38.180995,Target,0,1.24
319,511,127,2026-05-21 00:44:06.180997,BestBuy,0,2.54
320,752,55,2026-05-22 22:08:27.180999,Walmart,0,1.1
321,144,31,2026-05-23 23:44:57.181001,Target,0,0.62
322,609,267,2026-05-21 02:18:36.181003,Walmart,0,5.34
323,201,219,2026-05-21 18:56:41.181005,BestBuy,1,43.8
324,124,47,2026-05-26 12:53:07.181007,Target,0,0.94
325,187,87,2026-05-26 10:07:37.181009,Target,0,1.74
326,326,101,2026-05-24 12:05:24.181011,Walmart,0,2.02
327,464,122,2026-05-25 22:49:40.181013,Amazon,0,2.44
328,349,60,2026-05-23 00:22:26.181015,BestBuy,0,1.2
329,771,45,2026-05-21 15:42:56.181017,BestBuy,0,0.9
330,660,145,2026-05-24 23:37:33.181019,Target,0,2.9
331,764,218,2026-05-25 19:43:08.181021,BestBuy,1,43.6
332,955,136,2026-05-22 22:08:52.181023,Walmart,0,2.72
333,932,54,2026-05-20 21:21:38.181025,Amazon,0,1.08
334,403,95,2026-05-24 03:54:52.181027,Amazon,0,1.9
335,346,126,2026-05-25 07:57:54.181029,BestBuy,0,2.52
336,963,23,2026-05-24 02:49:55.181031,Amazon,0,0.46
337,511,72,2026-05-22 16:05:24.181033,Walmart,0,1.44
338,147,183,2026-05-21 10:03:46.181035,Target,0,3.66
339,148,76,2026-05-22 20:55:38.181037,Target,0,1.52
340,864,65,2026-05-20 01:46:38.181039,BestBuy,0,1.3
341,711,36,2026-05-25 00:22:28.181041,BestBuy,0,0.72
342,820,201,2026-05-20 18:46:51.181043,BestBuy,1,40.2
343,489,20,2026-05-20 00:00:48.181045,Target,0,0.4
344,929,117,2026-05-20 18:10:20.181047,BestBuy,0,2.34
345,936,82,2026-05-25 14:23:46.181049,Amazon,0,1.64
346,640,84,2026-05-24 19:30:07.181051,Target,0,1.68
347,551,35,2026-05-20 14:34:59.181053,Walmart,0,0.7
348,338,95,2026-05-26 06:16:39.181055,BestBuy,0,1.9
349,872,19,2026-05-22 01:05:46.181057,Target,0,0.38
350,641,111,2026-05-25 21:09:22.181059,BestBuy,0,2.22
351,779,167,2026-05-20 20:09:28.181061,Target,0,3.34
352,988,70,2026-05-24 11:34:44.181063,Target,0,1.4
353,953,132,2026-05-25 09:38:45.181065,Target,0,2.64
354,473,36,2026-05-26 09:14:15.181067,Walmart,0,0.72
355,946,103,2026-05-26 12:15:26.181069,Target,0,2.06
356,151,79,2026-05-25 03:30:45.181071,Amazon,0,1.58
357,415,145,2026-05-25 08:34:47.181073,BestBuy,0,2.9
358,990,101,2026-05-20 21:30:28.181075,BestBuy,0,2.02
359,298,87,2026-05-19 15:22:43.181078,BestBuy,0,1.74
360,611,29,2026-05-23 18:35:48.181080,Target,0,0.58
361,263,188,2026-05-21 03:32:16.181081,BestBuy,0,3.76
362,764,176,2026-05-20 15:30:46.181084,Amazon,0,3.52
363,144,52,2026-05-22 00:45:41.181085,Amazon,0,1.04
364,346,129,2026-05-20 09:31:43.181087,Amazon,0,2.58
365,624,102,2026-05-22 03:32:18.181090,Walmart,0,2.04
366,572,24,2026-05-22 10:38:02.181091,Amazon,0,0.48
367,881,46,2026-05-24 19:50:22.181093,Amazon,0,0.92
368,2,18,2026-05-25 04:26:45.181095,BestBuy,0,0.36
369,897,14,2026-05-26 01:06:42.181097,Target,0,0.28
370,304,84,2026-05-23 13:57:29.181099,BestBuy,0,1.68
371,254,91,2026-05-22 09:53:54.181101,Walmart,0,1.82
372,652,52,2026-05-20 21:05:53.181103,Walmart,0,1.04
373,453,102,2026-05-23 09:10:44.181105,Walmart,0,2.04
374,37,122,2026-05-26 06:14:09.181107,Amazon,0,2.44
375,160,107,2026-05-24 11:49:32.181109,Amazon,0,2.14
376,9,56,2026-05-19 22:42:02.181111,Amazon,0,1.12
377,233,93,2026-05-25 12:19:59.181113,Target,0,1.86
378,99,201,2026-05-21 04:09:57.181115,BestBuy,1,40.2
379,659,43,2026-05-23 02:16:47.181117,Amazon,0,0.86
380,816,96,2026-05-19 15:17:06.181119,Walmart,0,1.92
381,208,17,2026-05-25 03:31:30.181121,Target,0,0.34
382,131,125,2026-05-23 13:51:17.181123,Target,0,2.5
383,404,129,2026-05-19 17:42:55.181125,Walmart,0,2.58
384,152,95,2026-05-23 20:06:04.181127,Amazon,0,1.9
385,54,87,2026-05-22 21:02:56.181129,Target,0,1.74
386,120,177,2026-05-25 14:12:08.181131,Walmart,0,3.54
387,673,38,2026-05-26 02:26:32.181133,Amazon,0,0.76
388,920,32,2026-05-20 18:02:20.181135,Target,0,0.64
389,628,90,2026-05-21 02:40:19.181137,Target,0,1.8
390,587,95,2026-05-22 09:13:26.181139,BestBuy,0,1.9
391,625,114,2026-05-21 15:54:36.181141,BestBuy,0,2.28
392,968,90,2026-05-23 06:01:04.181143,Target,0,1.8
393,420,66,2026-05-25 22:44:40.181145,Target,0,1.32
394,422,55,2026-05-22 16:27:28.181147,Target,0,1.1
395,104,56,2026-05-22 09:21:22.181148,BestBuy,0,1.12
396,852,191,2026-05-22 14:40:00.181150,Amazon,0,3.82
397,254,59,2026-05-20 05:27:56.181152,BestBuy,0,1.18
398,227,13,2026-05-22 18:16:03.181154,Walmart,0,0.26
399,112,100,2026-05-22 13:22:10.181156,Target,0,2.0
400,510,177,2026-05-23 15:11:05.181158,Walmart,0,3.54
401,473,6,2026-05-24 22:49:10.181160,Walmart,0,0.12
402,99,59,2026-05-20 20:11:16.181163,Walmart,0,1.18
403,153,202,2026-05-26 05:42:51.181165,BestBuy,1,40.4
404,861,110,2026-05-26 08:31:20.181167,BestBuy,0,2.2
405,914,57,2026-05-20 00:03:32.181169,Amazon,0,1.14
406,896,73,2026-05-22 17:08:10.181171,Walmart,0,1.46
407,878,92,2026-05-21 03:21:19.181173,Walmart,0,1.84
408,338,100,2026-05-25 07:39:28.181175,BestBuy,0,2.0
409,706,131,2026-05-23 05:44:43.181177,Walmart,0,2.62
410,822,63,2026-05-23 21:41:09.181179,BestBuy,0,1.26
411,163,99,2026-05-26 11:17:02.181181,Target,0,1.98
412,720,20,2026-05-21 11:26:17.181183,Target,0,0.4
413,957,67,2026-05-19 16:27:12.181185,Walmart,0,1.34
414,681,56,2026-05-25 12:56:16.181187,Amazon,0,1.12
415,996,69,2026-05-19 14:12:36.181189,BestBuy,0,1.38
416,161,27,2026-05-21 16:02:44.181191,Target,0,0.54
417,580,36,2026-05-22 14:36:43.181193,Target,0,0.72
418,801,161,2026-05-21 14:43:44.181195,Walmart,0,3.22
419,398,36,2026-05-20 03:08:46.181197,BestBuy,0,0.72
420,277,79,2026-05-25 03:23:40.181199,Walmart,0,1.58
421,816,16,2026-05-21 11:12:56.181201,BestBuy,0,0.32
422,916,31,2026-05-26 00:28:34.181203,Amazon,0,0.62
423,504,350,2026-05-20 12:13:35.181205,BestBuy,1,70.0
424,896,116,2026-05-26 05:36:12.181207,Target,0,2.32
425,392,57,2026-05-25 03:11:47.181209,Walmart,0,1.14
426,135,34,2026-05-23 18:36:13.181211,BestBuy,0,0.68
427,195,37,2026-05-23 18:23:52.181213,Target,0,0.74
428,401,231,2026-05-23 11:00:18.181215,Walmart,0,4.62
429,640,124,2026-05-26 02:46:00.181216,Walmart,0,2.48
430,33,0,2026-05-21 09:43:16.181218,Amazon,0,0.0
431,688,58,2026-05-23 04:03:45.181220,Target,0,1.16
432,460,20,2026-05-26 03:12:24.181222,BestBuy,0,0.4
433,955,92,2026-05-19 23:26:09.181224,Target,0,1.84
434,883,90,2026-05-21 11:33:56.181226,Walmart,0,1.8
435,470,90,2026-05-19 16:11:03.181228,Amazon,0,1.8
436,375,98,2026-05-20 02:40:19.181230,BestBuy,0,1.96
437,22,35,2026-05-26 12:43:10.181232,Amazon,0,0.7
438,750,71,2026-05-22 06:52:18.181234,Amazon,0,1.42
439,670,100,2026-05-25 00:15:52.181236,Target,0,2.0
440,38,209,2026-05-26 06:28:31.181238,Walmart,0,4.18
441,230,162,2026-05-20 08:03:44.181240,Walmart,0,3.24
442,365,346,2026-05-25 06:04:16.181242,BestBuy,1,69.2
443,563,105,2026-05-19 15:05:42.181244,Amazon,0,2.1
444,438,56,2026-05-22 16:52:46.181246,Amazon,0,1.12
445,776,121,2026-05-20 18:22:52.181248,Amazon,0,2.42
446,283,34,2026-05-21 21:50:31.181250,Target,0,0.68
447,27,293,2026-05-26 00:35:56.181252,Walmart,0,5.86
448,226,87,2026-05-24 14:38:44.181254,Amazon,0,1.74
449,277,147,2026-05-24 20:09:20.181256,Amazon,0,2.94
450,798,82,2026-05-22 07:15:05.181258,Walmart,0,1.64
451,609,21,2026-05-24 00:01:28.181260,BestBuy,0,0.42
452,284,68,2026-05-22 07:34:03.181262,Target,0,1.36
453,879,61,2026-05-21 11:37:44.181263,Target,0,1.22
454,960,11,2026-05-23 11:26:30.181266,Target,0,0.22
455,481,11,2026-05-23 04:19:18.181268,Walmart,0,0.22
456,453,145,2026-05-19 15:58:07.181270,Target,0,2.9
457,829,34,2026-05-21 16:08:54.181272,Amazon,0,0.68
458,816,83,2026-05-19 22:10:05.181275,Target,0,1.66
459,659,69,2026-05-22 00:13:42.181277,Walmart,0,1.38
460,516,61,2026-05-25 14:51:14.181278,Target,0,1.22
461,547,86,2026-05-24 11:55:07.181281,BestBuy,0,1.72
462,192,163,2026-05-20 17:54:53.181283,BestBuy,0,3.26
463,49,81,2026-05-22 14:19:42.181285,Walmart,0,1.62
464,512,145,2026-05-26 12:10:59.181287,Walmart,0,2.9
465,17,137,2026-05-24 12:21:33.181288,BestBuy,0,2.74
466,172,106,2026-05-22 19:42:53.181290,Target,0,2.12
467,220,93,2026-05-21 09:35:37.181292,Amazon,0,1.86
468,158,13,2026-05-20 09:22:40.181294,Walmart,0,0.26
469,477,50,2026-05-20 22:50:03.181296,BestBuy,0,1.0
470,46,190,2026-05-25 08:38:08.181298,Target,0,3.8
471,373,55,2026-05-23 02:58:58.181300,Walmart,0,1.1
472,518,75,2026-05-21 21:58:22.181302,Target,0,1.5
473,99,71,2026-05-19 20:19:57.181304,Amazon,0,1.42
474,892,50,2026-05-26 03:22:35.181306,Walmart,0,1.0
475,745,83,2026-05-21 14:10:48.181308,Amazon,0,1.66
476,37,72,2026-05-19 21:43:33.181310,Amazon,0,1.44
477,280,58,2026-05-24 07:21:29.181312,Amazon,0,1.16
478,349,33,2026-05-23 12:10:56.181314,BestBuy,0,0.66
479,497,30,2026-05-21 01:28:56.181316,Amazon,0,0.6
480,302,132,2026-05-22 18:54:53.181318,Amazon,0,2.64
481,181,2,2026-05-21 08:21:26.181320,Target,0,0.04
482,607,83,2026-05-22 09:48:00.181322,BestBuy,0,1.66
483,99,161,2026-05-20 13:52:08.181324,BestBuy,0,3.22
484,700,92,2026-05-26 02:37:58.181326,BestBuy,0,1.84
485,993,67,2026-05-22 23:53:59.181328,BestBuy,0,1.34
486,116,37,2026-05-24 22:48:16.181330,Amazon,0,0.74
487,191,78,2026-05-24 07:45:05.181332,Target,0,1.56
488,253,168,2026-05-22 08:30:58.181334,Amazon,0,3.36
489,981,157,2026-05-25 15:20:08.181336,Amazon,0,3.14
490,928,77,2026-05-23 07:38:14.181338,BestBuy,0,1.54
491,983,139,2026-05-20 07:42:38.181340,BestBuy,0,2.78
492,161,66,2026-05-24 03:52:37.181342,Walmart,0,1.32
493,256,51,2026-05-23 00:39:08.181344,Target,0,1.02
494,323,126,2026-05-21 15:38:12.181346,BestBuy,0,2.52
495,128,198,2026-05-26 00:14:45.181347,BestBuy,0,3.96
496,18,208,2026-05-22 19:42:00.181349,Amazon,0,4.16
497,793,96,2026-05-22 18:15:19.181351,Amazon,0,1.92
498,735,33,2026-05-26 05:49:49.181354,Amazon,0,0.66
499,566,7,2026-05-20 16:05:19.181356,BestBuy,0,0.14
500,570,39,2026-05-24 14:38:10.181358,Target,0,0.78
501,323,88,2026-05-21 05:57:08.181360,BestBuy,0,1.76
502,872,167,2026-05-26 01:55:46.181361,BestBuy,0,3.34
503,686,27,2026-05-22 07:08:34.181363,Target,0,0.54
504,792,86,2026-05-23 14:54:55.181365,BestBuy,0,1.72
505,626,72,2026-05-25 07:31:38.181367,BestBuy,0,1.44
506,288,63,2026-05-25 01:46:47.181370,Target,0,1.26
507,943,83,2026-05-20 03:17:16.181372,BestBuy,0,1.66
508,854,256,2026-05-20 12:16:46.181373,Walmart,0,5.12
509,663,75,2026-05-24 05:10:36.181375,Walmart,0,1.5
510,962,102,2026-05-20 20:02:10.181377,Amazon,0,2.04
511,639,23,2026-05-25 23:18:36.181379,BestBuy,0,0.46
512,155,181,2026-05-21 15:41:51.181381,Target,0,3.62
513,490,167,2026-05-21 08:20:43.181384,Target,0,3.34
514,386,16,2026-05-24 09:49:39.181386,Walmart,0,0.32
515,986,8,2026-05-24 03:40:43.181388,Amazon,0,0.16
516,785,144,2026-05-22 17:48:41.181389,BestBuy,0,2.88
517,104,110,2026-05-21 11:59:24.181391,Target,0,2.2
518,929,20,2026-05-20 20:24:04.181393,Target,0,0.4
519,393,45,2026-05-26 12:24:43.181395,BestBuy,0,0.9
520,811,69,2026-05-23 01:15:25.181397,Amazon,0,1.38
521,246,33,2026-05-20 22:49:38.181399,Walmart,0,0.66
522,176,44,2026-05-21 18:42:38.181403,BestBuy,0,0.88
523,39,104,2026-05-20 20:15:44.181406,BestBuy,0,2.08
524,477,119,2026-05-25 19:13:03.181408,BestBuy,0,2.38
525,682,116,2026-05-21 18:42:28.181410,Walmart,0,2.32
526,759,157,2026-05-19 14:51:41.181412,Target,0,3.14
527,538,66,2026-05-22 19:58:17.181414,BestBuy,0,1.32
528,867,221,2026-05-25 02:06:56.181416,BestBuy,1,44.2
529,818,68,2026-05-24 17:44:24.181418,BestBuy,0,1.36
530,921,122,2026-05-24 21:16:37.181420,BestBuy,0,2.44
531,408,89,2026-05-22 16:43:24.181421,Amazon,0,1.78
532,525,155,2026-05-21 02:10:22.181423,Amazon,0,3.1
533,828,121,2026-05-21 10:27:31.181425,Amazon,0,2.42
534,506,185,2026-05-22 22:47:21.181427,Target,0,3.7
535,903,97,2026-05-25 21:05:12.181429,BestBuy,0,1.94
536,825,140,2026-05-23 12:40:01.181431,BestBuy,0,2.8
537,36,103,2026-05-25 16:28:52.181433,BestBuy,0,2.06
538,685,291,2026-05-20 03:30:02.181435,BestBuy,1,58.2
539,20,170,2026-05-25 00:35:08.181437,Walmart,0,3.4
540,321,205,2026-05-24 09:47:18.181439,Walmart,0,4.1
541,776,100,2026-05-20 16:28:51.181441,Walmart,0,2.0
542,512,83,2026-05-25 21:24:59.181443,BestBuy,0,1.66
543,400,273,2026-05-19 21:57:32.181446,Walmart,0,5.46
544,654,36,2026-05-20 20:43:48.181447,Walmart,0,0.72
545,972,72,2026-05-21 14:40:40.181449,Target,0,1.44
546,883,30,2026-05-24 16:29:03.181451,Target,0,0.6
547,471,147,2026-05-21 09:13:01.181453,Walmart,0,2.94
548,143,76,2026-05-22 16:11:52.181455,Walmart,0,1.52
549,92,110,2026-05-23 21:41:37.181457,Target,0,2.2
550,354,203,2026-05-22 19:16:04.181459,Walmart,0,4.06
551,834,58,2026-05-26 06:59:03.181461,BestBuy,0,1.16
552,800,84,2026-05-20 01:51:54.181463,Walmart,0,1.68
553,727,42,2026-05-23 03:22:41.181465,BestBuy,0,0.84
554,959,134,2026-05-24 21:16:40.181467,Walmart,0,2.68
555,854,61,2026-05-19 22:25:29.181469,Amazon,0,1.22
556,51,43,2026-05-23 02:40:26.181471,Walmart,0,0.86
557,665,148,2026-05-25 16:36:09.181473,Amazon,0,2.96
558,698,132,2026-05-20 23:29:16.181475,Walmart,0,2.64
559,575,60,2026-05-24 02:03:20.181477,Walmart,0,1.2
560,190,38,2026-05-23 15:20:22.181479,BestBuy,0,0.76
561,125,44,2026-05-23 03:48:18.181481,Target,0,0.88
562,150,218,2026-05-23 06:28:15.181483,Target,0,4.36
563,314,125,2026-05-25 23:08:03.181485,BestBuy,0,2.5
564,570,42,2026-05-24 16:27:02.181487,Target,0,0.84
565,342,96,2026-05-19 23:13:29.181489,Amazon,0,1.92
566,305,46,2026-05-24 10:45:25.181491,Amazon,0,0.92
567,692,169,2026-05-19 16:05:49.181493,Walmart,0,3.38
568,682,166,2026-05-25 11:23:27.181495,Amazon,0,3.32
569,838,60,2026-05-23 03:12:34.181497,Target,0,1.2
570,783,63,2026-05-19 15:57:26.181499,Amazon,0,1.26
571,54,14,2026-05-20 16:11:44.181501,Walmart,0,0.28
572,444,52,2026-05-24 23:13:00.181503,Amazon,0,1.04
573,613,376,2026-05-22 17:48:46.181660,Target,0,7.52
574,993,81,2026-05-23 17:29:26.181692,BestBuy,0,1.62
575,264,140,2026-05-22 23:05:50.181702,Walmart,0,2.8
576,53,31,2026-05-25 05:11:13.181710,BestBuy,0,0.62
577,572,275,2026-05-22 03:40:56.181717,Amazon,0,5.5
578,620,75,2026-05-23 10:06:42.181725,Walmart,0,1.5
579,5,38,2026-05-23 02:36:28.181732,Walmart,0,0.76
580,103,138,2026-05-23 01:27:17.181739,Amazon,0,2.76
581,196,298,2026-05-23 11:15:33.181746,Walmart,0,5.96
582,774,132,2026-05-19 21:53:40.181754,Amazon,0,2.64
583,877,239,2026-05-22 01:48:58.181761,BestBuy,1,47.8
584,992,101,2026-05-25 03:46:09.181768,BestBuy,0,2.02
585,884,28,2026-05-21 10:33:13.181775,Target,0,0.56
586,350,14,2026-05-25 00:55:16.181782,Target,0,0.28
587,47,79,2026-05-24 01:24:24.181789,Amazon,0,1.58
588,867,13,2026-05-22 18:41:17.181796,Amazon,0,0.26
589,823,66,2026-05-24 01:16:46.181805,BestBuy,0,1.32
590,936,74,2026-05-22 13:47:04.181811,Walmart,0,1.48
591,820,31,2026-05-20 05:52:10.181817,Amazon,0,0.62
592,656,7,2026-05-20 16:16:27.181824,Walmart,0,0.14
593,269,88,2026-05-22 02:38:24.181830,Target,0,1.76
594,370,28,2026-05-23 02:03:30.181866,BestBuy,0,0.56
595,636,89,2026-05-25 08:52:55.181874,Amazon,0,1.78
596,106,67,2026-05-21 07:53:27.181881,Target,0,1.34
597,670,37,2026-05-25 02:49:43.181887,Amazon,0,0.74
598,659,24,2026-05-22 20:52:21.181893,Target,0,0.48
599,657,204,2026-05-26 09:03:35.181899,BestBuy,1,40.8
600,120,138,2026-05-20 23:23:20.181906,Amazon,0,2.76
601,831,141,2026-05-25 17:27:43.181912,Amazon,0,2.82
602,787,208,2026-05-26 01:27:15.181918,Walmart,0,4.16
603,604,131,2026-05-20 17:31:24.181924,Walmart,0,2.62
604,58,102,2026-05-24 19:54:08.181931,Amazon,0,2.04
605,951,69,2026-05-22 17:52:14.181937,BestBuy,0,1.38
606,346,47,2026-05-25 16:05:19.181943,Walmart,0,0.94
607,741,63,2026-05-19 17:30:51.181949,Amazon,0,1.26
608,474,43,2026-05-25 23:19:27.181955,Amazon,0,0.86
609,117,83,2026-05-26 09:19:20.181961,Target,0,1.66
610,830,177,2026-05-25 03:53:47.181967,BestBuy,0,3.54
611,791,105,2026-05-23 12:12:20.181973,Walmart,0,2.1
612,127,88,2026-05-20 18:26:52.181979,Walmart,0,1.76
613,393,112,2026-05-23 17:06:54.181985,Target,0,2.24
614,908,84,2026-05-20 19:28:01.181991,Amazon,0,1.68
615,641,146,2026-05-24 01:39:38.181997,Walmart,0,2.92
616,58,39,2026-05-19 16:29:24.182003,Amazon,0,0.78
617,634,11,2026-05-26 13:21:17.182009,Walmart,0,0.22
618,513,74,2026-05-23 10:50:25.182016,Walmart,0,1.48
619,751,115,2026-05-23 19:49:15.182022,Amazon,0,2.3
620,802,13,2026-05-22 09:10:11.182029,Amazon,0,0.26
621,96,99,2026-05-20 22:17:57.182035,Walmart,0,1.98
622,638,161,2026-05-23 13:40:09.182042,Target,0,3.22
623,118,33,2026-05-22 08:15:40.182048,Target,0,0.66
624,560,126,2026-05-19 14:20:18.182054,Target,0,2.52
625,601,24,2026-05-24 16:50:22.182060,Target,0,0.48
626,488,194,2026-05-26 13:35:02.182067,Target,0,3.88
627,237,25,2026-05-26 07:19:27.182075,Amazon,0,0.5
628,885,72,2026-05-26 02:27:45.182081,Walmart,0,1.44
629,897,134,2026-05-20 20:16:58.182088,Target,0,2.68
630,272,71,2026-05-20 04:36:02.182094,BestBuy,0,1.42
631,189,1,2026-05-24 04:33:49.182100,Walmart,0,0.02
632,999,88,2026-05-22 10:16:45.182106,BestBuy,0,1.76
633,704,34,2026-05-23 16:43:55.182112,Amazon,0,0.68
634,447,40,2026-05-24 17:47:16.182118,Walmart,0,0.8
635,581,156,2026-05-20 22:25:47.182124,Amazon,0,3.12
636,790,225,2026-05-23 14:23:40.182130,BestBuy,1,45.0
637,861,104,2026-05-25 07:43:07.182136,Walmart,0,2.08
638,247,97,2026-05-24 17:00:59.182142,Walmart,0,1.94
639,963,3,2026-05-20 18:08:29.182148,Amazon,0,0.06
640,76,299,2026-05-25 20:24:26.182154,Walmart,0,5.98
641,154,94,2026-05-20 14:54:37.182160,BestBuy,0,1.88
642,656,100,2026-05-19 23:12:00.182166,Amazon,0,2.0
643,435,50,2026-05-21 03:49:32.182172,BestBuy,0,1.0
644,997,92,2026-05-24 23:56:01.182178,Walmart,0,1.84
645,86,162,2026-05-21 19:30:34.182184,BestBuy,0,3.24
646,697,253,2026-05-22 08:40:52.182190,Walmart,0,5.06
647,285,99,2026-05-26 03:15:40.182196,BestBuy,0,1.98
648,974,10,2026-05-20 14:00:48.182202,BestBuy,0,0.2
649,220,61,2026-05-26 01:04:46.182208,Target,0,1.22
650,69,72,2026-05-23 17:12:14.182215,Walmart,0,1.44
651,47,197,2026-05-23 12:19:17.182221,Target,0,3.94
652,94,68,2026-05-20 21:48:32.182227,Target,0,1.36
653,750,326,2026-05-26 12:24:31.182233,Amazon,0,6.52
654,958,38,2026-05-22 20:14:12.182239,Amazon,0,0.76
655,453,30,2026-05-25 10:55:14.182245,BestBuy,0,0.6
656,204,138,2026-05-24 22:16:35.182251,Walmart,0,2.76
657,912,82,2026-05-20 01:35:47.182262,Amazon,0,1.64
658,218,37,2026-05-22 08:10:08.182269,Target,0,0.74
659,474,23,2026-05-19 14:56:13.182275,Walmart,0,0.46
660,432,64,2026-05-25 23:36:58.182281,BestBuy,0,1.28
661,341,273,2026-05-23 09:44:29.182288,BestBuy,1,54.6
662,551,17,2026-05-21 08:56:09.182294,Amazon,0,0.34
663,612,91,2026-05-25 03:12:36.182300,Amazon,0,1.82
664,289,69,2026-05-25 21:24:12.182306,Amazon,0,1.38
665,254,57,2026-05-21 13:06:05.182312,BestBuy,0,1.14
666,734,189,2026-05-22 23:50:00.182319,Target,0,3.78
667,357,198,2026-05-20 05:57:33.182325,Amazon,0,3.96
668,23,56,2026-05-24 07:13:20.182331,BestBuy,0,1.12
669,762,101,2026-05-23 18:37:47.182337,Walmart,0,2.02
670,522,189,2026-05-20 16:09:41.182343,BestBuy,0,3.78
671,758,126,2026-05-23 12:03:26.182349,Walmart,0,2.52
672,837,61,2026-05-24 05:53:28.182357,Walmart,0,1.22
673,100,434,2026-05-25 14:13:26.182362,Target,0,8.68
674,802,239,2026-05-24 15:13:25.182371,Amazon,0,4.78
675,180,32,2026-05-24 04:15:11.182377,Walmart,0,0.64
676,223,132,2026-05-21 16:26:54.182383,Amazon,0,2.64
677,906,16,2026-05-23 13:57:09.182390,BestBuy,0,0.32
678,762,48,2026-05-23 06:02:46.182396,Amazon,0,0.96
679,659,38,2026-05-22 18:23:36.182402,BestBuy,0,0.76
680,442,205,2026-05-23 14:11:47.182409,Walmart,0,4.1
681,608,175,2026-05-26 09:27:03.182415,Target,0,3.5
682,769,65,2026-05-19 23:25:39.182421,Walmart,0,1.3
683,325,42,2026-05-23 17:45:05.182426,BestBuy,0,0.84
684,516,44,2026-05-21 18:14:59.182433,Walmart,0,0.88
685,16,20,2026-05-20 19:48:40.182439,Target,0,0.4
686,792,64,2026-05-25 13:33:55.182445,Amazon,0,1.28
687,336,117,2026-05-22 15:30:18.182451,BestBuy,0,2.34
688,759,41,2026-05-22 14:16:12.182458,Amazon,0,0.82
689,258,159,2026-05-21 12:24:26.182464,Target,0,3.18
690,497,98,2026-05-21 19:42:26.182470,Walmart,0,1.96
691,988,88,2026-05-26 03:15:39.182476,Target,0,1.76
692,896,55,2026-05-22 00:39:54.182482,BestBuy,0,1.1
693,160,179,2026-05-24 19:25:02.182488,BestBuy,0,3.58
694,475,93,2026-05-21 18:51:40.182494,Walmart,0,1.86
695,852,81,2026-05-24 17:53:32.182501,BestBuy,0,1.62
696,664,72,2026-05-22 01:42:52.182507,Target,0,1.44
697,908,39,2026-05-21 02:45:33.182513,BestBuy,0,0.78
698,690,124,2026-05-25 22:47:04.182519,Amazon,0,2.48
699,675,112,2026-05-25 06:26:25.182526,Target,0,2.24
700,380,52,2026-05-24 13:34:16.182531,Target,0,1.04
701,545,115,2026-05-22 12:03:42.182537,BestBuy,0,2.3
702,929,134,2026-05-24 16:20:01.182544,Walmart,0,2.68
703,957,51,2026-05-21 20:26:20.182550,Walmart,0,1.02
704,691,107,2026-05-23 18:19:14.182556,Walmart,0,2.14
705,427,59,2026-05-23 10:26:38.182562,BestBuy,0,1.18
706,613,58,2026-05-24 20:14:50.182568,BestBuy,0,1.16
707,268,93,2026-05-26 01:25:46.182574,BestBuy,0,1.86
708,835,48,2026-05-21 09:32:49.182581,Target,0,0.96
709,577,86,2026-05-19 14:02:45.182587,Target,0,1.72
710,417,116,2026-05-23 01:45:43.182593,BestBuy,0,2.32
711,168,20,2026-05-20 14:38:31.182599,Walmart,0,0.4
712,842,135,2026-05-24 07:47:32.182605,Amazon,0,2.7
713,43,192,2026-05-25 13:52:42.182611,Walmart,0,3.84
714,556,113,2026-05-21 23:14:53.182617,Target,0,2.26
715,285,146,2026-05-25 20:09:10.182623,Target,0,2.92
716,397,14,2026-05-26 04:16:32.182629,Walmart,0,0.28
717,12,315,2026-05-22 04:47:13.182636,Walmart,0,6.3
718,607,181,2026-05-22 03:44:11.182642,Target,0,3.62
719,302,96,2026-05-23 12:58:36.182648,Target,0,1.92
720,898,175,2026-05-26 12:43:00.182655,BestBuy,0,3.5
721,253,30,2026-05-22 23:51:26.182661,Amazon,0,0.6
722,499,61,2026-05-23 10:04:09.182667,BestBuy,0,1.22
723,754,63,2026-05-21 00:06:07.182673,BestBuy,0,1.26
724,35,20,2026-05-19 15:40:59.182679,Walmart,0,0.4
725,727,206,2026-05-20 04:26:05.182685,Walmart,0,4.12
726,849,100,2026-05-23 19:39:45.182692,Amazon,0,2.0
727,90,194,2026-05-24 20:38:55.182698,BestBuy,0,3.88
728,776,93,2026-05-20 21:18:30.182704,BestBuy,0,1.86
729,605,59,2026-05-23 13:13:35.182710,Target,0,1.18
730,922,86,2026-05-20 09:49:18.182716,Target,0,1.72
731,970,47,2026-05-20 15:42:11.182722,Amazon,0,0.94
732,602,122,2026-05-23 05:25:39.182728,Walmart,0,2.44
733,418,124,2026-05-23 13:44:22.182734,Target,0,2.48
734,115,40,2026-05-26 01:11:46.182740,Amazon,0,0.8
735,617,143,2026-05-22 13:18:41.182746,BestBuy,0,2.86
736,903,142,2026-05-20 20:58:08.182752,Amazon,0,2.84
737,196,57,2026-05-23 12:45:09.182787,Amazon,0,1.14
738,826,72,2026-05-20 18:23:05.182794,Target,0,1.44
739,501,126,2026-05-24 17:54:21.182800,Target,0,2.52
740,626,26,2026-05-24 03:53:13.182806,BestBuy,0,0.52
741,493,164,2026-05-23 23:01:13.182812,BestBuy,0,3.28
742,75,162,2026-05-24 11:27:56.182822,BestBuy,0,3.24
743,413,152,2026-05-26 10:28:48.182829,Amazon,0,3.04
744,376,55,2026-05-19 16:20:16.182835,Amazon,0,1.1
745,420,154,2026-05-22 12:57:47.182841,Target,0,3.08
746,729,70,2026-05-19 22:05:01.182848,BestBuy,0,1.4
747,277,178,2026-05-25 05:01:40.182854,Target,0,3.56
748,761,38,2026-05-24 01:52:24.182860,BestBuy,0,0.76
749,676,99,2026-05-25 03:52:01.182866,BestBuy,0,1.98
750,394,25,2026-05-25 02:54:04.182872,Target,0,0.5
751,869,50,2026-05-25 12:50:47.182878,Target,0,1.0
752,457,45,2026-05-19 23:56:47.182884,Target,0,0.9
753,920,49,2026-05-25 13:31:12.182891,BestBuy,0,0.98
754,192,40,2026-05-20 01:05:47.182897,Amazon,0,0.8
755,739,56,2026-05-25 12:47:38.182903,Target,0,1.12
756,689,39,2026-05-24 15:34:09.182910,Target,0,0.78
757,99,190,2026-05-22 14:07:10.182916,Amazon,0,3.8
758,548,23,2026-05-22 04:35:28.182922,Amazon,0,0.46
759,978,77,2026-05-24 04:51:47.182928,Walmart,0,1.54
760,999,87,2026-05-25 00:56:40.182935,Target,0,1.74
761,96,41,2026-05-23 22:05:23.182941,Walmart,0,0.82
762,664,79,2026-05-21 01:27:39.182950,Walmart,0,1.58
763,663,190,2026-05-23 02:35:03.182956,Amazon,0,3.8
764,190,193,2026-05-22 19:43:02.182963,BestBuy,0,3.86
765,736,77,2026-05-25 09:22:12.182968,BestBuy,0,1.54
766,37,92,2026-05-25 10:48:29.182973,Amazon,0,1.84
767,780,211,2026-05-21 19:58:39.182978,Walmart,0,4.22
768,369,108,2026-05-24 22:22:55.182983,Walmart,0,2.16
769,695,163,2026-05-24 18:25:52.182988,Walmart,0,3.26
770,525,23,2026-05-19 18:03:26.182993,Walmart,0,0.46
771,279,39,2026-05-20 23:15:15.182999,Target,0,0.78
772,217,26,2026-05-20 03:35:24.183004,Walmart,0,0.52
773,867,225,2026-05-22 10:23:02.183009,Amazon,0,4.5
774,873,36,2026-05-25 00:03:53.183014,Walmart,0,0.72
775,798,88,2026-05-25 10:24:59.183019,Walmart,0,1.76
776,273,103,2026-05-26 11:55:34.183024,Amazon,0,2.06
777,881,66,2026-05-22 11:01:15.183029,Walmart,0,1.32
778,62,28,2026-05-21 04:33:35.183034,BestBuy,0,0.56
779,596,228,2026-05-19 16:51:40.183039,Amazon,0,4.56
780,880,110,2026-05-25 16:03:33.183044,Target,0,2.2
781,729,156,2026-05-23 18:43:39.183049,Target,0,3.12
782,342,78,2026-05-23 22:47:30.183054,Amazon,0,1.56
783,397,48,2026-05-23 01:36:07.183059,Target,0,0.96
784,699,207,2026-05-25 00:58:32.183064,Target,0,4.14
785,19,49,2026-05-25 10:47:35.183069,Target,0,0.98
786,177,73,2026-05-25 10:08:47.183074,Amazon,0,1.46
787,612,84,2026-05-20 12:25:37.183079,Walmart,0,1.68
788,396,47,2026-05-25 00:57:09.183084,Target,0,0.94
789,445,142,2026-05-25 10:10:04.183089,BestBuy,0,2.84
790,233,165,2026-05-19 15:25:35.183094,Walmart,0,3.3
791,915,78,2026-05-19 16:35:52.183099,Walmart,0,1.56
792,76,38,2026-05-22 06:37:50.183104,Target,0,0.76
793,265,20,2026-05-21 13:09:19.183109,Target,0,0.4
794,455,70,2026-05-21 01:21:32.183114,Walmart,0,1.4
795,796,169,2026-05-23 07:03:06.183119,Target,0,3.38
796,718,67,2026-05-25 06:03:19.183125,Amazon,0,1.34
797,735,177,2026-05-20 04:25:57.183130,Amazon,0,3.54
798,384,271,2026-05-19 23:11:49.183135,Target,0,5.42
799,564,166,2026-05-26 05:57:24.183140,Walmart,0,3.32
800,851,59,2026-05-21 02:22:45.183145,Target,0,1.18
801,506,30,2026-05-24 06:42:02.183149,BestBuy,0,0.6
802,367,90,2026-05-24 02:23:35.183155,Amazon,0,1.8
803,144,299,2026-05-21 13:48:15.183159,Walmart,0,5.98
804,885,64,2026-05-21 13:50:07.183164,BestBuy,0,1.28
805,69,9,2026-05-22 06:36:31.183169,Target,0,0.18
806,99,54,2026-05-19 21:10:45.183175,Amazon,0,1.08
807,396,184,2026-05-19 14:40:16.183180,BestBuy,0,3.68
808,25,201,2026-05-25 22:57:15.183185,Walmart,0,4.02
809,948,32,2026-05-24 10:59:33.183190,Amazon,0,0.64
810,891,32,2026-05-21 22:33:24.183195,Target,0,0.64
811,469,139,2026-05-20 16:52:30.183200,Target,0,2.78
812,484,27,2026-05-21 18:39:54.183205,Amazon,0,0.54
813,565,36,2026-05-21 23:24:38.183210,BestBuy,0,0.72
814,151,229,2026-05-22 14:18:42.183215,Amazon,0,4.58
815,144,104,2026-05-22 12:38:31.183220,Amazon,0,2.08
816,569,46,2026-05-19 13:44:45.183225,Amazon,0,0.92
817,39,109,2026-05-24 18:48:38.183230,BestBuy,0,2.18
818,109,29,2026-05-25 11:08:03.183236,Amazon,0,0.58
819,693,141,2026-05-23 11:22:52.183241,Walmart,0,2.82
820,42,39,2026-05-25 04:04:24.183246,Target,0,0.78
821,186,42,2026-05-21 18:34:40.183251,BestBuy,0,0.84
822,935,236,2026-05-25 12:23:01.183256,Walmart,0,4.72
823,398,142,2026-05-25 06:34:26.183261,Amazon,0,2.84
824,223,23,2026-05-20 19:12:46.183267,Walmart,0,0.46
825,634,128,2026-05-23 22:23:59.183273,BestBuy,0,2.56
826,133,18,2026-05-24 10:32:30.183278,Target,0,0.36
827,163,169,2026-05-25 01:03:55.183286,BestBuy,0,3.38
828,215,135,2026-05-25 17:24:44.183292,Amazon,0,2.7
829,733,193,2026-05-20 10:57:11.183297,Amazon,0,3.86
830,235,71,2026-05-24 18:17:54.183302,Target,0,1.42
831,843,66,2026-05-21 09:45:54.183307,BestBuy,0,1.32
832,658,13,2026-05-23 02:51:01.183311,BestBuy,0,0.26
833,751,7,2026-05-24 14:45:36.183317,BestBuy,0,0.14
834,588,191,2026-05-23 12:49:21.183322,Walmart,0,3.82
835,9,54,2026-05-25 12:30:22.183328,Target,0,1.08
836,74,14,2026-05-20 22:37:43.183332,BestBuy,0,0.28
837,954,30,2026-05-26 09:41:21.183337,Target,0,0.6
838,492,17,2026-05-21 18:35:36.183342,Walmart,0,0.34
839,913,64,2026-05-19 16:39:36.183348,BestBuy,0,1.28
840,253,84,2026-05-22 18:16:12.183353,Walmart,0,1.68
841,230,132,2026-05-21 06:08:11.183358,Amazon,0,2.64
842,519,50,2026-05-21 21:23:57.183363,Amazon,0,1.0
843,174,96,2026-05-20 23:33:01.183368,Amazon,0,1.92
844,653,168,2026-05-26 06:14:26.183373,Target,0,3.36
845,168,34,2026-05-25 05:44:58.183378,BestBuy,0,0.68
846,170,5,2026-05-21 09:11:49.183383,BestBuy,0,0.1
847,393,134,2026-05-22 01:31:08.183388,Walmart,0,2.68
848,946,371,2026-05-20 00:37:51.183394,Walmart,0,7.42
849,795,82,2026-05-20 04:45:24.183399,Amazon,0,1.64
850,634,97,2026-05-20 22:33:38.183403,Target,0,1.94
851,194,78,2026-05-21 03:21:01.183408,Target,0,1.56
852,517,71,2026-05-26 08:24:04.183412,Walmart,0,1.42
853,29,24,2026-05-21 18:53:57.183416,Walmart,0,0.48
854,165,154,2026-05-21 12:38:22.183421,BestBuy,0,3.08
855,422,50,2026-05-22 04:41:19.183426,BestBuy,0,1.0
856,339,34,2026-05-23 05:34:11.183430,Walmart,0,0.68
857,648,119,2026-05-22 07:20:29.183435,BestBuy,0,2.38
858,496,85,2026-05-19 16:58:56.183439,Walmart,0,1.7
859,365,105,2026-05-25 08:15:03.183444,Target,0,2.1
860,833,47,2026-05-21 02:37:25.183448,Amazon,0,0.94
861,342,30,2026-05-19 18:39:49.183452,Walmart,0,0.6
862,500,27,2026-05-25 10:43:15.183472,Walmart,0,0.54
863,657,102,2026-05-20 19:26:40.183478,BestBuy,0,2.04
864,511,60,2026-05-20 01:14:52.183482,Walmart,0,1.2
865,327,42,2026-05-25 19:27:41.183487,Target,0,0.84
866,217,93,2026-05-20 06:16:21.183491,Amazon,0,1.86
867,301,24,2026-05-22 10:35:33.183496,BestBuy,0,0.48
868,132,78,2026-05-24 20:29:05.183500,Target,0,1.56
869,804,198,2026-05-24 12:55:20.183505,Amazon,0,3.96
870,70,388,2026-05-20 01:05:02.183510,BestBuy,1,77.6
871,252,134,2026-05-24 02:43:27.183514,Target,0,2.68
872,415,184,2026-05-23 14:41:03.183518,Walmart,0,3.68
873,787,92,2026-05-25 18:36:49.183523,BestBuy,0,1.84
874,445,56,2026-05-20 12:48:42.183527,Walmart,0,1.12
875,876,40,2026-05-25 05:50:22.183532,BestBuy,0,0.8
876,182,84,2026-05-21 12:29:41.183536,Amazon,0,1.68
877,167,41,2026-05-22 03:12:12.183541,BestBuy,0,0.82
878,91,35,2026-05-25 20:12:21.183545,BestBuy,0,0.7
879,714,9,2026-05-19 13:51:49.183550,Target,0,0.18
880,858,89,2026-05-20 22:04:05.183554,BestBuy,0,1.78
881,531,68,2026-05-23 11:10:53.183559,Amazon,0,1.36
882,39,92,2026-05-20 08:12:03.183564,Target,0,1.84
883,126,297,2026-05-26 09:36:15.183568,Walmart,0,5.94
884,451,29,2026-05-22 10:38:55.183573,BestBuy,0,0.58
885,173,40,2026-05-24 04:24:43.183577,Amazon,0,0.8
886,653,159,2026-05-24 14:41:15.183582,Amazon,0,3.18
887,754,175,2026-05-23 11:54:18.183586,BestBuy,0,3.5
888,220,52,2026-05-23 18:00:36.183590,BestBuy,0,1.04
889,638,90,2026-05-21 03:45:21.183595,Walmart,0,1.8
890,58,105,2026-05-21 10:00:03.183599,Walmart,0,2.1
891,660,59,2026-05-23 20:53:04.183604,Walmart,0,1.18
892,476,41,2026-05-20 20:37:57.183608,Walmart,0,0.82
893,456,24,2026-05-23 15:18:03.183613,Walmart,0,0.48
894,829,76,2026-05-21 11:10:08.183617,Walmart,0,1.52
895,895,146,2026-05-22 00:36:16.183622,Target,0,2.92
896,361,146,2026-05-21 07:16:53.183626,Target,0,2.92
897,935,39,2026-05-21 09:20:12.183631,Amazon,0,0.78
898,1,44,2026-05-24 20:35:47.183635,Target,0,0.88
899,387,145,2026-05-23 00:30:02.183639,BestBuy,0,2.9
900,973,204,2026-05-20 10:37:43.183644,BestBuy,1,40.8
901,348,68,2026-05-26 09:07:58.183648,BestBuy,0,1.36
902,190,119,2026-05-22 13:04:29.183653,Amazon,0,2.38
903,505,57,2026-05-25 23:26:12.183657,Target,0,1.14
904,191,221,2026-05-25 23:52:22.183662,BestBuy,1,44.2
905,508,111,2026-05-25 17:59:24.183666,Target,0,2.22
906,369,119,2026-05-24 19:27:47.183671,BestBuy,0,2.38
907,409,115,2026-05-21 23:50:14.183675,Walmart,0,2.3
908,824,86,2026-05-20 12:34:56.183680,Target,0,1.72
909,929,93,2026-05-22 03:12:15.183684,Target,0,1.86
910,934,179,2026-05-22 05:51:38.183689,BestBuy,0,3.58
911,117,43,2026-05-23 03:06:45.183693,Target,0,0.86
912,134,90,2026-05-23 01:27:45.183698,Walmart,0,1.8
913,58,66,2026-05-25 19:39:06.183706,BestBuy,0,1.32
914,556,150,2026-05-24 21:45:50.183711,Walmart,0,3.0
915,685,120,2026-05-23 17:18:57.183715,BestBuy,0,2.4
916,672,47,2026-05-23 00:18:53.183720,Target,0,0.94
917,173,87,2026-05-25 21:20:42.183724,BestBuy,0,1.74
918,829,65,2026-05-22 08:46:30.183729,Amazon,0,1.3
919,815,81,2026-05-19 23:12:11.183733,BestBuy,0,1.62
920,149,46,2026-05-22 22:49:31.183738,Target,0,0.92
921,80,48,2026-05-22 09:52:14.183742,Walmart,0,0.96
922,886,23,2026-05-24 05:44:08.183747,Walmart,0,0.46
923,213,47,2026-05-22 09:10:30.183751,Amazon,0,0.94
924,203,174,2026-05-20 17:31:02.183755,BestBuy,0,3.48
925,764,183,2026-05-23 03:07:15.183760,BestBuy,0,3.66
926,229,40,2026-05-21 17:49:32.183764,Walmart,0,0.8
927,676,10,2026-05-22 06:11:52.183769,Walmart,0,0.2
928,227,41,2026-05-24 23:17:33.183773,Target,0,0.82
929,659,59,2026-05-22 13:59:30.183778,Amazon,0,1.18
930,532,93,2026-05-21 07:39:33.183782,Walmart,0,1.86
931,441,198,2026-05-20 11:09:37.183787,BestBuy,0,3.96
932,402,90,2026-05-24 06:24:20.183791,Walmart,0,1.8
933,47,88,2026-05-21 01:47:41.183796,Target,0,1.76
934,233,130,2026-05-24 09:20:13.183800,BestBuy,0,2.6
935,305,44,2026-05-23 21:23:00.183805,Target,0,0.88
936,526,88,2026-05-23 16:44:27.183810,Target,0,1.76
937,143,103,2026-05-21 20:38:33.183814,Target,0,2.06
938,415,142,2026-05-23 06:49:14.183819,Amazon,0,2.84
939,513,121,2026-05-20 02:29:30.183823,BestBuy,0,2.42
940,373,186,2026-05-19 23:02:53.183828,BestBuy,0,3.72
941,566,53,2026-05-20 17:24:08.183832,Target,0,1.06
942,886,97,2026-05-25 08:16:58.183836,Amazon,0,1.94
943,259,3,2026-05-22 02:02:31.183841,Walmart,0,0.06
944,656,54,2026-05-24 16:35:12.183845,BestBuy,0,1.08
945,471,43,2026-05-20 18:58:29.183850,Walmart,0,0.86
946,953,152,2026-05-26 11:55:43.183854,BestBuy,0,3.04
947,971,88,2026-05-21 01:16:35.183859,Target,0,1.76
948,12,107,2026-05-23 06:39:58.183863,BestBuy,0,2.14
949,330,62,2026-05-23 06:48:31.183868,Target,0,1.24
950,736,119,2026-05-21 16:50:24.183872,BestBuy,0,2.38
951,784,126,2026-05-25 19:55:36.183876,Target,0,2.52
952,968,53,2026-05-21 01:25:17.183881,Walmart,0,1.06
953,358,63,2026-05-25 14:25:58.183886,Walmart,0,1.26
954,972,70,2026-05-25 19:31:25.183890,Walmart,0,1.4
955,408,85,2026-05-22 01:55:12.183894,BestBuy,0,1.7
956,668,28,2026-05-24 23:01:14.183899,Amazon,0,0.56
957,373,32,2026-05-23 22:46:12.183903,Walmart,0,0.64
958,8,70,2026-05-22 07:41:59.183908,BestBuy,0,1.4
959,122,176,2026-05-24 02:24:30.183912,Target,0,3.52
960,348,136,2026-05-22 22:03:56.183916,Amazon,0,2.72
961,676,35,2026-05-26 11:49:50.183921,Amazon,0,0.7
962,90,122,2026-05-22 09:35:01.183925,Amazon,0,2.44
963,648,42,2026-05-20 13:07:41.183930,Walmart,0,0.84
964,698,37,2026-05-23 22:02:20.183934,Walmart,0,0.74
965,316,130,2026-05-26 06:25:26.183939,Walmart,0,2.6
966,178,40,2026-05-20 19:35:55.183943,Walmart,0,0.8
967,540,34,2026-05-20 12:56:20.183948,Target,0,0.68
968,732,85,2026-05-21 11:17:04.183952,BestBuy,0,1.7
969,869,47,2026-05-21 15:29:14.183957,Amazon,0,0.94
970,41,14,2026-05-23 15:23:35.183961,BestBuy,0,0.28
971,740,58,2026-05-22 21:05:00.183966,Amazon,0,1.16
972,704,32,2026-05-19 17:34:23.183970,Amazon,0,0.64
973,923,84,2026-05-23 17:55:59.183975,Amazon,0,1.68
974,502,290,2026-05-21 02:04:55.183983,Amazon,0,5.8
975,959,269,2026-05-25 18:00:02.183988,Target,0,5.38
976,145,192,2026-05-24 09:43:02.183993,Target,0,3.84
977,201,81,2026-05-21 10:30:55.183998,Amazon,0,1.62
978,929,78,2026-05-19 17:22:25.184002,Amazon,0,1.56
979,724,108,2026-05-26 09:20:32.184006,Walmart,0,2.16
980,461,26,2026-05-22 08:08:19.184011,Amazon,0,0.52
981,732,67,2026-05-22 22:20:53.184015,BestBuy,0,1.34
982,752,98,2026-05-26 00:11:30.184020,Target,0,1.96
983,925,158,2026-05-21 01:30:49.184024,BestBuy,0,3.16
984,909,19,2026-05-19 14:37:06.184029,Walmart,0,0.38
985,558,399,2026-05-20 11:37:06.184033,Target,0,7.98
986,547,92,2026-05-23 08:54:31.184038,Walmart,0,1.84
987,253,53,2026-05-25 03:09:12.184042,Walmart,0,1.06
988,390,70,2026-05-23 10:33:43.184047,BestBuy,0,1.4
989,594,100,2026-05-24 13:05:24.184051,Amazon,0,2.0
990,883,6,2026-05-23 00:44:46.184056,Target,0,0.12
991,256,59,2026-05-21 15:43:50.184060,Target,0,1.18
992,709,141,2026-05-23 15:03:20.184065,Amazon,0,2.82
993,815,33,2026-05-24 06:59:45.184069,BestBuy,0,0.66
994,921,305,2026-05-25 16:04:21.184074,Walmart,0,6.1
995,450,95,2026-05-19 14:37:50.184078,BestBuy,0,1.9
996,10,28,2026-05-20 18:28:26.184083,Walmart,0,0.56
997,824,34,2026-05-21 09:30:33.184090,Target,0,0.68
998,798,136,2026-05-21 09:19:49.184095,Amazon,0,2.72
999,242,110,2026-05-22 00:05:56.184099,Amazon,0,2.2
1000,251,108,2026-05-23 21:45:10.184104,Target,0,2.16
1001,877,90,2026-05-25 21:27:12.184108,Walmart,0,1.8
1002,5,94,2026-05-21 21:14:19.184113,BestBuy,0,1.88
1003,119,117,2026-05-21 17:44:25.184117,Walmart,0,2.34
1004,801,129,2026-05-25 14:30:09.184122,Amazon,0,2.58
1005,374,91,2026-05-22 07:19:18.184126,BestBuy,0,1.82
1006,65,77,2026-05-22 15:26:16.184131,BestBuy,0,1.54
1007,146,37,2026-05-20 07:43:55.184136,Walmart,0,0.74
1008,224,82,2026-05-25 01:28:36.184140,Walmart,0,1.64
1009,239,78,2026-05-21 19:43:40.184145,Walmart,0,1.56
1010,177,96,2026-05-22 01:35:21.184149,BestBuy,0,1.92
1011,779,57,2026-05-20 12:20:25.184153,Target,0,1.14
1012,853,90,2026-05-22 17:05:57.184158,BestBuy,0,1.8
1013,282,89,2026-05-24 02:20:18.184162,Amazon,0,1.78
1014,63,90,2026-05-22 09:14:57.184168,Target,0,1.8
1015,217,34,2026-05-24 02:06:21.184174,Target,0,0.68
1016,854,25,2026-05-26 02:32:04.184178,Walmart,0,0.5
1017,827,247,2026-05-25 23:00:11.184183,BestBuy,1,49.4
1018,795,137,2026-05-21 05:04:35.184188,Amazon,0,2.74
1019,689,69,2026-05-20 13:17:38.184193,BestBuy,0,1.38
1020,461,84,2026-05-25 21:50:34.184198,Walmart,0,1.68
1021,929,60,2026-05-21 07:05:54.184202,BestBuy,0,1.2
1022,610,97,2026-05-21 17:52:59.184206,Amazon,0,1.94
1023,105,95,2026-05-24 02:38:23.184211,Walmart,0,1.9
1024,99,97,2026-05-22 18:09:07.184215,BestBuy,0,1.94
1025,511,37,2026-05-23 18:49:20.184220,Amazon,0,0.74
1026,385,121,2026-05-25 07:11:08.184225,Amazon,0,2.42
1027,405,89,2026-05-22 07:45:45.184229,Walmart,0,1.78
1028,823,94,2026-05-24 05:22:42.184234,Walmart,0,1.88
1029,518,3,2026-05-19 15:34:46.184238,Target,0,0.06
1030,476,48,2026-05-24 20:30:36.184243,Target,0,0.96
1031,977,135,2026-05-25 04:08:48.184247,Amazon,0,2.7
1032,709,94,2026-05-26 01:51:31.184252,Walmart,0,1.88
1033,863,165,2026-05-20 08:18:10.184256,Walmart,0,3.3
1034,645,125,2026-05-25 16:27:48.184261,BestBuy,0,2.5
1035,870,82,2026-05-23 12:45:11.184265,BestBuy,0,1.64
1036,771,128,2026-05-25 14:25:39.184269,BestBuy,0,2.56
1037,437,9,2026-05-26 12:31:44.184274,BestBuy,0,0.18
1038,23,185,2026-05-26 00:45:40.184278,Target,0,3.7
1039,997,36,2026-05-26 13:25:44.184283,BestBuy,0,0.72
1040,565,35,2026-05-21 18:58:29.184288,Walmart,0,0.7
1041,677,160,2026-05-23 02:13:05.184293,Amazon,0,3.2
1042,714,43,2026-05-26 03:15:44.184298,Amazon,0,0.86
1043,458,20,2026-05-24 03:03:35.184302,Amazon,0,0.4
1044,83,53,2026-05-26 09:58:18.184306,Target,0,1.06
1045,145,0,2026-05-24 21:43:59.184311,Amazon,0,0.0
1046,85,110,2026-05-25 08:14:59.184315,Target,0,2.2
1047,78,110,2026-05-21 19:31:38.184320,Target,0,2.2
1048,457,58,2026-05-22 17:26:26.184324,Amazon,0,1.16
1049,878,215,2026-05-24 20:21:32.184328,Target,0,4.3
1050,1,17,2026-05-20 03:07:22.184333,BestBuy,0,0.34
1051,51,68,2026-05-20 06:29:51.184337,BestBuy,0,1.36
1052,685,94,2026-05-25 16:26:37.184341,BestBuy,0,1.88
1053,717,36,2026-05-21 06:12:10.184346,Target,0,0.72
1054,772,15,2026-05-26 08:50:08.184350,BestBuy,0,0.3
1055,446,97,2026-05-24 04:49:53.184355,Amazon,0,1.94
1056,449,112,2026-05-23 18:17:01.184359,Amazon,0,2.24
1057,881,19,2026-05-19 18:45:27.184364,Target,0,0.38
1058,488,20,2026-05-25 03:32:13.184368,Target,0,0.4
1059,800,193,2026-05-19 21:21:30.184372,BestBuy,0,3.86
1060,34,166,2026-05-19 23:36:18.184377,Walmart,0,3.32
1061,348,56,2026-05-22 20:37:04.184381,Amazon,0,1.12
1062,95,219,2026-05-23 08:33:42.184386,Walmart,0,4.38
1063,72,153,2026-05-20 17:40:22.184390,BestBuy,0,3.06
1064,551,338,2026-05-20 00:32:36.184395,Target,0,6.76
1065,154,70,2026-05-23 07:47:37.184399,BestBuy,0,1.4
1066,250,160,2026-05-22 19:26:59.184403,Walmart,0,3.2
1067,674,185,2026-05-21 21:19:48.184408,BestBuy,0,3.7
1068,438,24,2026-05-20 11:11:51.184412,Target,0,0.48
1069,118,52,2026-05-24 15:07:44.184416,Walmart,0,1.04
1070,771,133,2026-05-24 05:01:20.184421,BestBuy,0,2.66
1071,891,78,2026-05-22 17:59:12.184425,Target,0,1.56
1072,306,56,2026-05-21 04:54:51.184430,BestBuy,0,1.12
1073,268,184,2026-05-24 20:01:11.184434,BestBuy,0,3.68
1074,961,37,2026-05-25 05:53:06.184438,Target,0,0.74
1075,54,52,2026-05-20 08:26:20.184443,Target,0,1.04
1076,236,114,2026-05-24 13:18:40.184447,BestBuy,0,2.28
1077,389,124,2026-05-22 22:12:53.184452,Amazon,0,2.48
1078,990,17,2026-05-19 20:45:35.184456,BestBuy,0,0.34
1079,734,145,2026-05-25 01:29:09.184461,Target,0,2.9
1080,763,51,2026-05-20 15:23:04.184465,Amazon,0,1.02
1081,825,81,2026-05-22 00:02:09.184470,Target,0,1.62
1082,401,126,2026-05-24 21:40:29.184477,BestBuy,0,2.52
1083,624,33,2026-05-23 10:58:45.184482,Walmart,0,0.66
1084,767,201,2026-05-25 19:13:34.184487,Target,0,4.02
1085,303,30,2026-05-21 08:34:36.184491,Target,0,0.6
1086,919,36,2026-05-26 13:07:57.184496,Walmart,0,0.72
1087,207,69,2026-05-22 06:34:25.184500,Target,0,1.38
1088,229,166,2026-05-25 16:14:50.184504,Target,0,3.32
1089,853,88,2026-05-24 06:32:02.184509,Target,0,1.76
1090,910,94,2026-05-26 02:29:17.184513,Walmart,0,1.88
1091,578,32,2026-05-26 04:14:51.184517,BestBuy,0,0.64
1092,75,74,2026-05-22 12:27:35.184522,Target,0,1.48
1093,435,58,2026-05-22 21:42:58.184527,Amazon,0,1.16
1094,103,39,2026-05-20 01:54:33.184531,BestBuy,0,0.78
1095,422,105,2026-05-25 19:40:56.184535,BestBuy,0,2.1
1096,704,94,2026-05-21 18:31:05.184540,Amazon,0,1.88
1097,764,160,2026-05-19 16:31:33.184545,Amazon,0,3.2
1098,738,77,2026-05-19 13:53:57.184549,Amazon,0,1.54
1099,806,78,2026-05-20 15:04:14.184553,Walmart,0,1.56
1100,306,116,2026-05-24 13:04:51.184558,Target,0,2.32
1101,98,138,2026-05-23 01:47:57.184563,BestBuy,0,2.76
1102,850,179,2026-05-20 00:55:45.184570,Amazon,0,3.58
1103,798,26,2026-05-23 18:36:01.184575,Target,0,0.52
1104,335,65,2026-05-25 02:57:38.184579,Target,0,1.3
1105,859,184,2026-05-22 13:07:31.184584,Walmart,0,3.68
1106,435,83,2026-05-23 02:59:02.184588,BestBuy,0,1.66
1107,447,106,2026-05-22 11:38:19.184592,Target,0,2.12
1108,994,33,2026-05-24 19:29:55.184597,Amazon,0,0.66
1109,308,37,2026-05-20 21:36:33.184601,Amazon,0,0.74
1110,249,218,2026-05-24 23:22:30.184606,Walmart,0,4.36
1111,166,305,2026-05-24 09:23:02.184610,Amazon,0,6.1
1112,481,42,2026-05-21 13:33:44.184614,Amazon,0,0.84
1113,984,53,2026-05-20 18:15:36.184619,Walmart,0,1.06
1114,335,235,2026-05-24 12:19:29.184623,Walmart,0,4.7
1115,542,117,2026-05-23 05:36:36.184628,Amazon,0,2.34
1116,759,33,2026-05-26 04:03:16.184632,BestBuy,0,0.66
1117,106,98,2026-05-19 15:13:46.184636,BestBuy,0,1.96
1118,563,66,2026-05-25 18:27:40.184641,Walmart,0,1.32
1119,81,118,2026-05-21 12:52:28.184645,BestBuy,0,2.36
1120,133,87,2026-05-26 10:27:47.184650,BestBuy,0,1.74
1121,797,55,2026-05-25 13:14:54.184654,BestBuy,0,1.1
1122,900,62,2026-05-25 08:31:57.184659,Walmart,0,1.24
1123,138,82,2026-05-20 06:56:51.184663,BestBuy,0,1.64
1124,184,14,2026-05-21 20:06:09.184668,Amazon,0,0.28
1125,401,55,2026-05-25 18:14:45.184672,Amazon,0,1.1
1126,330,115,2026-05-23 03:40:25.184677,Walmart,0,2.3
1127,785,41,2026-05-20 12:10:17.184681,BestBuy,0,0.82
1128,508,75,2026-05-22 00:42:57.184686,Target,0,1.5
1129,852,50,2026-05-24 15:32:06.184690,Target,0,1.0
1130,984,141,2026-05-21 00:15:33.184694,Amazon,0,2.82
1131,69,91,2026-05-20 03:41:11.184699,Amazon,0,1.82
1132,546,63,2026-05-25 20:06:10.184703,Target,0,1.26
1133,774,265,2026-05-19 14:22:16.184708,Walmart,0,5.3
1134,53,76,2026-05-25 10:15:25.184712,BestBuy,0,1.52
1135,450,115,2026-05-26 07:40:42.184716,Target,0,2.3
1136,205,138,2026-05-21 14:05:06.184721,BestBuy,0,2.76
1137,126,417,2026-05-20 11:42:31.184726,Target,0,8.34
1138,747,118,2026-05-26 13:22:02.184730,Amazon,0,2.36
1139,43,36,2026-05-21 05:09:42.184735,BestBuy,0,0.72
1140,752,50,2026-05-20 19:49:58.184739,Walmart,0,1.0
1141,971,78,2026-05-22 07:25:19.184744,BestBuy,0,1.56
1142,883,73,2026-05-24 10:47:25.184749,BestBuy,0,1.46
1143,111,31,2026-05-23 08:06:06.184753,Target,0,0.62
1144,761,408,2026-05-24 01:55:03.184758,Walmart,0,8.16
1145,663,147,2026-05-20 18:02:12.184762,Amazon,0,2.94
1146,183,187,2026-05-25 09:29:50.184775,BestBuy,0,3.74
1147,848,301,2026-05-20 13:10:39.184785,BestBuy,1,60.2
1148,95,135,2026-05-21 15:53:09.184789,Target,0,2.7
1149,971,91,2026-05-20 06:54:11.184794,Amazon,0,1.82
1150,374,219,2026-05-23 21:03:53.184798,Target,0,4.38
1151,912,92,2026-05-19 16:23:50.184803,Walmart,0,1.84
1152,520,60,2026-05-26 09:06:51.184808,Amazon,0,1.2
1153,900,8,2026-05-24 11:43:18.184812,Walmart,0,0.16
1154,360,137,2026-05-22 01:46:17.184817,Target,0,2.74
1155,900,203,2026-05-23 20:36:52.184821,Amazon,0,4.06
1156,696,95,2026-05-25 19:10:28.184826,Walmart,0,1.9
1157,281,128,2026-05-23 00:57:13.184830,Walmart,0,2.56
1158,195,33,2026-05-23 03:13:33.184835,Target,0,0.66
1159,864,32,2026-05-22 23:03:48.184840,Amazon,0,0.64
1160,195,294,2026-05-19 20:14:17.184844,Walmart,0,5.88
1161,667,83,2026-05-25 15:28:12.184849,BestBuy,0,1.66
1162,93,91,2026-05-26 13:14:03.184853,Amazon,0,1.82
1163,672,121,2026-05-22 06:25:24.184858,Amazon,0,2.42
1164,946,34,2026-05-22 03:22:59.184863,BestBuy,0,0.68
1165,61,125,2026-05-19 14:25:47.184867,Amazon,0,2.5
1166,634,286,2026-05-21 05:33:54.184872,Amazon,0,5.72
1167,51,53,2026-05-24 21:04:40.184879,BestBuy,0,1.06
1168,403,189,2026-05-25 04:21:50.184884,Target,0,3.78
1169,789,84,2026-05-19 23:42:13.184888,Walmart,0,1.68
1170,5,60,2026-05-22 11:31:58.184892,BestBuy,0,1.2
1171,466,350,2026-05-23 15:06:21.184897,Amazon,0,7.0
1172,604,260,2026-05-20 05:10:08.184901,Walmart,0,5.2
1173,682,192,2026-05-22 09:14:16.184906,Walmart,0,3.84
1174,829,116,2026-05-24 16:02:51.184911,Walmart,0,2.32
1175,534,92,2026-05-23 00:09:56.184915,Target,0,1.84
1176,405,180,2026-05-22 12:02:42.184920,Amazon,0,3.6
1177,838,95,2026-05-19 16:21:55.184924,Amazon,0,1.9
1178,513,8,2026-05-22 03:40:18.184929,Walmart,0,0.16
1179,645,27,2026-05-21 23:56:19.184933,Walmart,0,0.54
1180,233,302,2026-05-25 06:04:19.184937,Target,0,6.04
1181,524,108,2026-05-26 06:58:05.184942,Target,0,2.16
1182,346,76,2026-05-26 12:01:37.184946,Walmart,0,1.52
1183,46,191,2026-05-25 21:13:44.184951,Amazon,0,3.82
1184,546,48,2026-05-23 22:36:26.184955,BestBuy,0,0.96
1185,945,111,2026-05-24 05:35:46.184960,Target,0,2.22
1186,78,118,2026-05-24 06:13:50.184964,Amazon,0,2.36
1187,730,62,2026-05-19 15:26:51.184968,Target,0,1.24
1188,813,105,2026-05-23 17:16:54.184972,Amazon,0,2.1
1189,923,40,2026-05-26 06:05:44.184977,Walmart,0,0.8
1190,73,29,2026-05-23 01:08:11.184981,Target,0,0.58
1191,794,85,2026-05-24 21:38:08.184986,BestBuy,0,1.7
1192,249,146,2026-05-21 20:46:23.184990,Walmart,0,2.92
1193,47,107,2026-05-20 06:35:14.184995,Target,0,2.14
1194,121,85,2026-05-22 09:43:07.185000,Walmart,0,1.7
1195,214,67,2026-05-26 10:27:41.185005,BestBuy,0,1.34
1196,239,66,2026-05-23 22:33:24.185009,Target,0,1.32
1197,56,24,2026-05-22 17:52:55.185013,Target,0,0.48
1198,350,206,2026-05-19 20:38:19.185018,Target,0,4.12
1199,107,119,2026-05-20 07:04:21.185022,Amazon,0,2.38
1200,831,162,2026-05-20 23:30:22.185026,Amazon,0,3.24
1201,48,103,2026-05-19 21:38:15.185031,Target,0,2.06
1202,573,53,2026-05-20 08:10:09.185035,Walmart,0,1.06
1203,337,23,2026-05-19 20:53:20.185039,Walmart,0,0.46
1204,26,85,2026-05-23 23:04:01.185044,Target,0,1.7
1205,804,37,2026-05-21 06:18:16.185048,BestBuy,0,0.74
1206,257,44,2026-05-25 05:30:18.185052,BestBuy,0,0.88
1207,8,216,2026-05-25 13:15:10.185057,BestBuy,1,43.2
1208,625,192,2026-05-24 08:18:09.185062,Amazon,0,3.84
1209,867,102,2026-05-26 03:49:42.185066,Amazon,0,2.04
1210,253,73,2026-05-23 19:30:38.185070,Amazon,0,1.46
1211,692,19,2026-05-25 05:15:01.185075,Amazon,0,0.38
1212,719,13,2026-05-19 19:24:31.185079,Walmart,0,0.26
1213,303,137,2026-05-19 19:36:59.185084,Target,0,2.74
1214,639,142,2026-05-22 13:37:34.185088,Target,0,2.84
1215,56,30,2026-05-26 07:56:14.185093,Target,0,0.6
1216,726,33,2026-05-25 06:08:41.185097,Walmart,0,0.66
1217,526,126,2026-05-25 23:02:23.185102,BestBuy,0,2.52
1218,474,170,2026-05-22 08:44:52.185106,BestBuy,0,3.4
1219,28,162,2026-05-24 17:41:01.185110,Amazon,0,3.24
1220,983,234,2026-05-24 05:27:13.185115,Amazon,0,4.68
1221,78,318,2026-05-24 08:54:08.185119,Walmart,0,6.36
1222,216,59,2026-05-21 15:33:55.185124,Walmart,0,1.18
1223,386,29,2026-05-21 05:55:05.185128,BestBuy,0,0.58
1224,365,29,2026-05-25 03:20:03.185133,Target,0,0.58
1225,666,42,2026-05-25 18:25:55.185137,Target,0,0.84
1226,526,100,2026-05-22 14:11:26.185141,Walmart,0,2.0
1227,699,79,2026-05-23 10:48:21.185146,Walmart,0,1.58
1228,312,53,2026-05-25 09:33:52.185150,Walmart,0,1.06
1229,883,88,2026-05-22 02:06:42.185154,Amazon,0,1.76
1230,7,50,2026-05-25 04:36:10.185159,Target,0,1.0
1231,3,130,2026-05-21 14:03:23.185163,Walmart,0,2.6
1232,623,177,2026-05-20 23:11:54.185167,Walmart,0,3.54
1233,919,99,2026-05-21 10:37:59.185172,Amazon,0,1.98
1234,750,54,2026-05-20 23:21:38.185176,Walmart,0,1.08
1235,363,118,2026-05-23 17:03:07.185181,Target,0,2.36
1236,751,132,2026-05-22 11:35:28.185185,Amazon,0,2.64
1237,508,93,2026-05-23 12:29:54.185190,Walmart,0,1.86
1238,274,31,2026-05-24 04:26:15.185194,Target,0,0.62
1239,506,13,2026-05-25 06:27:30.185199,Target,0,0.26
1240,806,116,2026-05-25 21:09:15.185203,Amazon,0,2.32
1241,739,189,2026-05-22 14:38:38.185207,Target,0,3.78
1242,883,72,2026-05-20 22:11:48.185212,Amazon,0,1.44
1243,15,10,2026-05-24 04:29:38.185216,Target,0,0.2
1244,192,166,2026-05-22 23:31:27.185221,Walmart,0,3.32
1245,985,25,2026-05-20 01:45:05.185225,Amazon,0,0.5
1246,631,97,2026-05-22 10:36:53.185233,Target,0,1.94
1247,485,143,2026-05-25 19:28:50.185238,Amazon,0,2.86
1248,28,22,2026-05-20 05:21:55.185243,Target,0,0.44
1249,714,139,2026-05-25 13:52:43.185247,Amazon,0,2.78
1250,39,37,2026-05-20 12:49:22.185252,Walmart,0,0.74
1251,953,173,2026-05-21 02:26:30.185256,Amazon,0,3.46
1252,273,70,2026-05-20 03:57:00.185261,Amazon,0,1.4
1253,231,38,2026-05-21 23:17:37.185270,Walmart,0,0.76
1254,86,102,2026-05-25 04:18:00.185275,Target,0,2.04
1255,474,48,2026-05-21 14:22:59.185280,BestBuy,0,0.96
1256,126,63,2026-05-23 16:41:07.185284,Walmart,0,1.26
1257,812,177,2026-05-24 23:27:42.185289,Amazon,0,3.54
1258,537,160,2026-05-26 07:08:56.185294,Walmart,0,3.2
1259,145,49,2026-05-21 05:21:09.185298,Walmart,0,0.98
1260,525,47,2026-05-22 19:31:38.185303,Amazon,0,0.94
1261,212,42,2026-05-21 20:45:07.185307,Amazon,0,0.84
1262,25,240,2026-05-19 17:41:12.185312,BestBuy,1,48.0
1263,580,65,2026-05-22 23:47:28.185316,Walmart,0,1.3
1264,394,129,2026-05-20 11:26:32.185321,Amazon,0,2.58
1265,67,122,2026-05-21 07:14:46.185325,Target,0,2.44
1266,233,192,2026-05-20 00:22:56.185330,Target,0,3.84
1267,109,54,2026-05-25 07:48:27.185334,Target,0,1.08
1268,146,44,2026-05-21 08:13:22.185339,Target,0,0.88
1269,111,153,2026-05-24 13:58:53.185343,Walmart,0,3.06
1270,228,79,2026-05-22 13:33:07.185348,Walmart,0,1.58
1271,111,47,2026-05-25 01:36:41.185352,BestBuy,0,0.94
1272,470,102,2026-05-22 03:56:13.185357,Walmart,0,2.04
1273,34,57,2026-05-21 00:24:25.185361,Amazon,0,1.14
1274,623,266,2026-05-26 05:45:26.185366,BestBuy,1,53.2
1275,776,68,2026-05-23 14:52:59.185370,Walmart,0,1.36
1276,936,121,2026-05-26 00:47:11.185375,Walmart,0,2.42
1277,369,101,2026-05-22 13:39:01.185379,Amazon,0,2.02
1278,748,30,2026-05-26 11:57:23.185384,Amazon,0,0.6
1279,595,55,2026-05-20 23:23:15.185388,Amazon,0,1.1
1280,554,24,2026-05-24 21:29:31.185392,Target,0,0.48
1281,425,54,2026-05-22 05:30:14.185397,Walmart,0,1.08
1282,613,125,2026-05-20 04:07:04.185401,Walmart,0,2.5
1283,518,62,2026-05-22 17:57:40.185406,Walmart,0,1.24
1284,692,94,2026-05-24 23:13:43.185410,BestBuy,0,1.88
1285,282,245,2026-05-19 23:26:19.185415,BestBuy,1,49.0
1286,320,112,2026-05-24 05:06:59.185419,BestBuy,0,2.24
1287,738,74,2026-05-26 10:41:03.185424,BestBuy,0,1.48
1288,443,116,2026-05-23 01:23:17.185428,BestBuy,0,2.32
1289,952,75,2026-05-26 02:06:20.185433,Amazon,0,1.5
1290,315,161,2026-05-21 16:00:24.185437,BestBuy,0,3.22
1291,877,58,2026-05-24 18:25:01.185442,Walmart,0,1.16
1292,966,124,2026-05-25 09:04:06.185447,Target,0,2.48
1293,741,107,2026-05-19 16:34:18.185451,Walmart,0,2.14
1294,377,19,2026-05-20 20:15:31.185456,Walmart,0,0.38
1295,289,72,2026-05-24 16:18:09.185460,Amazon,0,1.44
1296,437,146,2026-05-21 06:48:59.185464,Target,0,2.92
1297,662,140,2026-05-22 16:42:16.185469,Walmart,0,2.8
1298,277,49,2026-05-26 00:35:39.185473,Amazon,0,0.98
1299,710,78,2026-05-20 01:59:53.185478,Target,0,1.56
1300,582,120,2026-05-20 23:59:10.185482,Target,0,2.4
1301,503,43,2026-05-20 07:07:58.185487,Amazon,0,0.86
1302,624,109,2026-05-19 14:30:29.185491,BestBuy,0,2.18
1303,516,8,2026-05-23 09:52:30.185495,Amazon,0,0.16
1304,350,70,2026-05-25 20:56:06.185500,Amazon,0,1.4
1305,843,107,2026-05-19 19:32:11.185504,BestBuy,0,2.14
1306,446,186,2026-05-19 19:27:31.185509,Amazon,0,3.72
1307,830,80,2026-05-20 10:42:48.185513,Amazon,0,1.6
1308,350,76,2026-05-22 01:50:45.185518,Amazon,0,1.52
1309,607,404,2026-05-25 04:48:44.185522,Walmart,0,8.08
1310,664,147,2026-05-23 13:39:20.185527,Amazon,0,2.94
1311,823,59,2026-05-22 05:51:33.185531,Amazon,0,1.18
1312,137,105,2026-05-21 07:14:21.185536,Target,0,2.1
1313,759,40,2026-05-25 17:44:09.185540,Target,0,0.8
1314,899,241,2026-05-21 15:27:18.185545,Target,0,4.82
1315,243,57,2026-05-22 08:27:08.185549,Amazon,0,1.14
1316,543,77,2026-05-23 06:53:18.185554,BestBuy,0,1.54
1317,40,62,2026-05-25 11:04:01.185558,Amazon,0,1.24
1318,229,46,2026-05-21 10:35:27.185563,Walmart,0,0.92
1319,548,143,2026-05-20 20:01:20.185567,Walmart,0,2.86
1320,920,29,2026-05-20 23:00:26.185572,Walmart,0,0.58
1321,223,105,2026-05-19 17:46:08.185577,Walmart,0,2.1
1322,6,50,2026-05-19 18:38:00.185581,Amazon,0,1.0
1323,322,109,2026-05-20 11:28:31.185586,Target,0,2.18
1324,468,42,2026-05-22 14:52:51.185590,Amazon,0,0.84
1325,732,261,2026-05-25 06:21:37.185595,Amazon,0,5.22
1326,75,78,2026-05-25 14:00:42.185599,Amazon,0,1.56
1327,4,226,2026-05-25 15:29:05.185604,Amazon,0,4.52
1328,847,188,2026-05-22 15:46:12.185608,BestBuy,0,3.76
1329,646,134,2026-05-25 08:12:17.185613,Target,0,2.68
1330,118,101,2026-05-20 09:20:00.185617,Target,0,2.02
1331,881,59,2026-05-25 13:51:00.185622,Walmart,0,1.18
1332,606,139,2026-05-21 04:57:29.185626,Amazon,0,2.78
1333,504,20,2026-05-26 09:46:05.185631,Walmart,0,0.4
1334,998,90,2026-05-25 01:53:43.185635,Target,0,1.8
1335,947,45,2026-05-22 06:44:11.185640,Target,0,0.9
1336,574,109,2026-05-23 08:25:26.185644,Walmart,0,2.18
1337,441,118,2026-05-26 03:54:44.185651,Target,0,2.36
1338,194,221,2026-05-25 21:29:28.185656,Target,0,4.42
1339,847,211,2026-05-25 07:26:08.185660,BestBuy,1,42.2
1340,715,55,2026-05-21 02:33:39.185665,Amazon,0,1.1
1341,392,172,2026-05-22 11:43:26.185669,Amazon,0,3.44
1342,26,77,2026-05-23 07:20:40.185674,Target,0,1.54
1343,435,42,2026-05-24 22:02:10.185678,Target,0,0.84
1344,173,207,2026-05-21 04:45:56.185682,BestBuy,1,41.4
1345,300,55,2026-05-21 07:56:55.185687,Walmart,0,1.1
1346,645,47,2026-05-22 13:37:57.185691,BestBuy,0,0.94
1347,326,109,2026-05-21 22:05:34.185696,BestBuy,0,2.18
1348,410,87,2026-05-25 19:24:18.185701,Walmart,0,1.74
1349,118,9,2026-05-23 07:02:29.185705,Target,0,0.18
1350,836,104,2026-05-21 22:52:57.185710,Amazon,0,2.08
1351,787,109,2026-05-26 00:17:08.185714,BestBuy,0,2.18
1352,724,69,2026-05-22 06:36:20.185719,BestBuy,0,1.38
1353,225,192,2026-05-25 10:22:00.185723,Amazon,0,3.84
1354,532,152,2026-05-23 02:49:07.185728,BestBuy,0,3.04
1355,113,209,2026-05-20 01:32:51.185732,Walmart,0,4.18
1356,140,28,2026-05-20 14:38:46.185736,Amazon,0,0.56
1357,559,128,2026-05-23 16:56:25.185742,Amazon,0,2.56
1358,1,126,2026-05-21 20:10:04.185746,Walmart,0,2.52
1359,90,61,2026-05-23 06:01:30.185751,Walmart,0,1.22
1360,654,40,2026-05-25 01:20:13.185755,Amazon,0,0.8
1361,320,159,2026-05-20 23:30:48.185759,Walmart,0,3.18
1362,550,79,2026-05-24 11:10:34.185764,BestBuy,0,1.58
1363,805,241,2026-05-25 05:17:58.185768,Target,0,4.82
1364,894,224,2026-05-23 01:03:45.185773,BestBuy,1,44.8
1365,139,30,2026-05-24 21:27:53.185777,Walmart,0,0.6
1366,511,82,2026-05-23 17:59:52.185782,BestBuy,0,1.64
1367,868,105,2026-05-24 10:50:24.185786,Target,0,2.1
1368,845,33,2026-05-20 16:36:15.185791,Target,0,0.66
1369,259,123,2026-05-25 18:46:24.185795,Target,0,2.46
1370,673,125,2026-05-24 07:06:05.185800,Walmart,0,2.5
1371,902,136,2026-05-23 05:10:31.185804,Walmart,0,2.72
1372,690,104,2026-05-25 05:21:34.185808,Walmart,0,2.08
1373,10,74,2026-05-23 17:25:12.185813,Target,0,1.48
1374,261,89,2026-05-23 01:18:50.185817,Walmart,0,1.78
1375,919,34,2026-05-20 07:46:55.185822,Amazon,0,0.68
1376,650,133,2026-05-21 20:58:10.185826,BestBuy,0,2.66
1377,172,16,2026-05-25 03:06:00.185831,BestBuy,0,0.32
1378,898,88,2026-05-19 20:43:12.185835,Amazon,0,1.76
1379,13,141,2026-05-24 10:45:11.185840,Walmart,0,2.82
1380,168,133,2026-05-25 22:57:02.185844,BestBuy,0,2.66
1381,642,160,2026-05-24 02:06:42.185848,Target,0,3.2
1382,596,109,2026-05-19 22:12:20.185852,BestBuy,0,2.18
1383,321,45,2026-05-24 09:21:48.185857,BestBuy,0,0.9
1384,319,71,2026-05-22 03:33:20.185861,BestBuy,0,1.42
1385,613,124,2026-05-25 06:33:11.185866,Walmart,0,2.48
1386,329,8,2026-05-25 05:14:58.185870,Amazon,0,0.16
1387,785,188,2026-05-23 18:12:46.185874,BestBuy,0,3.76
1388,777,168,2026-05-24 15:05:27.185879,Target,0,3.36
1389,971,32,2026-05-20 03:30:37.185883,BestBuy,0,0.64
1390,911,71,2026-05-25 00:53:21.185888,Walmart,0,1.42
1391,920,40,2026-05-19 18:16:28.185892,Walmart,0,0.8
1392,550,53,2026-05-24 04:46:57.185897,Target,0,1.06
1393,419,27,2026-05-21 12:22:43.185901,BestBuy,0,0.54
1394,606,101,2026-05-22 09:31:44.185906,BestBuy,0,2.02
1395,95,121,2026-05-21 03:01:08.185910,Target,0,2.42
1396,817,78,2026-05-23 12:01:36.185914,Amazon,0,1.56
1397,581,131,2026-05-25 11:43:40.185919,Walmart,0,2.62
1398,318,120,2026-05-25 06:50:33.185923,Amazon,0,2.4
1399,956,217,2026-05-23 19:11:19.185927,Amazon,0,4.34
1400,236,156,2026-05-21 00:34:47.185932,BestBuy,0,3.12
1401,946,73,2026-05-25 14:33:39.185936,Target,0,1.46
1402,334,176,2026-05-25 19:25:30.185941,Walmart,0,3.52
1403,885,156,2026-05-22 16:56:44.185945,Amazon,0,3.12
1404,376,233,2026-05-21 01:11:31.185949,Amazon,0,4.66
1405,459,32,2026-05-21 11:48:01.185954,BestBuy,0,0.64
1406,137,35,2026-05-22 02:25:14.185963,BestBuy,0,0.7
1407,930,25,2026-05-20 02:46:33.185968,BestBuy,0,0.5
1408,588,28,2026-05-21 10:11:20.185972,Target,0,0.56
1409,995,99,2026-05-20 01:13:10.185977,Walmart,0,1.98
1410,547,191,2026-05-21 13:08:13.185981,Walmart,0,3.82
1411,513,67,2026-05-22 22:16:19.185986,BestBuy,0,1.34
1412,296,12,2026-05-20 20:39:10.185990,Amazon,0,0.24
1413,320,11,2026-05-25 07:51:09.185995,BestBuy,0,0.22
1414,918,167,2026-05-24 12:44:33.185999,BestBuy,0,3.34
1415,572,20,2026-05-24 11:44:47.186004,Target,0,0.4
1416,832,32,2026-05-20 15:55:48.186008,BestBuy,0,0.64
1417,349,170,2026-05-24 12:01:36.186012,Walmart,0,3.4
1418,840,57,2026-05-19 16:12:44.186017,BestBuy,0,1.14
1419,779,105,2026-05-21 02:24:54.186021,Walmart,0,2.1
1420,873,63,2026-05-25 15:34:29.186026,Amazon,0,1.26
1421,229,138,2026-05-26 12:16:37.186030,Walmart,0,2.76
1422,270,54,2026-05-20 10:57:04.186037,Walmart,0,1.08
1423,828,210,2026-05-22 10:05:56.186043,BestBuy,1,42.0
1424,798,60,2026-05-25 21:13:33.186047,Walmart,0,1.2
1425,291,2,2026-05-22 03:17:08.186052,Walmart,0,0.04
1426,725,77,2026-05-21 13:39:55.186056,Amazon,0,1.54
1427,165,155,2026-05-22 23:50:53.186061,Walmart,0,3.1
1428,5,188,2026-05-22 01:57:18.186065,Walmart,0,3.76
1429,851,87,2026-05-23 00:22:54.186070,BestBuy,0,1.74
1430,379,47,2026-05-22 10:57:24.186074,Target,0,0.94
1431,78,31,2026-05-22 01:39:15.186079,BestBuy,0,0.62
1432,410,41,2026-05-21 02:59:16.186083,Amazon,0,0.82
1433,574,205,2026-05-20 13:24:48.186088,BestBuy,1,41.0
1434,132,146,2026-05-20 22:07:14.186092,Walmart,0,2.92
1435,601,41,2026-05-21 18:30:02.186097,Target,0,0.82
1436,749,131,2026-05-26 02:25:38.186101,BestBuy,0,2.62
1437,42,151,2026-05-21 04:36:41.186106,BestBuy,0,3.02
1438,89,177,2026-05-23 01:29:44.186110,Amazon,0,3.54
1439,402,115,2026-05-21 07:25:37.186115,Walmart,0,2.3
1440,296,92,2026-05-22 07:05:40.186119,BestBuy,0,1.84
1441,840,113,2026-05-21 05:03:10.186124,BestBuy,0,2.26
1442,295,90,2026-05-24 07:45:01.186128,Target,0,1.8
1443,616,101,2026-05-21 16:07:08.186133,Amazon,0,2.02
1444,526,118,2026-05-23 14:56:35.186137,Walmart,0,2.36
1445,800,53,2026-05-25 13:15:02.186142,BestBuy,0,1.06
1446,691,114,2026-05-22 21:43:06.186146,Target,0,2.28
1447,637,71,2026-05-26 08:25:16.186151,BestBuy,0,1.42
1448,422,36,2026-05-22 20:49:45.186155,BestBuy,0,0.72
1449,865,110,2026-05-21 00:58:20.186160,Amazon,0,2.2
1450,23,53,2026-05-24 22:50:43.186164,Target,0,1.06
1451,575,59,2026-05-21 16:40:12.186168,Target,0,1.18
1452,143,137,2026-05-25 08:21:57.186173,Walmart,0,2.74
1453,993,93,2026-05-19 21:22:25.186178,BestBuy,0,1.86
1454,665,173,2026-05-22 11:56:01.186182,Target,0,3.46
1455,145,192,2026-05-21 17:47:17.186186,BestBuy,0,3.84
1456,225,174,2026-05-21 08:15:37.186191,BestBuy,0,3.48
1457,503,103,2026-05-21 15:06:07.186195,Walmart,0,2.06
1458,962,77,2026-05-22 21:45:24.186200,Walmart,0,1.54
1459,974,180,2026-05-22 19:48:47.186204,Target,0,3.6
1460,821,73,2026-05-19 23:20:18.186209,BestBuy,0,1.46
1461,616,55,2026-05-22 08:54:37.186213,Target,0,1.1
1462,104,3,2026-05-23 14:05:11.186217,BestBuy,0,0.06
1463,947,80,2026-05-25 20:58:04.186222,Target,0,1.6
1464,39,25,2026-05-25 19:45:00.186227,Target,0,0.5
1465,947,81,2026-05-21 23:07:28.186232,BestBuy,0,1.62
1466,198,34,2026-05-24 04:06:12.186236,Amazon,0,0.68
1467,646,232,2026-05-23 03:50:52.186241,Walmart,0,4.64
1468,579,21,2026-05-23 16:06:00.186245,BestBuy,0,0.42
1469,391,20,2026-05-19 19:37:47.186250,Target,0,0.4
1470,179,14,2026-05-21 09:55:09.186254,Amazon,0,0.28
1471,968,52,2026-05-26 07:57:35.186259,Target,0,1.04
1472,554,40,2026-05-19 21:47:37.186263,Amazon,0,0.8
1473,448,170,2026-05-25 02:44:37.186268,BestBuy,0,3.4
1474,500,122,2026-05-22 14:17:25.186272,Walmart,0,2.44
1475,15,14,2026-05-24 11:21:42.186276,Target,0,0.28
1476,623,164,2026-05-20 04:51:40.186281,Amazon,0,3.28
1477,669,51,2026-05-22 00:49:01.186285,Amazon,0,1.02
1478,289,71,2026-05-21 18:29:14.186290,Walmart,0,1.42
1479,478,9,2026-05-20 17:52:21.186294,Target,0,0.18
1480,231,152,2026-05-21 09:30:21.186298,BestBuy,0,3.04
1481,923,38,2026-05-21 14:48:12.186303,BestBuy,0,0.76
1482,420,261,2026-05-22 11:23:48.186307,Target,0,5.22
1483,157,47,2026-05-24 06:17:06.186312,Walmart,0,0.94
1484,550,160,2026-05-23 17:00:28.186316,Walmart,0,3.2
1485,441,33,2026-05-22 18:48:53.186321,Walmart,0,0.66
1486,97,48,2026-05-20 02:13:05.186325,Amazon,0,0.96
1487,997,56,2026-05-24 04:53:56.186330,Amazon,0,1.12
1488,411,54,2026-05-23 12:05:44.186335,Walmart,0,1.08
1489,951,38,2026-05-20 16:15:07.186339,Target,0,0.76
1490,289,27,2026-05-25 18:17:52.186343,BestBuy,0,0.54
1491,254,53,2026-05-20 21:14:50.186348,Amazon,0,1.06
1492,196,58,2026-05-25 16:45:06.186352,Walmart,0,1.16
1493,598,109,2026-05-23 03:13:20.186357,Amazon,0,2.18
1494,834,55,2026-05-22 22:52:50.186361,Amazon,0,1.1
1495,522,40,2026-05-19 18:53:47.186365,Walmart,0,0.8
1496,517,58,2026-05-21 00:59:56.186370,Target,0,1.16
1497,635,26,2026-05-20 00:18:20.186375,BestBuy,0,0.52
1498,842,14,2026-05-19 19:16:25.186379,Target,0,0.28
1499,865,137,2026-05-24 08:37:37.186384,Amazon,0,2.74
1500,118,123,2026-05-25 04:54:53.186388,Target,0,2.46
1501,806,46,2026-05-22 02:53:09.186393,Target,0,0.92
1502,909,97,2026-05-25 00:43:31.186397,BestBuy,0,1.94
1503,159,20,2026-05-26 08:51:31.186401,Walmart,0,0.4
1504,815,30,2026-05-21 09:14:37.186406,Walmart,0,0.6
1505,228,70,2026-05-26 03:06:22.186410,Walmart,0,1.4
1506,877,148,2026-05-23 12:32:50.186415,Target,0,2.96
1507,216,324,2026-05-24 14:59:24.186422,Target,0,6.48
1508,948,95,2026-05-26 03:13:30.186426,BestBuy,0,1.9
1509,696,99,2026-05-21 13:28:08.186431,Walmart,0,1.98
1510,15,85,2026-05-20 18:51:36.186435,BestBuy,0,1.7
1511,157,51,2026-05-26 00:54:29.186440,BestBuy,0,1.02
1512,648,178,2026-05-20 14:53:42.186444,Target,0,3.56
1513,261,16,2026-05-22 07:05:28.186449,Walmart,0,0.32
1514,157,71,2026-05-21 09:41:11.186453,Amazon,0,1.42
1515,47,131,2026-05-20 09:30:48.186457,Amazon,0,2.62
1516,324,88,2026-05-24 15:29:53.186462,Target,0,1.76
1517,844,24,2026-05-22 07:07:38.186466,Target,0,0.48
1518,685,18,2026-05-22 18:37:58.186470,Target,0,0.36
1519,130,71,2026-05-20 05:44:45.186475,Target,0,1.42
1520,411,15,2026-05-24 21:02:18.186479,Amazon,0,0.3
1521,95,237,2026-05-24 22:57:01.186483,Walmart,0,4.74
1522,627,83,2026-05-26 03:23:48.186488,BestBuy,0,1.66
1523,755,125,2026-05-20 13:51:36.186492,Amazon,0,2.5
1524,932,161,2026-05-26 03:07:17.186497,Walmart,0,3.22
1525,292,80,2026-05-20 17:37:51.186501,Target,0,1.6
1526,794,116,2026-05-22 22:14:29.186505,BestBuy,0,2.32
1527,811,82,2026-05-25 15:25:34.186510,Walmart,0,1.64
1528,283,77,2026-05-20 11:47:07.186514,Walmart,0,1.54
1529,69,85,2026-05-26 06:03:48.186519,BestBuy,0,1.7
1530,660,457,2026-05-20 17:57:45.186523,Walmart,0,9.14
1531,11,146,2026-05-21 22:51:50.186528,Walmart,0,2.92
1532,254,386,2026-05-21 12:22:28.186532,BestBuy,1,77.2
1533,842,82,2026-05-23 17:18:47.186537,BestBuy,0,1.64
1534,872,235,2026-05-26 08:26:32.186541,Amazon,0,4.7
1535,550,37,2026-05-22 09:07:26.186546,Target,0,0.74
1536,134,154,2026-05-21 09:16:44.186550,Target,0,3.08
1537,712,17,2026-05-20 23:59:10.186555,Walmart,0,0.34
1538,23,50,2026-05-21 01:57:53.186559,Target,0,1.0
1539,815,72,2026-05-26 06:24:50.186563,Amazon,0,1.44
1540,346,8,2026-05-20 19:21:50.186568,Walmart,0,0.16
1541,302,52,2026-05-25 08:35:46.186572,Target,0,1.04
1542,363,195,2026-05-20 08:34:31.186577,Target,0,3.9
1543,396,142,2026-05-25 11:48:22.186581,Walmart,0,2.84
1544,218,31,2026-05-24 17:57:29.186586,BestBuy,0,0.62
1545,141,133,2026-05-20 12:24:20.186590,Amazon,0,2.66
1546,616,146,2026-05-20 03:00:12.186595,Walmart,0,2.92
1547,958,121,2026-05-21 09:01:50.186599,Walmart,0,2.42
1548,210,115,2026-05-24 16:32:32.186604,Target,0,2.3
1549,985,67,2026-05-24 16:26:00.186608,BestBuy,0,1.34
1550,993,172,2026-05-21 02:17:56.186612,Target,0,3.44
1551,623,159,2026-05-19 15:15:36.186617,Walmart,0,3.18
1552,616,223,2026-05-24 14:10:55.186621,Walmart,0,4.46
1553,828,178,2026-05-23 08:59:44.186625,Target,0,3.56
1554,683,29,2026-05-22 08:57:23.186630,BestBuy,0,0.58
1555,460,68,2026-05-24 00:28:08.186634,Walmart,0,1.36
1556,356,1,2026-05-22 05:14:06.186639,Amazon,0,0.02
1557,324,32,2026-05-24 02:39:29.186643,BestBuy,0,0.64
1558,133,41,2026-05-23 01:00:45.186648,Walmart,0,0.82
1559,888,55,2026-05-19 16:31:51.186652,BestBuy,0,1.1
1560,805,205,2026-05-24 17:01:49.186657,BestBuy,1,41.0
1561,840,129,2026-05-20 08:02:12.186662,Amazon,0,2.58
1562,127,167,2026-05-24 06:35:23.186666,Walmart,0,3.34
1563,106,150,2026-05-20 04:39:00.186670,BestBuy,0,3.0
1564,604,57,2026-05-25 05:48:56.186675,Walmart,0,1.14
1565,799,171,2026-05-22 21:40:49.186679,Walmart,0,3.42
1566,378,53,2026-05-25 01:02:43.186684,BestBuy,0,1.06
1567,905,229,2026-05-20 17:37:10.186688,Target,0,4.58
1568,51,49,2026-05-25 22:12:17.186693,BestBuy,0,0.98
1569,29,142,2026-05-19 18:06:39.186697,Target,0,2.84
1570,462,101,2026-05-26 04:18:15.186701,Target,0,2.02
1571,296,15,2026-05-25 19:48:01.186706,Target,0,0.3
1572,297,52,2026-05-22 04:49:40.186710,Target,0,1.04
1573,726,82,2026-05-20 14:18:45.186714,BestBuy,0,1.64
1574,779,42,2026-05-21 01:46:51.186719,Target,0,0.84
1575,407,64,2026-05-22 04:55:30.186723,Walmart,0,1.28
1576,769,176,2026-05-20 01:43:31.186727,BestBuy,0,3.52
1577,814,53,2026-05-20 15:56:33.186732,Amazon,0,1.06
1578,613,16,2026-05-24 06:25:41.186736,Target,0,0.32
1579,405,7,2026-05-21 23:48:10.186741,BestBuy,0,0.14
1580,346,78,2026-05-22 09:51:37.186745,Target,0,1.56
1581,622,79,2026-05-24 02:05:08.186750,Walmart,0,1.58
1582,420,342,2026-05-19 18:25:19.186754,Target,0,6.84
1583,182,94,2026-05-20 08:45:02.186758,BestBuy,0,1.88
1584,983,83,2026-05-22 04:24:43.186763,Walmart,0,1.66
1585,825,58,2026-05-21 12:00:45.186767,Target,0,1.16
1586,1,80,2026-05-24 07:02:51.186782,Amazon,0,1.6
1587,831,234,2026-05-19 18:58:24.186792,Target,0,4.68
1588,950,234,2026-05-26 12:56:51.186797,Target,0,4.68
1589,567,106,2026-05-24 10:02:45.186801,Walmart,0,2.12
1590,371,26,2026-05-25 15:10:47.186805,Target,0,0.52
1591,936,88,2026-05-23 04:19:50.186810,BestBuy,0,1.76
1592,911,19,2026-05-23 15:43:37.186815,BestBuy,0,0.38
1593,661,152,2026-05-23 12:53:16.186822,Walmart,0,3.04
1594,431,59,2026-05-22 17:44:53.186827,BestBuy,0,1.18
1595,969,10,2026-05-19 14:00:53.186832,Amazon,0,0.2
1596,309,43,2026-05-25 07:12:33.186837,Target,0,0.86
1597,137,113,2026-05-20 23:49:36.186841,Walmart,0,2.26
1598,202,189,2026-05-23 12:44:41.186846,BestBuy,0,3.78
1599,436,91,2026-05-21 22:29:59.186850,Amazon,0,1.82
1600,313,134,2026-05-26 11:44:26.186855,Amazon,0,2.68
1601,117,179,2026-05-23 02:07:07.186859,Walmart,0,3.58
1602,666,129,2026-05-21 08:13:28.186864,Walmart,0,2.58
1603,937,131,2026-05-20 12:18:28.186868,BestBuy,0,2.62
1604,803,71,2026-05-25 01:21:52.186873,Target,0,1.42
1605,575,84,2026-05-20 01:57:52.186877,Amazon,0,1.68
1606,244,86,2026-05-21 04:00:27.186882,Amazon,0,1.72
1607,537,22,2026-05-22 12:13:38.186886,Walmart,0,0.44
1608,602,86,2026-05-24 09:59:13.186891,Amazon,0,1.72
1609,75,45,2026-05-20 11:40:37.186895,Walmart,0,0.9
1610,806,76,2026-05-24 08:42:18.186899,Target,0,1.52
1611,386,146,2026-05-23 14:20:30.186904,Walmart,0,2.92
1612,903,39,2026-05-23 07:46:45.186908,Target,0,0.78
1613,210,99,2026-05-23 08:09:13.186913,BestBuy,0,1.98
1614,475,116,2026-05-25 12:22:30.186917,Walmart,0,2.32
1615,418,123,2026-05-22 21:31:49.186922,BestBuy,0,2.46
1616,347,57,2026-05-20 09:05:01.186926,Target,0,1.14
1617,529,119,2026-05-21 04:07:21.186931,Amazon,0,2.38
1618,640,207,2026-05-20 04:42:02.186935,BestBuy,1,41.4
1619,939,153,2026-05-22 10:41:39.186940,Walmart,0,3.06
1620,955,91,2026-05-21 20:18:27.186944,Walmart,0,1.82
1621,876,148,2026-05-20 01:21:33.186948,BestBuy,0,2.96
1622,763,8,2026-05-23 00:09:59.186953,BestBuy,0,0.16
1623,179,134,2026-05-20 15:31:40.186958,BestBuy,0,2.68
1624,182,10,2026-05-22 20:16:08.186962,Walmart,0,0.2
1625,664,22,2026-05-20 17:48:13.186967,BestBuy,0,0.44
1626,25,105,2026-05-21 17:50:45.186972,BestBuy,0,2.1
1627,967,65,2026-05-26 00:04:14.186976,Target,0,1.3
1628,180,47,2026-05-22 19:34:16.186981,BestBuy,0,0.94
1629,710,83,2026-05-20 01:03:36.186985,BestBuy,0,1.66
1630,501,37,2026-05-24 05:52:42.186990,Walmart,0,0.74
1631,856,56,2026-05-23 05:26:47.186994,Walmart,0,1.12
1632,161,120,2026-05-26 03:23:42.186999,Amazon,0,2.4
1633,177,6,2026-05-21 18:30:32.187004,Walmart,0,0.12
1634,285,23,2026-05-24 00:00:13.187008,Walmart,0,0.46
1635,63,64,2026-05-22 06:40:07.187013,Walmart,0,1.28
1636,662,221,2026-05-25 00:13:52.187017,Walmart,0,4.42
1637,666,133,2026-05-24 09:07:47.187022,BestBuy,0,2.66
1638,156,115,2026-05-26 06:31:04.187026,Amazon,0,2.3
1639,882,165,2026-05-23 06:45:10.187031,Walmart,0,3.3
1640,469,59,2026-05-26 07:49:31.187035,BestBuy,0,1.18
1641,49,164,2026-05-24 13:33:30.187040,Walmart,0,3.28
1642,967,53,2026-05-21 20:53:24.187044,Amazon,0,1.06
1643,849,105,2026-05-26 07:29:39.187049,Target,0,2.1
1644,84,33,2026-05-21 12:39:04.187054,Target,0,0.66
1645,361,214,2026-05-21 10:59:50.187058,Amazon,0,4.28
1646,689,63,2026-05-20 18:32:41.187063,BestBuy,0,1.26
1647,148,45,2026-05-23 18:18:24.187067,BestBuy,0,0.9
1648,630,126,2026-05-21 19:30:27.187072,Amazon,0,2.52
1649,342,54,2026-05-24 20:21:40.187076,Target,0,1.08
1650,476,45,2026-05-24 09:00:44.187081,Walmart,0,0.9
1651,63,18,2026-05-22 04:11:07.187086,Target,0,0.36
1652,701,115,2026-05-25 11:24:15.187090,Walmart,0,2.3
1653,360,105,2026-05-19 17:09:18.187095,Amazon,0,2.1
1654,561,48,2026-05-23 22:49:38.187099,Amazon,0,0.96
1655,327,29,2026-05-22 20:34:01.187103,Amazon,0,0.58
1656,769,210,2026-05-22 02:27:53.187108,Target,0,4.2
1657,736,192,2026-05-20 17:56:51.187112,Amazon,0,3.84
1658,141,93,2026-05-23 22:22:06.187117,Target,0,1.86
1659,990,209,2026-05-23 19:19:05.187122,BestBuy,1,41.8
1660,215,278,2026-05-24 15:14:05.187126,Walmart,0,5.56
1661,435,122,2026-05-22 00:56:32.187131,Walmart,0,2.44
1662,891,43,2026-05-20 17:13:53.187135,Walmart,0,0.86
1663,952,53,2026-05-25 05:23:51.187140,Amazon,0,1.06
1664,723,33,2026-05-23 19:12:54.187144,Walmart,0,0.66
1665,318,218,2026-05-21 07:19:37.187149,Amazon,0,4.36
1666,32,68,2026-05-24 10:19:26.187153,Target,0,1.36
1667,670,224,2026-05-24 06:16:20.187158,Amazon,0,4.48
1668,285,150,2026-05-24 05:10:30.187162,Walmart,0,3.0
1669,305,120,2026-05-22 11:38:18.187167,Amazon,0,2.4
1670,429,308,2026-05-24 09:56:19.187171,Amazon,0,6.16
1671,477,49,2026-05-24 19:02:48.187175,Target,0,0.98
1672,286,42,2026-05-26 00:52:48.187180,Amazon,0,0.84
1673,144,100,2026-05-24 04:07:22.187184,Walmart,0,2.0
1674,424,166,2026-05-20 23:17:24.187189,Amazon,0,3.32
1675,19,9,2026-05-22 16:42:18.187193,BestBuy,0,0.18
1676,18,149,2026-05-25 15:38:57.187198,Amazon,0,2.98
1677,769,30,2026-05-24 04:02:40.187205,BestBuy,0,0.6
1678,590,4,2026-05-25 00:29:40.187210,Walmart,0,0.08
1679,371,145,2026-05-25 01:45:43.187215,BestBuy,0,2.9
1680,175,296,2026-05-25 10:15:16.187219,BestBuy,1,59.2
1681,194,53,2026-05-22 19:49:03.187223,BestBuy,0,1.06
1682,502,126,2026-05-23 08:58:29.187228,BestBuy,0,2.52
1683,988,202,2026-05-24 18:23:35.187232,BestBuy,1,40.4
1684,113,168,2026-05-19 23:55:11.187237,Amazon,0,3.36
1685,114,131,2026-05-25 11:18:47.187241,Target,0,2.62
1686,222,209,2026-05-20 19:42:00.187246,BestBuy,1,41.8
1687,678,85,2026-05-22 14:05:00.187250,Walmart,0,1.7
1688,947,109,2026-05-25 03:26:38.187255,Walmart,0,2.18
1689,831,17,2026-05-20 11:32:39.187259,Amazon,0,0.34
1690,644,202,2026-05-21 12:51:17.187263,Target,0,4.04
1691,897,11,2026-05-22 11:10:01.187268,Target,0,0.22
1692,264,12,2026-05-20 09:49:44.187272,BestBuy,0,0.24
1693,925,14,2026-05-24 22:17:10.187277,Walmart,0,0.28
1694,55,485,2026-05-23 07:00:20.187281,Walmart,0,9.7
1695,871,70,2026-05-21 10:40:26.187286,Amazon,0,1.4
1696,643,116,2026-05-23 23:08:05.187290,BestBuy,0,2.32
1697,800,121,2026-05-24 15:06:05.187295,Walmart,0,2.42
1698,778,72,2026-05-20 23:15:41.187300,BestBuy,0,1.44
1699,458,130,2026-05-20 08:28:44.187304,Target,0,2.6
1700,979,90,2026-05-23 10:11:03.187309,BestBuy,0,1.8
1701,878,43,2026-05-22 06:46:21.187313,BestBuy,0,0.86
1702,162,125,2026-05-21 16:27:57.187318,Amazon,0,2.5
1703,380,71,2026-05-21 20:05:41.187322,Amazon,0,1.42
1704,993,129,2026-05-20 00:19:54.187327,Target,0,2.58
1705,87,34,2026-05-22 22:01:37.187331,Target,0,0.68
1706,55,85,2026-05-20 10:06:32.187335,BestBuy,0,1.7
1707,476,96,2026-05-25 23:20:37.187340,Walmart,0,1.92
1708,800,262,2026-05-20 08:41:30.187344,BestBuy,1,52.4
1709,178,168,2026-05-20 11:18:54.187350,Target,0,3.36
1710,391,151,2026-05-19 19:41:48.187354,Amazon,0,3.02
1711,349,242,2026-05-21 03:09:37.187358,Amazon,0,4.84
1712,8,59,2026-05-25 16:32:07.187363,Target,0,1.18
1713,833,60,2026-05-20 17:13:16.187368,BestBuy,0,1.2
1714,313,77,2026-05-20 08:35:44.187372,Walmart,0,1.54
1715,759,152,2026-05-22 14:51:23.187377,Amazon,0,3.04
1716,835,76,2026-05-21 23:52:42.187381,BestBuy,0,1.52
1717,984,91,2026-05-21 09:54:19.187386,Walmart,0,1.82
1718,983,229,2026-05-24 07:58:37.187390,Target,0,4.58
1719,443,53,2026-05-21 19:45:33.187395,BestBuy,0,1.06
1720,767,30,2026-05-23 17:38:07.187400,Walmart,0,0.6
1721,328,65,2026-05-24 07:33:20.187404,BestBuy,0,1.3
1722,54,49,2026-05-23 11:14:38.187408,Amazon,0,0.98
1723,761,138,2026-05-20 20:50:32.187413,Target,0,2.76
1724,239,8,2026-05-26 12:34:05.187417,Amazon,0,0.16
1725,229,198,2026-05-26 01:56:50.187422,Amazon,0,3.96
1726,579,50,2026-05-21 05:39:02.187426,BestBuy,0,1.0
1727,51,20,2026-05-25 16:46:10.187431,Target,0,0.4
1728,609,130,2026-05-23 17:41:52.187436,BestBuy,0,2.6
1729,604,237,2026-05-22 11:52:13.187440,Walmart,0,4.74
1730,264,99,2026-05-23 03:24:15.187445,Target,0,1.98
1731,418,16,2026-05-24 20:47:10.187450,Amazon,0,0.32
1732,803,122,2026-05-25 20:17:06.187454,Amazon,0,2.44
1733,96,18,2026-05-21 16:53:07.187459,Amazon,0,0.36
1734,88,51,2026-05-22 20:58:03.187463,BestBuy,0,1.02
1735,78,185,2026-05-23 05:28:02.187468,BestBuy,0,3.7
1736,288,59,2026-05-23 10:21:08.187472,BestBuy,0,1.18
1737,120,88,2026-05-20 23:01:48.187476,Target,0,1.76
1738,814,102,2026-05-21 05:52:20.187481,Target,0,2.04
1739,491,50,2026-05-25 14:33:53.187485,Target,0,1.0
1740,912,123,2026-05-24 02:04:48.187490,Target,0,2.46
1741,452,21,2026-05-24 08:43:16.187494,Walmart,0,0.42
1742,500,169,2026-05-20 01:19:57.187499,Amazon,0,3.38
1743,165,30,2026-05-19 15:08:57.187503,BestBuy,0,0.6
1744,182,42,2026-05-20 11:36:54.187508,BestBuy,0,0.84
1745,469,71,2026-05-24 23:48:39.187512,Walmart,0,1.42
1746,910,120,2026-05-22 22:06:33.187517,Amazon,0,2.4
1747,735,102,2026-05-20 14:47:45.187521,Amazon,0,2.04
1748,823,13,2026-05-25 13:17:43.187526,Walmart,0,0.26
1749,944,58,2026-05-22 14:34:06.187530,Target,0,1.16
1750,978,15,2026-05-22 01:59:29.187535,Amazon,0,0.3
1751,7,206,2026-05-21 08:09:07.187539,Target,0,4.12
1752,330,241,2026-05-21 22:01:40.187544,Walmart,0,4.82
1753,775,60,2026-05-24 02:57:39.187548,BestBuy,0,1.2
1754,673,59,2026-05-24 01:42:11.187553,BestBuy,0,1.18
1755,151,76,2026-05-24 15:35:00.187557,BestBuy,0,1.52
1756,85,195,2026-05-24 11:41:08.187562,BestBuy,0,3.9
1757,147,20,2026-05-23 05:45:53.187566,Amazon,0,0.4
1758,624,77,2026-05-20 17:10:30.187571,Target,0,1.54
1759,381,84,2026-05-20 22:08:45.187575,BestBuy,0,1.68
1760,915,27,2026-05-26 11:43:18.187580,BestBuy,0,0.54
1761,548,3,2026-05-25 07:56:18.187585,BestBuy,0,0.06
1762,285,106,2026-05-21 15:17:26.187592,Walmart,0,2.12
1763,700,71,2026-05-24 21:19:26.187597,Amazon,0,1.42
1764,82,133,2026-05-20 23:04:17.187601,Walmart,0,2.66
1765,514,193,2026-05-26 08:25:03.187605,Target,0,3.86
1766,897,249,2026-05-25 12:41:52.187610,BestBuy,1,49.8
1767,815,143,2026-05-20 13:01:39.187614,Amazon,0,2.86
1768,709,46,2026-05-22 15:02:42.187619,Amazon,0,0.92
1769,916,18,2026-05-24 08:23:08.187623,Amazon,0,0.36
1770,523,41,2026-05-21 18:29:22.187627,Walmart,0,0.82
1771,746,588,2026-05-26 02:31:02.187632,Walmart,0,11.76
1772,386,100,2026-05-24 01:07:32.187636,Walmart,0,2.0
1773,707,42,2026-05-23 00:49:15.187640,Walmart,0,0.84
1774,471,139,2026-05-26 08:22:21.187645,Target,0,2.78
1775,119,110,2026-05-20 17:56:38.187649,BestBuy,0,2.2
1776,396,32,2026-05-19 21:38:43.187654,BestBuy,0,0.64
1777,532,68,2026-05-25 13:35:26.187658,Walmart,0,1.36
1778,261,80,2026-05-24 10:30:32.187663,Walmart,0,1.6
1779,805,60,2026-05-25 13:02:14.187667,Walmart,0,1.2
1780,934,52,2026-05-22 15:12:02.187671,Target,0,1.04
1781,256,100,2026-05-20 08:06:27.187676,Target,0,2.0
1782,734,14,2026-05-19 19:16:39.187680,Amazon,0,0.28
1783,905,132,2026-05-26 08:20:22.187684,BestBuy,0,2.64
1784,226,109,2026-05-25 22:09:10.187689,Walmart,0,2.18
1785,53,45,2026-05-24 14:06:47.187693,Amazon,0,0.9
1786,940,195,2026-05-22 02:55:32.187698,BestBuy,0,3.9
1787,867,149,2026-05-22 01:53:01.187702,Amazon,0,2.98
1788,500,43,2026-05-20 16:33:37.187707,Target,0,0.86
1789,506,123,2026-05-24 10:58:38.187711,Target,0,2.46
1790,854,47,2026-05-24 10:18:49.187765,Amazon,0,0.94
1791,364,77,2026-05-26 10:47:26.187773,Amazon,0,1.54
1792,280,99,2026-05-21 21:29:59.187777,BestBuy,0,1.98
1793,593,42,2026-05-22 03:38:16.187782,Walmart,0,0.84
1794,714,139,2026-05-25 15:58:03.187786,BestBuy,0,2.78
1795,158,85,2026-05-25 16:21:24.187791,BestBuy,0,1.7
1796,632,91,2026-05-26 10:00:19.187796,Target,0,1.82
1797,59,85,2026-05-25 00:57:59.187800,Target,0,1.7
1798,727,163,2026-05-21 19:40:48.187805,Amazon,0,3.26
1799,128,189,2026-05-19 20:29:20.187809,Target,0,3.78
1800,736,236,2026-05-21 18:15:10.187814,BestBuy,1,47.2
1801,721,365,2026-05-25 23:05:02.187818,Amazon,0,7.3
1802,882,30,2026-05-26 08:45:09.187823,Amazon,0,0.6
1803,115,78,2026-05-21 10:59:15.187827,Target,0,1.56
1804,209,84,2026-05-21 04:40:23.187832,Walmart,0,1.68
1805,526,41,2026-05-20 02:53:36.187836,Target,0,0.82
1806,521,26,2026-05-21 15:49:39.187841,Amazon,0,0.52
1807,552,80,2026-05-25 06:41:01.187845,Amazon,0,1.6
1808,962,233,2026-05-23 05:35:14.187850,Walmart,0,4.66
1809,237,39,2026-05-21 22:10:07.187854,BestBuy,0,0.78
1810,281,24,2026-05-24 05:23:10.187859,Amazon,0,0.48
1811,359,97,2026-05-23 19:56:48.187863,Walmart,0,1.94
1812,201,148,2026-05-20 04:55:04.187868,BestBuy,0,2.96
1813,758,73,2026-05-23 07:23:06.187873,Target,0,1.46
1814,278,117,2026-05-24 21:38:13.187877,Walmart,0,2.34
1815,235,103,2026-05-23 09:20:26.187881,BestBuy,0,2.06
1816,494,83,2026-05-24 20:33:01.187886,Amazon,0,1.66
1817,4,28,2026-05-24 12:48:36.187890,Amazon,0,0.56
1818,666,18,2026-05-24 16:50:40.187895,Walmart,0,0.36
1819,442,62,2026-05-25 00:36:01.187899,Target,0,1.24
1820,29,35,2026-05-25 22:00:20.187904,Walmart,0,0.7
1821,109,243,2026-05-19 18:44:41.187908,Amazon,0,4.86
1822,610,143,2026-05-21 02:25:23.187913,BestBuy,0,2.86
1823,727,78,2026-05-26 12:53:22.187918,Target,0,1.56
1824,805,167,2026-05-21 06:46:04.187922,BestBuy,0,3.34
1825,75,160,2026-05-25 14:29:22.187927,Walmart,0,3.2
1826,838,101,2026-05-22 23:13:58.187931,Walmart,0,2.02
1827,146,202,2026-05-26 08:47:36.187936,BestBuy,1,40.4
1828,128,8,2026-05-20 05:57:28.187940,BestBuy,0,0.16
1829,853,170,2026-05-20 08:14:00.187944,BestBuy,0,3.4
1830,42,32,2026-05-22 10:56:49.187949,Walmart,0,0.64
1831,356,125,2026-05-21 04:51:52.187953,BestBuy,0,2.5
1832,41,42,2026-05-20 05:32:12.187958,Amazon,0,0.84
1833,934,261,2026-05-24 05:21:31.187962,BestBuy,1,52.2
1834,34,111,2026-05-20 16:11:34.187967,Amazon,0,2.22
1835,17,123,2026-05-21 04:26:08.187971,Amazon,0,2.46
1836,677,122,2026-05-25 08:29:50.187975,BestBuy,0,2.44
1837,153,297,2026-05-22 20:35:50.187980,Target,0,5.94
1838,998,38,2026-05-21 20:55:55.187984,Target,0,0.76
1839,378,80,2026-05-20 16:44:23.187989,Target,0,1.6
1840,588,226,2026-05-23 23:11:12.187993,Amazon,0,4.52
1841,599,54,2026-05-20 02:28:04.187998,Target,0,1.08
1842,629,91,2026-05-20 07:13:40.188002,Target,0,1.82
1843,874,26,2026-05-19 20:40:00.188007,BestBuy,0,0.52
1844,342,194,2026-05-20 04:11:45.188011,Walmart,0,3.88
1845,981,55,2026-05-21 06:46:28.188016,Amazon,0,1.1
1846,27,101,2026-05-23 00:08:23.188020,Walmart,0,2.02
1847,825,99,2026-05-21 13:36:41.188027,Amazon,0,1.98
1848,287,230,2026-05-22 09:31:31.188032,Amazon,0,4.6
1849,646,27,2026-05-23 19:54:56.188036,Target,0,0.54
1850,731,60,2026-05-25 17:15:49.188041,BestBuy,0,1.2
1851,168,66,2026-05-22 05:59:43.188046,Walmart,0,1.32
1852,610,51,2026-05-25 22:52:52.188050,Walmart,0,1.02
1853,268,100,2026-05-25 13:39:59.188055,Target,0,2.0
1854,749,54,2026-05-25 17:14:37.188059,Walmart,0,1.08
1855,821,131,2026-05-24 09:31:38.188064,Walmart,0,2.62
1856,455,64,2026-05-24 04:41:35.188070,Amazon,0,1.28
1857,906,96,2026-05-22 17:01:17.188074,BestBuy,0,1.92
1858,685,70,2026-05-25 10:36:19.188078,BestBuy,0,1.4
1859,401,211,2026-05-20 02:08:29.188082,Walmart,0,4.22
1860,922,46,2026-05-26 02:20:28.188087,Walmart,0,0.92
1861,981,89,2026-05-20 22:17:05.188091,Amazon,0,1.78
1862,476,26,2026-05-22 01:48:14.188095,Target,0,0.52
1863,702,252,2026-05-25 12:44:05.188099,Amazon,0,5.04
1864,634,134,2026-05-19 18:16:12.188104,Target,0,2.68
1865,558,6,2026-05-22 05:11:52.188108,Target,0,0.12
1866,576,39,2026-05-24 04:29:41.188112,Amazon,0,0.78
1867,130,193,2026-05-22 07:08:23.188116,BestBuy,0,3.86
1868,822,296,2026-05-23 06:24:05.188121,Amazon,0,5.92
1869,363,102,2026-05-25 01:46:28.188125,Target,0,2.04
1870,705,97,2026-05-21 11:38:34.188129,BestBuy,0,1.94
1871,819,50,2026-05-21 15:07:36.188134,BestBuy,0,1.0
1872,693,70,2026-05-25 05:46:15.188138,Amazon,0,1.4
1873,292,98,2026-05-24 20:48:00.188142,BestBuy,0,1.96
1874,371,51,2026-05-20 00:18:56.188147,BestBuy,0,1.02
1875,794,15,2026-05-26 12:53:53.188151,Amazon,0,0.3
1876,29,65,2026-05-21 05:14:22.188155,Walmart,0,1.3
1877,149,145,2026-05-20 15:23:16.188159,BestBuy,0,2.9
1878,779,54,2026-05-23 00:51:55.188163,Amazon,0,1.08
1879,296,151,2026-05-21 21:11:15.188167,Amazon,0,3.02
1880,11,15,2026-05-19 20:22:37.188172,Walmart,0,0.3
1881,512,70,2026-05-24 13:03:00.188176,BestBuy,0,1.4
1882,676,46,2026-05-21 20:40:10.188180,Target,0,0.92
1883,113,58,2026-05-21 04:22:15.188185,Target,0,1.16
1884,187,102,2026-05-21 09:46:54.188189,BestBuy,0,2.04
1885,807,92,2026-05-19 20:04:11.188193,BestBuy,0,1.84
1886,744,1,2026-05-21 09:44:19.188197,Amazon,0,0.02
1887,227,40,2026-05-24 10:14:52.188201,Amazon,0,0.8
1888,310,122,2026-05-23 03:39:20.188206,Target,0,2.44
1889,98,22,2026-05-22 17:34:41.188210,BestBuy,0,0.44
1890,55,111,2026-05-21 21:09:18.188214,Amazon,0,2.22
1891,623,41,2026-05-20 00:04:30.188218,Target,0,0.82
1892,664,98,2026-05-24 20:35:24.188223,Target,0,1.96
1893,758,130,2026-05-23 02:39:59.188227,Walmart,0,2.6
1894,406,87,2026-05-23 07:46:14.188231,BestBuy,0,1.74
1895,69,89,2026-05-21 11:22:58.188235,Walmart,0,1.78
1896,312,55,2026-05-23 21:01:22.188239,Amazon,0,1.1
1897,289,58,2026-05-19 18:45:40.188244,Amazon,0,1.16
1898,762,41,2026-05-21 08:52:56.188248,Target,0,0.82
1899,548,137,2026-05-20 13:46:51.188252,Amazon,0,2.74
1900,751,25,2026-05-21 21:14:45.188256,Walmart,0,0.5
1901,148,79,2026-05-25 13:42:40.188260,BestBuy,0,1.58
1902,467,15,2026-05-25 19:03:14.188265,Target,0,0.3
1903,739,38,2026-05-22 16:05:31.188269,Target,0,0.76
1904,244,56,2026-05-23 15:37:29.188273,Amazon,0,1.12
1905,491,31,2026-05-25 04:39:53.188277,Target,0,0.62
1906,849,57,2026-05-23 07:29:15.188282,Target,0,1.14
1907,958,51,2026-05-26 11:43:01.188286,BestBuy,0,1.02
1908,507,239,2026-05-24 11:30:37.188290,Target,0,4.78
1909,365,165,2026-05-20 03:54:15.188294,BestBuy,0,3.3
1910,482,160,2026-05-24 08:04:54.188299,Walmart,0,3.2
1911,201,46,2026-05-22 08:53:18.188303,Target,0,0.92
1912,154,21,2026-05-25 23:15:53.188307,Walmart,0,0.42
1913,450,12,2026-05-23 22:37:34.188311,BestBuy,0,0.24
1914,501,103,2026-05-25 01:48:07.188315,Target,0,2.06
1915,73,51,2026-05-23 03:13:13.188319,Amazon,0,1.02
1916,713,23,2026-05-19 19:43:58.188324,Amazon,0,0.46
1917,296,151,2026-05-19 21:13:09.188328,Target,0,3.02
1918,17,18,2026-05-24 21:45:06.188332,BestBuy,0,0.36
1919,641,119,2026-05-25 21:54:25.188336,Amazon,0,2.38
1920,217,81,2026-05-21 00:08:37.188341,Walmart,0,1.62
1921,61,69,2026-05-24 13:03:44.188345,BestBuy,0,1.38
1922,939,142,2026-05-24 07:49:46.188349,BestBuy,0,2.84
1923,616,60,2026-05-24 15:44:41.188353,Target,0,1.2
1924,42,31,2026-05-19 19:22:29.188358,Walmart,0,0.62
1925,25,204,2026-05-22 00:39:17.188362,BestBuy,1,40.8
1926,39,47,2026-05-22 22:32:27.188366,Target,0,0.94
1927,803,56,2026-05-19 20:48:42.188370,Walmart,0,1.12
1928,131,67,2026-05-23 13:39:30.188375,BestBuy,0,1.34
1929,498,29,2026-05-20 01:05:35.188379,Amazon,0,0.58
1930,229,227,2026-05-22 21:52:59.188383,Walmart,0,4.54
1931,108,67,2026-05-20 10:49:54.188388,BestBuy,0,1.34
1932,172,140,2026-05-21 04:43:00.188392,Walmart,0,2.8
1933,435,37,2026-05-25 15:10:20.188399,Amazon,0,0.74
1934,478,86,2026-05-23 17:29:50.188403,BestBuy,0,1.72
1935,102,155,2026-05-20 04:24:15.188408,Amazon,0,3.1
1936,866,73,2026-05-25 10:59:33.188412,Target,0,1.46
1937,524,49,2026-05-21 22:54:14.188416,Target,0,0.98
1938,275,57,2026-05-26 02:28:03.188420,BestBuy,0,1.14
1939,613,28,2026-05-21 07:41:28.188425,BestBuy,0,0.56
1940,44,32,2026-05-26 07:25:28.188429,Walmart,0,0.64
1941,955,168,2026-05-23 08:58:28.188433,BestBuy,0,3.36
1942,817,15,2026-05-22 11:59:42.188437,Target,0,0.3
1943,957,51,2026-05-25 02:01:12.188441,BestBuy,0,1.02
1944,17,179,2026-05-24 07:54:15.188446,Walmart,0,3.58
1945,330,8,2026-05-19 21:51:15.188450,Target,0,0.16
1946,569,29,2026-05-23 18:12:23.188454,BestBuy,0,0.58
1947,823,169,2026-05-22 23:32:33.188458,Amazon,0,3.38
1948,497,194,2026-05-22 00:41:33.188463,Amazon,0,3.88
1949,815,114,2026-05-21 19:25:42.188467,Amazon,0,2.28
1950,12,47,2026-05-23 00:02:13.188471,Amazon,0,0.94
1951,318,102,2026-05-19 15:02:16.188475,Walmart,0,2.04
1952,592,186,2026-05-24 03:10:48.188480,Amazon,0,3.72
1953,216,65,2026-05-22 05:21:07.188484,Amazon,0,1.3
1954,339,175,2026-05-21 17:42:21.188488,BestBuy,0,3.5
1955,776,484,2026-05-23 11:16:22.188492,Amazon,0,9.68
1956,991,118,2026-05-21 16:04:38.188497,Amazon,0,2.36
1957,661,98,2026-05-21 08:17:04.188501,BestBuy,0,1.96
1958,81,47,2026-05-22 07:17:28.188505,Target,0,0.94
1959,727,18,2026-05-20 01:30:07.188510,Walmart,0,0.36
1960,485,36,2026-05-19 18:10:28.188514,Walmart,0,0.72
1961,374,100,2026-05-26 06:09:56.188518,Target,0,2.0
1962,976,11,2026-05-21 18:07:15.188522,BestBuy,0,0.22
1963,710,205,2026-05-23 22:25:32.188527,Target,0,4.1
1964,200,174,2026-05-19 17:31:22.188531,Walmart,0,3.48
1965,537,203,2026-05-26 04:10:57.188535,Walmart,0,4.06
1966,466,86,2026-05-23 18:34:20.188540,Target,0,1.72
1967,89,29,2026-05-22 15:47:13.188544,Amazon,0,0.58
1968,268,186,2026-05-20 19:11:31.188548,Walmart,0,3.72
1969,655,36,2026-05-22 03:48:42.188552,Target,0,0.72
1970,571,4,2026-05-23 12:20:07.188556,Amazon,0,0.08
1971,922,33,2026-05-22 05:06:15.188561,Amazon,0,0.66
1972,489,52,2026-05-21 23:35:25.188565,BestBuy,0,1.04
1973,877,64,2026-05-19 19:22:22.188569,Target,0,1.28
1974,538,45,2026-05-23 17:14:35.188573,Walmart,0,0.9
1975,47,132,2026-05-24 14:52:23.188577,BestBuy,0,2.64
1976,288,68,2026-05-22 20:47:43.188582,Walmart,0,1.36
1977,778,36,2026-05-21 18:09:10.188586,Amazon,0,0.72
1978,16,300,2026-05-19 18:17:48.188590,Target,0,6.0
1979,711,88,2026-05-20 03:58:16.188594,Amazon,0,1.76
1980,401,83,2026-05-20 07:48:47.188599,Amazon,0,1.66
1981,919,178,2026-05-19 17:44:54.188603,Amazon,0,3.56
1982,794,34,2026-05-24 01:07:39.188607,Target,0,0.68
1983,981,268,2026-05-20 03:52:06.188611,BestBuy,1,53.6
1984,86,96,2026-05-22 10:28:59.188616,Walmart,0,1.92
1985,250,48,2026-05-24 21:49:52.188620,Amazon,0,0.96
1986,391,225,2026-05-25 14:06:29.188624,Walmart,0,4.5
1987,782,90,2026-05-25 21:14:00.188628,Walmart,0,1.8
1988,335,133,2026-05-24 18:00:22.188633,BestBuy,0,2.66
1989,629,10,2026-05-19 17:52:12.188637,Target,0,0.2
1990,519,14,2026-05-22 08:06:55.188641,Walmart,0,0.28
1991,137,64,2026-05-23 23:13:37.188645,BestBuy,0,1.28
1992,883,68,2026-05-24 00:19:03.188650,Walmart,0,1.36
1993,688,185,2026-05-22 02:12:52.188654,Amazon,0,3.7
1994,840,22,2026-05-26 08:57:33.188658,BestBuy,0,0.44
1995,498,237,2026-05-21 16:36:57.188662,Target,0,4.74
1996,827,185,2026-05-25 09:39:13.188667,Target,0,3.7
1997,727,201,2026-05-20 06:32:34.188671,Amazon,0,4.02
1998,477,28,2026-05-21 20:38:32.188675,Amazon,0,0.56
1999,594,114,2026-05-24 18:46:16.188680,Walmart,0,2.28
2000,223,165,2026-05-22 07:05:41.188684,BestBuy,0,3.3
2001,990,101,2026-05-20 17:35:07.188688,BestBuy,0,2.02
2002,372,86,2026-05-21 06:30:53.188692,BestBuy,0,1.72
2003,935,96,2026-05-20 07:44:46.188696,BestBuy,0,1.92
2004,995,50,2026-05-22 22:58:46.188701,Walmart,0,1.0
2005,402,154,2026-05-22 16:12:11.188705,BestBuy,0,3.08
2006,443,195,2026-05-21 15:58:59.188709,BestBuy,0,3.9
2007,490,40,2026-05-21 06:41:51.188713,Target,0,0.8
2008,615,155,2026-05-24 03:06:37.188718,Target,0,3.1
2009,273,41,2026-05-22 07:35:56.188722,Walmart,0,0.82
2010,526,50,2026-05-25 22:37:51.188726,Amazon,0,1.0
2011,159,14,2026-05-21 23:25:07.188730,Target,0,0.28
2012,152,89,2026-05-26 10:25:08.188735,Amazon,0,1.78
2013,995,78,2026-05-25 10:55:35.188739,Walmart,0,1.56
2014,620,53,2026-05-20 08:20:42.188743,Target,0,1.06
2015,188,192,2026-05-23 01:07:42.188747,Target,0,3.84
2016,813,203,2026-05-23 05:18:46.188752,Walmart,0,4.06
2017,98,89,2026-05-24 23:22:01.188758,BestBuy,0,1.78
2018,131,74,2026-05-24 00:59:20.188766,Walmart,0,1.48
2019,805,268,2026-05-22 04:00:11.188771,Amazon,0,5.36
2020,171,76,2026-05-22 15:26:12.188784,Amazon,0,1.52
2021,936,40,2026-05-24 16:31:46.188792,BestBuy,0,0.8
2022,986,60,2026-05-25 09:30:58.188797,Walmart,0,1.2
2023,183,81,2026-05-20 22:13:37.188801,Walmart,0,1.62
2024,983,117,2026-05-24 05:04:12.188806,BestBuy,0,2.34
2025,364,31,2026-05-23 20:22:26.188810,Walmart,0,0.62
2026,39,39,2026-05-22 07:56:41.188815,Target,0,0.78
2027,527,148,2026-05-26 13:22:53.188819,Walmart,0,2.96
2028,888,26,2026-05-24 14:49:01.188824,Target,0,0.52
2029,497,135,2026-05-20 16:09:21.188829,Walmart,0,2.7
2030,516,61,2026-05-22 23:39:58.188833,Target,0,1.22
2031,349,13,2026-05-25 13:16:05.188837,Amazon,0,0.26
2032,982,84,2026-05-25 21:50:33.188842,BestBuy,0,1.68
2033,921,78,2026-05-24 17:03:41.188846,Amazon,0,1.56
2034,397,179,2026-05-21 23:17:09.188852,Target,0,3.58
2035,722,96,2026-05-25 10:39:42.188856,BestBuy,0,1.92
2036,161,164,2026-05-21 12:27:31.188860,Amazon,0,3.28
2037,16,139,2026-05-24 11:31:47.188865,Amazon,0,2.78
2038,493,227,2026-05-26 08:23:41.188869,Target,0,4.54
2039,426,113,2026-05-24 09:09:45.188873,Walmart,0,2.26
2040,108,55,2026-05-23 11:07:07.188877,Walmart,0,1.1
2041,894,188,2026-05-22 00:07:55.188881,Target,0,3.76
2042,450,63,2026-05-23 14:28:14.188885,Amazon,0,1.26
2043,311,250,2026-05-23 11:14:52.188889,Walmart,0,5.0
2044,739,96,2026-05-23 18:55:56.188893,Walmart,0,1.92
2045,170,80,2026-05-25 11:22:13.188897,Amazon,0,1.6
2046,546,176,2026-05-21 22:17:50.188901,Target,0,3.52
2047,414,15,2026-05-24 06:01:49.188905,Target,0,0.3
2048,251,25,2026-05-22 03:30:17.188909,Walmart,0,0.5
2049,759,22,2026-05-19 14:27:10.188913,Target,0,0.44
2050,781,186,2026-05-25 15:47:48.188917,Amazon,0,3.72
2051,141,45,2026-05-23 13:37:14.188921,Target,0,0.9
2052,274,131,2026-05-20 17:12:07.188925,BestBuy,0,2.62
2053,416,53,2026-05-24 04:38:44.188930,Target,0,1.06
2054,608,44,2026-05-20 21:01:19.188934,Target,0,0.88
2055,739,139,2026-05-24 06:06:38.188937,Target,0,2.78
2056,891,152,2026-05-20 06:43:00.188942,BestBuy,0,3.04
2057,39,120,2026-05-20 11:30:38.188946,Amazon,0,2.4
2058,814,87,2026-05-24 16:18:46.188950,Target,0,1.74
2059,29,21,2026-05-24 08:31:33.188953,Walmart,0,0.42
2060,958,40,2026-05-23 05:34:01.188957,Target,0,0.8
2061,477,48,2026-05-21 11:34:07.188961,BestBuy,0,0.96
2062,318,50,2026-05-24 20:58:36.188965,BestBuy,0,1.0
2063,245,144,2026-05-21 13:41:52.188969,Walmart,0,2.88
2064,748,133,2026-05-23 05:38:38.188973,BestBuy,0,2.66
2065,697,117,2026-05-20 00:13:43.188977,BestBuy,0,2.34
2066,272,61,2026-05-20 05:56:02.188981,BestBuy,0,1.22
2067,440,44,2026-05-25 22:38:13.188985,Amazon,0,0.88
2068,748,180,2026-05-22 11:23:31.188989,BestBuy,0,3.6
2069,239,269,2026-05-23 13:12:14.188993,Target,0,5.38
2070,377,108,2026-05-22 12:22:51.188997,Walmart,0,2.16
2071,266,53,2026-05-20 01:01:37.189002,Target,0,1.06
2072,926,141,2026-05-26 00:08:56.189006,Target,0,2.82
2073,921,68,2026-05-24 22:09:03.189010,Walmart,0,1.36
2074,359,84,2026-05-22 09:54:21.189014,Amazon,0,1.68
2075,340,59,2026-05-24 07:31:30.189018,Amazon,0,1.18
2076,389,268,2026-05-24 16:04:07.189022,BestBuy,1,53.6
2077,577,164,2026-05-20 10:22:45.189026,Amazon,0,3.28
2078,990,132,2026-05-23 08:24:31.189030,Amazon,0,2.64
2079,689,12,2026-05-20 18:52:57.189034,BestBuy,0,0.24
2080,3,75,2026-05-20 20:50:26.189038,Amazon,0,1.5
2081,429,120,2026-05-21 21:09:05.189042,Amazon,0,2.4
2082,142,32,2026-05-20 14:48:49.189047,BestBuy,0,0.64
2083,376,129,2026-05-20 08:06:46.189051,Target,0,2.58
2084,670,31,2026-05-23 14:59:02.189055,Target,0,0.62
2085,324,70,2026-05-25 03:30:33.189059,Walmart,0,1.4
2086,146,141,2026-05-19 20:31:34.189063,Amazon,0,2.82
2087,958,91,2026-05-22 05:46:43.189067,BestBuy,0,1.82
2088,293,67,2026-05-24 00:28:33.189071,BestBuy,0,1.34
2089,665,209,2026-05-25 05:59:27.189075,Amazon,0,4.18
2090,432,126,2026-05-22 07:12:05.189079,Amazon,0,2.52
2091,705,128,2026-05-24 00:13:57.189084,BestBuy,0,2.56
2092,949,122,2026-05-20 06:09:56.189088,BestBuy,0,2.44
2093,975,111,2026-05-23 18:52:15.189091,BestBuy,0,2.22
2094,585,130,2026-05-23 19:03:08.189095,Walmart,0,2.6
2095,399,222,2026-05-26 02:05:40.189099,Target,0,4.44
2096,817,144,2026-05-19 19:19:07.189103,BestBuy,0,2.88
2097,889,133,2026-05-21 18:30:46.189108,Target,0,2.66
2098,344,118,2026-05-24 16:24:14.189112,Amazon,0,2.36
2099,964,232,2026-05-22 20:23:44.189116,Target,0,4.64
2100,140,20,2026-05-23 06:03:35.189120,Target,0,0.4
2101,187,45,2026-05-24 17:14:37.189124,Target,0,0.9
2102,805,278,2026-05-22 22:45:34.189131,Amazon,0,5.56
2103,61,76,2026-05-24 18:48:35.189135,Target,0,1.52
2104,997,18,2026-05-25 11:14:59.189139,Target,0,0.36
2105,939,93,2026-05-23 00:47:58.189143,Walmart,0,1.86
2106,380,42,2026-05-23 17:39:25.189147,Amazon,0,0.84
2107,710,116,2026-05-25 16:14:57.189151,Target,0,2.32
2108,807,42,2026-05-23 22:14:43.189155,Amazon,0,0.84
2109,440,177,2026-05-25 21:53:05.189160,BestBuy,0,3.54
2110,319,151,2026-05-19 21:58:13.189164,Target,0,3.02
2111,302,112,2026-05-20 01:23:13.189168,Amazon,0,2.24
2112,344,72,2026-05-19 18:55:50.189172,Target,0,1.44
2113,11,144,2026-05-25 13:46:54.189176,Target,0,2.88
2114,62,167,2026-05-24 02:06:52.189180,BestBuy,0,3.34
2115,845,89,2026-05-23 15:42:05.189184,Walmart,0,1.78
2116,226,62,2026-05-24 11:20:39.189188,Amazon,0,1.24
2117,153,118,2026-05-24 22:34:36.189192,Target,0,2.36
2118,711,78,2026-05-26 08:26:44.189196,BestBuy,0,1.56
2119,564,92,2026-05-25 12:56:22.189200,BestBuy,0,1.84
2120,772,133,2026-05-25 01:13:01.189204,Walmart,0,2.66
2121,571,32,2026-05-22 03:18:19.189208,Walmart,0,0.64
2122,584,162,2026-05-19 19:36:39.189212,BestBuy,0,3.24
2123,660,85,2026-05-20 23:00:57.189217,BestBuy,0,1.7
2124,861,13,2026-05-23 18:18:31.189221,Amazon,0,0.26
2125,575,47,2026-05-25 14:37:58.189225,Amazon,0,0.94
2126,310,33,2026-05-25 21:53:59.189229,BestBuy,0,0.66
2127,885,98,2026-05-25 02:34:05.189233,BestBuy,0,1.96
2128,243,83,2026-05-22 11:14:08.189237,Walmart,0,1.66
2129,493,51,2026-05-20 06:06:08.189241,Amazon,0,1.02
2130,366,332,2026-05-25 12:00:45.189245,BestBuy,1,66.4
2131,330,86,2026-05-24 20:02:17.189249,Amazon,0,1.72
2132,107,72,2026-05-20 10:43:19.189253,Amazon,0,1.44
2133,226,64,2026-05-20 07:23:27.189257,BestBuy,0,1.28
2134,825,272,2026-05-20 18:24:48.189261,BestBuy,1,54.4
2135,218,31,2026-05-22 21:38:05.189265,Target,0,0.62
2136,937,53,2026-05-20 22:36:25.189269,Amazon,0,1.06
2137,753,253,2026-05-23 09:21:26.189274,Amazon,0,5.06
2138,506,102,2026-05-22 20:16:27.189278,Walmart,0,2.04
2139,259,58,2026-05-22 07:20:15.189282,Walmart,0,1.16
2140,888,265,2026-05-25 20:05:43.189285,Walmart,0,5.3
2141,774,115,2026-05-20 18:14:39.189290,Amazon,0,2.3
2142,517,101,2026-05-20 08:27:31.189294,BestBuy,0,2.02
2143,773,40,2026-05-25 08:06:03.189298,BestBuy,0,0.8
2144,54,61,2026-05-24 21:19:41.189302,BestBuy,0,1.22
2145,47,17,2026-05-20 15:16:53.189306,Amazon,0,0.34
2146,727,120,2026-05-24 19:56:06.189310,BestBuy,0,2.4
2147,689,198,2026-05-23 05:16:44.189314,Walmart,0,3.96
2148,521,37,2026-05-22 09:02:51.189318,BestBuy,0,0.74
2149,99,85,2026-05-24 11:08:54.189322,BestBuy,0,1.7
2150,20,74,2026-05-23 09:00:06.189326,Walmart,0,1.48
2151,890,23,2026-05-24 07:58:18.189330,Target,0,0.46
2152,753,173,2026-05-22 19:05:07.189335,Target,0,3.46
2153,573,17,2026-05-25 07:16:05.189338,Target,0,0.34
2154,891,52,2026-05-22 20:57:00.189343,Amazon,0,1.04
2155,490,344,2026-05-21 13:08:41.189347,Amazon,0,6.88
2156,419,137,2026-05-20 17:26:18.189350,Walmart,0,2.74
2157,690,77,2026-05-20 01:53:33.189354,Target,0,1.54
2158,850,19,2026-05-19 22:06:36.189359,Amazon,0,0.38
2159,62,176,2026-05-22 23:45:17.189362,BestBuy,0,3.52
2160,145,215,2026-05-20 20:05:47.189367,Target,0,4.3
2161,216,22,2026-05-23 13:11:03.189370,Target,0,0.44
2162,3,136,2026-05-24 15:22:19.189375,Amazon,0,2.72
2163,160,174,2026-05-24 00:35:37.189378,Target,0,3.48
2164,739,207,2026-05-23 11:44:06.189382,Walmart,0,4.14
2165,998,97,2026-05-24 03:53:32.189387,Walmart,0,1.94
2166,781,70,2026-05-20 12:31:04.189391,Amazon,0,1.4
2167,120,22,2026-05-21 07:09:41.189395,Target,0,0.44
2168,893,65,2026-05-23 21:30:07.189399,Walmart,0,1.3
2169,89,80,2026-05-22 22:29:05.189403,Target,0,1.6
2170,329,31,2026-05-21 05:43:26.189407,Walmart,0,0.62
2171,580,57,2026-05-23 19:12:30.189411,Walmart,0,1.14
2172,910,96,2026-05-25 06:19:47.189416,Target,0,1.92
2173,357,48,2026-05-25 21:13:16.189420,Amazon,0,0.96
2174,610,71,2026-05-21 01:33:42.189424,Amazon,0,1.42
2175,267,92,2026-05-23 20:41:30.189428,Amazon,0,1.84
2176,617,93,2026-05-21 12:24:37.189431,Target,0,1.86
2177,952,40,2026-05-25 07:42:58.189435,Target,0,0.8
2178,323,43,2026-05-19 21:08:02.189439,Target,0,0.86
2179,635,23,2026-05-25 05:52:56.189443,Amazon,0,0.46
2180,988,204,2026-05-24 05:02:03.189446,Target,0,4.08
2181,541,71,2026-05-21 04:52:33.189450,Amazon,0,1.42
2182,649,53,2026-05-23 08:19:30.189454,Walmart,0,1.06
2183,195,84,2026-05-26 08:43:35.189458,Amazon,0,1.68
2184,921,170,2026-05-21 01:16:09.189462,Amazon,0,3.4
2185,738,73,2026-05-23 20:09:28.189465,BestBuy,0,1.46
2186,332,74,2026-05-25 23:14:33.189469,BestBuy,0,1.48
2187,170,18,2026-05-21 18:52:02.189476,Amazon,0,0.36
2188,521,275,2026-05-20 06:53:53.189480,BestBuy,1,55.0
2189,463,113,2026-05-21 20:49:08.189484,Target,0,2.26
2190,40,7,2026-05-21 18:37:47.189488,BestBuy,0,0.14
2191,537,24,2026-05-24 03:11:57.189492,BestBuy,0,0.48
2192,261,64,2026-05-20 17:56:50.189495,BestBuy,0,1.28
2193,395,140,2026-05-25 21:47:37.189499,Amazon,0,2.8
2194,955,80,2026-05-25 23:21:47.189503,Walmart,0,1.6
2195,226,68,2026-05-26 09:42:07.189507,Walmart,0,1.36
2196,984,291,2026-05-26 09:07:24.189511,Walmart,0,5.82
2197,124,98,2026-05-26 10:01:09.189515,Walmart,0,1.96
2198,975,28,2026-05-20 23:43:33.189518,Walmart,0,0.56
2199,38,143,2026-05-20 18:48:22.189522,Walmart,0,2.86
2200,328,118,2026-05-26 09:22:13.189526,Amazon,0,2.36
2201,251,60,2026-05-21 22:48:45.189530,Target,0,1.2
2202,901,152,2026-05-20 19:55:10.189534,Target,0,3.04
2203,176,202,2026-05-22 04:48:23.189538,Walmart,0,4.04
2204,602,185,2026-05-21 05:41:32.189541,BestBuy,0,3.7
2205,914,84,2026-05-24 01:55:40.189545,BestBuy,0,1.68
2206,454,84,2026-05-22 14:32:22.189549,Amazon,0,1.68
2207,37,277,2026-05-22 06:56:25.189553,Walmart,0,5.54
2208,316,33,2026-05-23 07:34:08.189556,Walmart,0,0.66
2209,688,34,2026-05-21 06:36:49.189560,BestBuy,0,0.68
2210,973,106,2026-05-23 09:15:41.189564,Walmart,0,2.12
2211,796,159,2026-05-22 10:32:44.189568,Walmart,0,3.18
2212,965,21,2026-05-24 13:01:32.189572,BestBuy,0,0.42
2213,973,260,2026-05-20 03:04:51.189576,Target,0,5.2
2214,593,257,2026-05-20 01:15:34.189580,Target,0,5.14
2215,114,172,2026-05-24 16:54:06.189583,Amazon,0,3.44
2216,40,68,2026-05-21 17:48:03.189587,BestBuy,0,1.36
2217,301,47,2026-05-24 06:25:22.189591,Amazon,0,0.94
2218,224,22,2026-05-22 17:17:22.189595,Walmart,0,0.44
2219,318,40,2026-05-25 23:54:32.189599,BestBuy,0,0.8
2220,349,88,2026-05-25 07:37:59.189602,Target,0,1.76
2221,115,258,2026-05-20 14:11:15.189606,Walmart,0,5.16
2222,698,71,2026-05-24 17:39:17.189610,Target,0,1.42
2223,323,118,2026-05-25 09:48:55.189614,Target,0,2.36
2224,568,98,2026-05-22 07:29:26.189618,Amazon,0,1.96
2225,40,126,2026-05-21 16:51:47.189621,BestBuy,0,2.52
2226,866,53,2026-05-23 00:32:08.189625,BestBuy,0,1.06
2227,40,50,2026-05-19 16:14:23.189629,BestBuy,0,1.0
2228,859,267,2026-05-24 01:08:42.189633,Amazon,0,5.34
2229,973,91,2026-05-20 15:59:19.189636,Target,0,1.82
2230,749,73,2026-05-23 22:23:26.189640,Amazon,0,1.46
2231,289,55,2026-05-22 21:42:24.189644,BestBuy,0,1.1
2232,262,139,2026-05-24 16:19:36.189648,Walmart,0,2.78
2233,216,158,2026-05-24 15:39:12.189652,BestBuy,0,3.16
2234,147,51,2026-05-24 13:45:24.189656,BestBuy,0,1.02
2235,336,90,2026-05-23 21:28:39.189659,Target,0,1.8
2236,168,238,2026-05-21 18:48:50.189663,BestBuy,1,47.6
2237,92,66,2026-05-24 14:48:09.189667,BestBuy,0,1.32
2238,353,41,2026-05-26 02:49:02.189671,Target,0,0.82
2239,571,120,2026-05-21 12:43:30.189675,BestBuy,0,2.4
2240,571,95,2026-05-20 17:04:16.189679,BestBuy,0,1.9
2241,816,55,2026-05-25 17:11:35.189683,Target,0,1.1
2242,681,173,2026-05-23 17:54:48.189686,Walmart,0,3.46
2243,781,55,2026-05-23 17:39:47.189690,Target,0,1.1
2244,363,56,2026-05-22 17:01:39.189694,BestBuy,0,1.12
2245,557,48,2026-05-19 20:02:47.189698,Amazon,0,0.96
2246,345,40,2026-05-23 00:41:08.189702,Walmart,0,0.8
2247,693,21,2026-05-23 09:33:44.189706,Target,0,0.42
2248,170,15,2026-05-20 00:43:32.189709,Walmart,0,0.3
2249,356,46,2026-05-24 06:58:12.189713,Walmart,0,0.92
2250,191,128,2026-05-22 10:50:42.189717,Amazon,0,2.56
2251,667,73,2026-05-26 07:52:57.189721,Amazon,0,1.46
2252,422,202,2026-05-26 09:52:01.189725,Amazon,0,4.04
2253,700,63,2026-05-22 10:36:02.189729,BestBuy,0,1.26
2254,7,117,2026-05-23 21:22:52.189732,Target,0,2.34
2255,133,12,2026-05-24 00:43:36.189736,BestBuy,0,0.24
2256,747,22,2026-05-24 17:05:34.189740,Target,0,0.44
2257,557,27,2026-05-24 12:58:54.189743,BestBuy,0,0.54
2258,826,45,2026-05-21 10:43:37.189747,BestBuy,0,0.9
2259,761,160,2026-05-21 01:09:38.189751,Amazon,0,3.2
2260,31,80,2026-05-20 00:19:35.189755,BestBuy,0,1.6
2261,535,119,2026-05-25 21:43:39.189758,Amazon,0,2.38
2262,426,63,2026-05-21 23:14:57.189762,Target,0,1.26
2263,394,115,2026-05-21 07:53:38.189766,Amazon,0,2.3
2264,672,21,2026-05-21 12:58:40.189770,Walmart,0,0.42
2265,363,93,2026-05-19 23:30:51.189773,Walmart,0,1.86
2266,437,9,2026-05-25 23:56:29.189777,BestBuy,0,0.18
2267,670,64,2026-05-21 05:01:31.189781,Walmart,0,1.28
2268,551,51,2026-05-23 01:46:10.189785,Target,0,1.02
2269,927,116,2026-05-22 19:36:30.189788,BestBuy,0,2.32
2270,82,17,2026-05-22 15:11:51.189792,Amazon,0,0.34
2271,356,31,2026-05-21 16:27:43.189796,BestBuy,0,0.62
2272,258,172,2026-05-26 08:58:32.189800,BestBuy,0,3.44
2273,718,52,2026-05-22 19:49:17.189817,Walmart,0,1.04
2274,589,24,2026-05-24 03:54:12.189823,BestBuy,0,0.48
2275,989,98,2026-05-21 15:19:13.189827,Target,0,1.96
2276,524,54,2026-05-23 02:03:00.189831,BestBuy,0,1.08
2277,295,93,2026-05-21 06:02:52.189835,Amazon,0,1.86
2278,962,41,2026-05-20 11:29:16.189838,Amazon,0,0.82
2279,224,277,2026-05-23 14:11:37.189842,Walmart,0,5.54
2280,525,66,2026-05-24 06:31:44.189846,BestBuy,0,1.32
2281,46,100,2026-05-22 01:03:00.189850,Amazon,0,2.0
2282,667,82,2026-05-20 05:04:15.189854,BestBuy,0,1.64
2283,113,15,2026-05-24 20:31:51.189858,BestBuy,0,0.3
2284,233,34,2026-05-21 12:41:27.189862,Amazon,0,0.68
2285,17,15,2026-05-19 17:36:39.189865,BestBuy,0,0.3
2286,360,19,2026-05-22 11:41:38.189869,Walmart,0,0.38
2287,223,237,2026-05-19 17:41:22.189873,Walmart,0,4.74
2288,866,102,2026-05-21 21:13:13.189877,Amazon,0,2.04
2289,700,196,2026-05-21 19:58:58.189881,Target,0,3.92
2290,448,95,2026-05-20 13:55:24.189884,Target,0,1.9
2291,856,174,2026-05-21 14:08:45.189888,BestBuy,0,3.48
2292,365,36,2026-05-21 23:47:48.189892,Walmart,0,0.72
2293,675,49,2026-05-23 14:25:01.189896,Amazon,0,0.98
2294,326,113,2026-05-26 10:01:43.189900,Walmart,0,2.26
2295,467,33,2026-05-21 12:21:48.189903,Target,0,0.66
2296,414,245,2026-05-22 11:26:43.189907,Target,0,4.9
2297,455,74,2026-05-21 11:37:41.189911,BestBuy,0,1.48
2298,586,192,2026-05-20 06:53:43.189915,Amazon,0,3.84
2299,233,42,2026-05-26 11:21:55.189919,BestBuy,0,0.84
2300,224,63,2026-05-23 05:52:53.189923,Walmart,0,1.26
2301,994,45,2026-05-23 12:59:47.189926,Walmart,0,0.9
2302,831,218,2026-05-21 01:42:14.189930,Target,0,4.36
2303,412,19,2026-05-22 13:37:45.189934,BestBuy,0,0.38
2304,572,186,2026-05-20 10:52:28.189938,Walmart,0,3.72
2305,335,133,2026-05-23 08:13:44.189942,Walmart,0,2.66
2306,222,21,2026-05-24 05:59:56.189946,Walmart,0,0.42
2307,37,131,2026-05-24 01:36:55.189950,Amazon,0,2.62
2308,989,62,2026-05-21 16:20:19.189954,Target,0,1.24
2309,278,46,2026-05-24 21:38:04.189958,BestBuy,0,0.92
2310,196,57,2026-05-25 19:41:58.189962,Walmart,0,1.14
2311,916,26,2026-05-21 14:52:58.189966,Amazon,0,0.52
2312,864,4,2026-05-21 09:50:46.189969,Walmart,0,0.08
2313,484,278,2026-05-20 20:46:00.189973,Walmart,0,5.56
2314,242,96,2026-05-22 02:36:59.189977,Target,0,1.92
2315,324,291,2026-05-22 13:07:08.189981,Amazon,0,5.82
2316,731,32,2026-05-25 13:50:42.189985,Walmart,0,0.64
2317,192,71,2026-05-24 12:42:13.189988,Target,0,1.42
2318,17,20,2026-05-21 13:25:24.189992,Amazon,0,0.4
2319,524,127,2026-05-22 00:31:05.189996,Walmart,0,2.54
2320,918,83,2026-05-21 03:35:36.190000,BestBuy,0,1.66
2321,401,53,2026-05-21 10:13:48.190003,Target,0,1.06
2322,906,18,2026-05-21 05:01:01.190007,Walmart,0,0.36
2323,886,92,2026-05-21 03:52:22.190011,Walmart,0,1.84
2324,705,203,2026-05-24 15:54:59.190015,Amazon,0,4.06
2325,22,114,2026-05-21 18:18:57.190020,BestBuy,0,2.28
2326,474,198,2026-05-22 23:02:15.190024,Target,0,3.96
2327,120,245,2026-05-26 06:55:54.190027,Amazon,0,4.9
2328,210,87,2026-05-21 06:03:53.190031,Walmart,0,1.74
2329,306,48,2026-05-23 07:47:21.190035,Target,0,0.96
2330,270,132,2026-05-22 15:33:11.190039,Walmart,0,2.64
2331,704,130,2026-05-23 14:28:29.190043,Walmart,0,2.6
2332,687,108,2026-05-21 10:34:00.190046,BestBuy,0,2.16
2333,285,142,2026-05-19 18:31:32.190050,Walmart,0,2.84
2334,716,49,2026-05-25 18:25:45.190054,Target,0,0.98
2335,676,46,2026-05-26 07:13:44.190058,Walmart,0,0.92
2336,763,177,2026-05-24 13:35:34.190061,Target,0,3.54
2337,227,61,2026-05-21 18:02:59.190065,BestBuy,0,1.22
2338,948,119,2026-05-22 13:34:49.190069,Walmart,0,2.38
2339,381,91,2026-05-25 16:12:07.190072,Amazon,0,1.82
2340,460,75,2026-05-19 16:08:03.190076,Target,0,1.5
2341,7,136,2026-05-20 03:52:43.190080,Walmart,0,2.72
2342,29,112,2026-05-21 20:43:03.190083,Amazon,0,2.24
2343,907,65,2026-05-23 13:56:17.190087,Target,0,1.3
2344,33,172,2026-05-25 08:22:31.190091,Amazon,0,3.44
2345,646,89,2026-05-25 20:14:13.190094,Walmart,0,1.78
2346,879,119,2026-05-25 06:38:45.190098,BestBuy,0,2.38
2347,79,30,2026-05-21 14:48:13.190101,BestBuy,0,0.6
2348,928,28,2026-05-21 07:16:05.190105,Amazon,0,0.56
2349,947,19,2026-05-23 23:47:25.190109,Walmart,0,0.38
2350,459,81,2026-05-24 07:07:52.190112,Walmart,0,1.62
2351,570,31,2026-05-25 19:56:40.190116,Target,0,0.62
2352,983,77,2026-05-25 17:03:22.190119,Walmart,0,1.54
2353,538,218,2026-05-21 15:02:39.190123,BestBuy,1,43.6
2354,482,39,2026-05-21 16:25:49.190127,Walmart,0,0.78
2355,430,92,2026-05-21 09:24:27.190131,Target,0,1.84
2356,738,83,2026-05-22 01:10:31.190134,Target,0,1.66
2357,285,17,2026-05-24 22:53:10.190139,Walmart,0,0.34
2358,516,37,2026-05-21 02:57:37.190142,Walmart,0,0.74
2359,977,22,2026-05-24 09:46:40.190146,Target,0,0.44
2360,99,72,2026-05-20 17:06:06.190150,Target,0,1.44
2361,397,293,2026-05-21 20:01:32.190154,Amazon,0,5.86
2362,489,47,2026-05-20 14:25:21.190158,BestBuy,0,0.94
2363,39,57,2026-05-23 02:15:17.190161,BestBuy,0,1.14
2364,271,28,2026-05-19 17:32:27.190165,Amazon,0,0.56
2365,887,67,2026-05-26 03:17:50.190168,Amazon,0,1.34
2366,797,291,2026-05-22 20:31:31.190172,BestBuy,1,58.2
2367,157,113,2026-05-23 09:50:24.190176,Target,0,2.26
2368,75,65,2026-05-20 02:48:56.190179,BestBuy,0,1.3
2369,884,252,2026-05-20 23:02:23.190183,Target,0,5.04
2370,800,183,2026-05-21 01:49:13.190187,BestBuy,0,3.66
2371,130,32,2026-05-26 09:24:20.190190,Target,0,0.64
2372,687,53,2026-05-21 05:17:34.190194,BestBuy,0,1.06
2373,974,21,2026-05-22 21:41:24.190198,Amazon,0,0.42
2374,84,105,2026-05-24 10:34:44.190202,Walmart,0,2.1
2375,22,123,2026-05-20 08:50:04.190205,Walmart,0,2.46
2376,459,69,2026-05-25 13:02:51.190209,Walmart,0,1.38
2377,539,141,2026-05-20 06:14:46.190212,Target,0,2.82
2378,707,105,2026-05-24 14:45:55.190216,Walmart,0,2.1
2379,849,198,2026-05-20 08:45:40.190220,BestBuy,0,3.96
2380,382,112,2026-05-26 09:59:32.190223,Walmart,0,2.24
2381,748,69,2026-05-23 13:00:24.190227,Target,0,1.38
2382,440,83,2026-05-21 17:06:38.190231,Target,0,1.66
2383,604,79,2026-05-25 20:20:08.190235,Target,0,1.58
2384,989,64,2026-05-19 18:04:23.190238,BestBuy,0,1.28
2385,21,82,2026-05-24 20:00:33.190242,Target,0,1.64
2386,303,46,2026-05-25 11:52:59.190246,BestBuy,0,0.92
2387,976,15,2026-05-23 13:58:09.190249,Target,0,0.3
2388,869,41,2026-05-25 04:57:55.190253,Amazon,0,0.82
2389,955,113,2026-05-22 23:55:21.190257,Target,0,2.26
2390,84,96,2026-05-20 19:11:45.190260,Walmart,0,1.92
2391,774,65,2026-05-21 06:12:08.190264,Walmart,0,1.3
2392,659,27,2026-05-23 14:13:57.190268,Amazon,0,0.54
2393,953,12,2026-05-24 07:49:11.190271,Target,0,0.24
2394,453,100,2026-05-26 02:52:55.190275,Walmart,0,2.0
2395,387,107,2026-05-22 07:16:27.190279,Walmart,0,2.14
2396,507,81,2026-05-25 07:13:59.190282,BestBuy,0,1.62
2397,257,135,2026-05-25 06:58:50.190286,BestBuy,0,2.7
2398,570,64,2026-05-20 17:02:35.190289,Target,0,1.28
2399,892,94,2026-05-21 10:12:18.190293,Amazon,0,1.88
2400,934,23,2026-05-24 13:26:17.190297,Target,0,0.46
2401,527,121,2026-05-20 14:01:47.190300,BestBuy,0,2.42
2402,162,147,2026-05-23 05:36:02.190304,BestBuy,0,2.94
2403,957,49,2026-05-24 03:20:52.190308,Target,0,0.98
2404,163,245,2026-05-25 15:29:41.190311,Target,0,4.9
2405,832,74,2026-05-22 13:34:29.190315,Target,0,1.48
2406,793,45,2026-05-22 09:30:34.190319,Target,0,0.9
2407,792,64,2026-05-26 02:12:55.190323,Amazon,0,1.28
2408,524,95,2026-05-23 07:05:08.190327,Walmart,0,1.9
2409,786,256,2026-05-20 05:46:16.190330,Target,0,5.12
2410,271,53,2026-05-25 18:51:44.190334,Walmart,0,1.06
2411,492,71,2026-05-25 00:45:09.190337,BestBuy,0,1.42
2412,208,85,2026-05-26 01:26:34.190341,Walmart,0,1.7
2413,539,23,2026-05-21 20:51:45.190345,Target,0,0.46
2414,584,52,2026-05-20 02:30:40.190348,Walmart,0,1.04
2415,60,63,2026-05-25 02:08:21.190352,Target,0,1.26
2416,430,57,2026-05-20 03:42:23.190355,Target,0,1.14
2417,985,50,2026-05-25 06:07:46.190359,BestBuy,0,1.0
2418,657,111,2026-05-19 22:25:52.190363,Target,0,2.22
2419,605,72,2026-05-22 21:32:41.190367,BestBuy,0,1.44
2420,309,50,2026-05-23 03:53:29.190370,Amazon,0,1.0
2421,520,56,2026-05-21 11:06:09.190374,Target,0,1.12
2422,591,101,2026-05-21 11:27:29.190378,BestBuy,0,2.02
2423,27,51,2026-05-23 03:55:44.190382,BestBuy,0,1.02
2424,686,111,2026-05-24 23:59:09.190385,Target,0,2.22
2425,562,115,2026-05-20 21:44:19.190389,Walmart,0,2.3
2426,199,74,2026-05-26 03:57:59.190393,BestBuy,0,1.48
2427,387,74,2026-05-24 00:41:26.190396,Amazon,0,1.48
2428,349,109,2026-05-20 19:24:04.190400,Walmart,0,2.18
2429,960,136,2026-05-25 01:29:53.190404,Walmart,0,2.72
2430,940,57,2026-05-23 22:29:00.190407,Target,0,1.14
2431,693,110,2026-05-25 21:06:27.190411,BestBuy,0,2.2
2432,536,84,2026-05-22 16:42:20.190415,Amazon,0,1.68
2433,828,32,2026-05-23 07:43:27.190419,BestBuy,0,0.64
2434,378,104,2026-05-19 13:54:30.190422,Amazon,0,2.08
2435,899,222,2026-05-24 19:15:23.190426,BestBuy,1,44.4
2436,916,77,2026-05-22 12:54:36.190430,Target,0,1.54
2437,558,231,2026-05-25 15:50:00.190433,Amazon,0,4.62
2438,527,19,2026-05-22 00:36:55.190437,Target,0,0.38
2439,153,98,2026-05-23 07:28:27.190441,BestBuy,0,1.96
2440,734,49,2026-05-22 02:39:06.190444,Amazon,0,0.98
2441,206,87,2026-05-25 22:43:18.190448,Amazon,0,1.74
2442,455,24,2026-05-26 09:02:18.190453,BestBuy,0,0.48
2443,273,183,2026-05-21 02:50:27.190456,Target,0,3.66
2444,894,36,2026-05-25 21:33:56.190460,Amazon,0,0.72
2445,236,49,2026-05-23 09:06:32.190464,Amazon,0,0.98
2446,852,83,2026-05-23 14:23:46.190468,Amazon,0,1.66
2447,740,39,2026-05-21 22:59:26.190472,BestBuy,0,0.78
2448,521,38,2026-05-21 17:11:37.190475,Walmart,0,0.76
2449,678,83,2026-05-26 08:39:50.190479,BestBuy,0,1.66
2450,944,86,2026-05-26 08:26:20.190483,Target,0,1.72
2451,956,64,2026-05-26 07:23:14.190486,Walmart,0,1.28
2452,831,124,2026-05-20 17:25:19.190490,Amazon,0,2.48
2453,726,70,2026-05-22 06:03:09.190494,Amazon,0,1.4
2454,501,26,2026-05-20 06:31:02.190498,Walmart,0,0.52
2455,117,9,2026-05-19 14:37:33.190502,Amazon,0,0.18
2456,386,71,2026-05-20 12:59:40.190505,Amazon,0,1.42
2457,344,24,2026-05-24 16:42:32.190509,BestBuy,0,0.48
2458,584,131,2026-05-20 19:55:52.190513,BestBuy,0,2.62
2459,395,1,2026-05-21 22:11:56.190516,Target,0,0.02
2460,64,110,2026-05-22 18:55:22.190520,Amazon,0,2.2
2461,717,32,2026-05-24 01:41:58.190524,Target,0,0.64
2462,721,127,2026-05-20 12:42:37.190528,Target,0,2.54
2463,72,30,2026-05-24 09:42:27.190531,Walmart,0,0.6
2464,789,257,2026-05-23 12:36:39.190535,Walmart,0,5.14
2465,274,249,2026-05-22 10:42:24.190538,Amazon,0,4.98
2466,990,169,2026-05-23 15:34:13.190542,Walmart,0,3.38
2467,320,109,2026-05-20 12:51:46.190546,Target,0,2.18
2468,338,11,2026-05-22 06:26:40.190550,BestBuy,0,0.22
2469,366,24,2026-05-23 10:06:52.190553,Walmart,0,0.48
2470,495,43,2026-05-25 03:41:44.190559,Target,0,0.86
2471,607,33,2026-05-24 17:51:18.190562,Walmart,0,0.66
2472,166,112,2026-05-24 16:46:43.190565,Amazon,0,2.24
2473,544,39,2026-05-22 18:40:34.190569,Walmart,0,0.78
2474,11,111,2026-05-22 06:55:45.190572,BestBuy,0,2.22
2475,301,121,2026-05-23 19:48:23.190576,Amazon,0,2.42
2476,729,172,2026-05-21 20:13:49.190579,Walmart,0,3.44
2477,801,211,2026-05-22 06:50:52.190583,BestBuy,1,42.2
2478,102,99,2026-05-20 19:22:37.190586,Target,0,1.98
2479,425,208,2026-05-21 10:17:48.190589,Walmart,0,4.16
2480,392,54,2026-05-25 16:35:24.190593,Walmart,0,1.08
2481,779,90,2026-05-26 00:00:22.190596,Target,0,1.8
2482,214,213,2026-05-21 17:06:53.190599,Target,0,4.26
2483,691,111,2026-05-23 07:28:51.190603,Walmart,0,2.22
2484,88,41,2026-05-23 07:12:54.190606,BestBuy,0,0.82
2485,553,79,2026-05-20 13:39:16.190610,Target,0,1.58
2486,401,269,2026-05-22 10:51:03.190613,Target,0,5.38
2487,588,13,2026-05-21 18:59:15.190616,BestBuy,0,0.26
2488,889,58,2026-05-21 03:34:27.190620,Walmart,0,1.16
2489,46,442,2026-05-25 00:40:32.190623,Amazon,0,8.84
2490,672,124,2026-05-22 10:45:30.190626,Walmart,0,2.48
2491,463,107,2026-05-21 22:34:15.190630,Walmart,0,2.14
2492,592,43,2026-05-20 04:33:52.190633,Amazon,0,0.86
2493,310,51,2026-05-21 22:44:05.190636,Walmart,0,1.02
2494,86,50,2026-05-20 19:24:42.190639,Walmart,0,1.0
2495,92,70,2026-05-25 21:02:13.190643,Target,0,1.4
2496,660,152,2026-05-24 04:18:27.190646,BestBuy,0,3.04
2497,673,153,2026-05-24 17:25:56.190649,Walmart,0,3.06
2498,714,117,2026-05-21 07:29:38.190653,Amazon,0,2.34
2499,936,77,2026-05-25 17:15:15.190656,Amazon,0,1.54
2500,928,7,2026-05-20 13:49:06.190660,Target,0,0.14
2501,242,192,2026-05-20 11:54:56.190663,Walmart,0,3.84
2502,865,138,2026-05-20 14:22:50.190666,Walmart,0,2.76
2503,2,194,2026-05-25 04:31:14.190670,Walmart,0,3.88
2504,225,44,2026-05-21 00:48:25.190673,Walmart,0,0.88
2505,801,52,2026-05-20 14:09:47.190676,Amazon,0,1.04
2506,745,424,2026-05-22 01:09:22.190680,Amazon,0,8.48
2507,973,15,2026-05-25 10:54:53.190683,Target,0,0.3
2508,926,128,2026-05-22 13:42:19.190687,Walmart,0,2.56
2509,929,172,2026-05-26 06:34:06.190690,Amazon,0,3.44
2510,589,10,2026-05-26 12:21:34.190694,Walmart,0,0.2
2511,116,80,2026-05-22 16:21:10.190697,BestBuy,0,1.6
2512,666,67,2026-05-23 20:04:35.190701,BestBuy,0,1.34
2513,918,25,2026-05-21 07:45:50.190704,Amazon,0,0.5
2514,103,135,2026-05-22 16:33:25.190708,BestBuy,0,2.7
2515,194,21,2026-05-23 15:22:30.190711,BestBuy,0,0.42
2516,166,98,2026-05-25 04:37:16.190714,Amazon,0,1.96
2517,871,47,2026-05-24 04:26:12.190718,Target,0,0.94
2518,90,3,2026-05-20 18:31:16.190721,BestBuy,0,0.06
2519,686,51,2026-05-26 00:40:48.190724,Walmart,0,1.02
2520,122,50,2026-05-25 09:41:19.190728,BestBuy,0,1.0
2521,143,135,2026-05-19 20:36:33.190731,Target,0,2.7
2522,994,136,2026-05-24 00:15:22.190735,Target,0,2.72
2523,106,91,2026-05-20 18:04:55.190738,Target,0,1.82
2524,887,49,2026-05-23 10:30:27.190741,Target,0,0.98
2525,428,90,2026-05-20 18:24:30.190745,Target,0,1.8
2526,305,80,2026-05-25 20:20:20.190748,BestBuy,0,1.6
2527,872,56,2026-05-24 15:48:46.190752,BestBuy,0,1.12
2528,971,171,2026-05-21 08:20:19.190755,BestBuy,0,3.42
2529,317,24,2026-05-21 06:46:13.190758,BestBuy,0,0.48
2530,963,41,2026-05-23 00:36:28.190762,Target,0,0.82
2531,635,185,2026-05-21 02:18:20.190765,Target,0,3.7
2532,902,63,2026-05-21 05:31:38.190769,Walmart,0,1.26
2533,9,115,2026-05-24 18:10:33.190772,BestBuy,0,2.3
2534,774,102,2026-05-23 06:19:06.190775,Target,0,2.04
2535,73,101,2026-05-24 23:14:05.190779,Walmart,0,2.02
2536,359,55,2026-05-22 07:14:49.190790,Walmart,0,1.1
2537,223,29,2026-05-22 16:06:25.190794,Amazon,0,0.58
2538,416,65,2026-05-23 04:35:23.190797,BestBuy,0,1.3
2539,553,182,2026-05-24 20:16:39.190801,Target,0,3.64
2540,370,32,2026-05-25 22:37:37.190804,BestBuy,0,0.64
2541,716,13,2026-05-22 17:24:57.190807,Walmart,0,0.26
2542,264,123,2026-05-23 09:09:22.190811,BestBuy,0,2.46
2543,840,17,2026-05-21 05:09:10.190814,Amazon,0,0.34
2544,690,116,2026-05-21 17:01:06.190818,Amazon,0,2.32
2545,860,36,2026-05-20 10:08:27.190821,Target,0,0.72
2546,318,122,2026-05-20 20:38:46.190824,Target,0,2.44
2547,84,147,2026-05-20 01:28:36.190828,Target,0,2.94
2548,318,147,2026-05-22 11:59:30.190831,Target,0,2.94
2549,111,144,2026-05-20 02:58:23.190835,BestBuy,0,2.88
2550,251,94,2026-05-25 09:31:58.190838,BestBuy,0,1.88
2551,383,99,2026-05-22 16:11:59.190841,Walmart,0,1.98
2552,7,19,2026-05-20 04:20:21.190845,Walmart,0,0.38
2553,459,71,2026-05-19 16:12:14.190848,Target,0,1.42
2554,84,64,2026-05-25 04:13:20.190852,BestBuy,0,1.28
2555,208,179,2026-05-24 16:09:20.190855,Target,0,3.58
2556,900,76,2026-05-24 10:18:36.190859,Walmart,0,1.52
2557,390,52,2026-05-19 21:18:15.190862,BestBuy,0,1.04
2558,314,97,2026-05-25 12:20:02.190865,Target,0,1.94
2559,22,75,2026-05-24 23:49:39.190869,Amazon,0,1.5
2560,410,189,2026-05-21 13:31:13.190872,Walmart,0,3.78
2561,895,22,2026-05-20 01:46:58.190876,Amazon,0,0.44
2562,515,80,2026-05-24 02:49:40.190880,Amazon,0,1.6
2563,127,144,2026-05-24 19:11:44.190883,BestBuy,0,2.88
2564,809,22,2026-05-24 16:43:11.190886,Amazon,0,0.44
2565,700,52,2026-05-20 01:42:06.190890,Amazon,0,1.04
2566,874,62,2026-05-21 04:31:44.190893,Target,0,1.24
2567,14,77,2026-05-20 12:43:59.190897,BestBuy,0,1.54
2568,971,9,2026-05-21 07:52:08.190900,Target,0,0.18
2569,978,142,2026-05-23 17:34:07.190903,Target,0,2.84
2570,12,148,2026-05-22 01:19:33.190907,Target,0,2.96
2571,87,101,2026-05-22 00:25:34.190910,BestBuy,0,2.02
2572,524,33,2026-05-25 06:55:34.190913,Walmart,0,0.66
2573,909,45,2026-05-25 04:16:26.190917,BestBuy,0,0.9
2574,537,22,2026-05-20 16:49:43.190920,Target,0,0.44
2575,301,159,2026-05-23 16:28:35.190923,Walmart,0,3.18
2576,243,35,2026-05-25 21:09:06.190927,Amazon,0,0.7
2577,122,33,2026-05-19 16:50:19.190930,Walmart,0,0.66
2578,147,44,2026-05-20 11:34:10.190934,BestBuy,0,0.88
2579,567,210,2026-05-25 01:16:56.190937,Target,0,4.2
2580,750,67,2026-05-24 12:33:19.190940,Amazon,0,1.34
2581,356,40,2026-05-21 15:39:47.190944,Amazon,0,0.8
2582,685,137,2026-05-23 19:14:04.190947,Target,0,2.74
2583,904,105,2026-05-25 10:50:03.190950,Amazon,0,2.1
2584,733,229,2026-05-21 16:32:11.190954,Amazon,0,4.58
2585,631,72,2026-05-25 21:33:31.190957,Amazon,0,1.44
2586,309,176,2026-05-21 00:13:20.190961,BestBuy,0,3.52
2587,695,152,2026-05-25 19:23:42.190964,Walmart,0,3.04
2588,288,95,2026-05-21 09:50:57.190967,BestBuy,0,1.9
2589,307,20,2026-05-24 13:39:58.190971,Amazon,0,0.4
2590,812,75,2026-05-20 12:17:30.190974,BestBuy,0,1.5
2591,594,59,2026-05-25 12:37:02.190978,Amazon,0,1.18
2592,966,256,2026-05-22 07:01:43.190981,BestBuy,1,51.2
2593,914,27,2026-05-21 10:07:34.190985,Walmart,0,0.54
2594,723,237,2026-05-25 16:19:24.190988,Target,0,4.74
2595,662,26,2026-05-20 21:34:01.190991,Walmart,0,0.52
2596,549,66,2026-05-23 20:17:00.190995,BestBuy,0,1.32
2597,352,214,2026-05-21 09:27:51.190998,BestBuy,1,42.8
2598,312,24,2026-05-26 06:26:28.191002,Walmart,0,0.48
2599,873,205,2026-05-24 06:14:14.191005,BestBuy,1,41.0
2600,59,203,2026-05-22 22:08:45.191008,Target,0,4.06
2601,643,169,2026-05-19 13:41:45.191012,Target,0,3.38
2602,924,68,2026-05-22 23:15:46.191015,Walmart,0,1.36
2603,714,73,2026-05-22 21:43:13.191019,Amazon,0,1.46
2604,755,127,2026-05-26 12:32:02.191022,Target,0,2.54
2605,35,27,2026-05-26 03:48:21.191025,BestBuy,0,0.54
2606,445,213,2026-05-22 12:09:09.191029,Amazon,0,4.26
2607,93,70,2026-05-23 20:28:02.191032,Target,0,1.4
2608,950,66,2026-05-24 02:56:13.191036,Amazon,0,1.32
2609,959,71,2026-05-25 12:06:31.191039,BestBuy,0,1.42
2610,207,70,2026-05-24 23:00:25.191043,Walmart,0,1.4
2611,353,58,2026-05-23 17:50:47.191046,Walmart,0,1.16
2612,903,111,2026-05-19 14:16:39.191050,BestBuy,0,2.22
2613,332,130,2026-05-22 16:39:29.191054,Walmart,0,2.6
2614,817,23,2026-05-21 08:11:07.191057,BestBuy,0,0.46
2615,862,92,2026-05-19 18:02:56.191060,Walmart,0,1.84
2616,725,44,2026-05-23 19:14:30.191064,Target,0,0.88
2617,159,6,2026-05-25 07:30:19.191067,Walmart,0,0.12
2618,954,81,2026-05-21 01:20:51.191070,Amazon,0,1.62
2619,957,95,2026-05-21 07:57:22.191074,Walmart,0,1.9
2620,24,50,2026-05-22 00:04:23.191077,Walmart,0,1.0
2621,404,49,2026-05-20 18:17:31.191081,Walmart,0,0.98
2622,805,29,2026-05-20 05:14:24.191084,Walmart,0,0.58
2623,516,21,2026-05-23 00:34:00.191087,Target,0,0.42
2624,732,40,2026-05-22 01:34:45.191091,BestBuy,0,0.8
2625,364,32,2026-05-20 09:54:16.191094,Target,0,0.64
2626,382,50,2026-05-23 00:29:20.191098,Target,0,1.0
2627,532,18,2026-05-22 21:10:47.191101,Amazon,0,0.36
2628,956,32,2026-05-20 20:32:05.191104,BestBuy,0,0.64
2629,152,99,2026-05-24 22:56:28.191108,BestBuy,0,1.98
2630,562,123,2026-05-21 00:49:33.191111,Amazon,0,2.46
2631,689,53,2026-05-25 19:41:33.191114,BestBuy,0,1.06
2632,947,72,2026-05-23 09:36:57.191119,Walmart,0,1.44
2633,608,235,2026-05-25 09:20:11.191122,BestBuy,1,47.0
2634,617,116,2026-05-20 22:33:50.191126,Amazon,0,2.32
2635,420,348,2026-05-20 13:39:25.191129,Amazon,0,6.96
2636,250,100,2026-05-20 04:13:01.191132,Amazon,0,2.0
2637,117,16,2026-05-25 03:29:49.191135,Amazon,0,0.32
2638,866,59,2026-05-26 01:23:21.191138,Target,0,1.18
2639,512,54,2026-05-25 22:55:38.191142,BestBuy,0,1.08
2640,740,149,2026-05-21 06:08:50.191145,Target,0,2.98
2641,578,138,2026-05-25 17:13:11.191148,Amazon,0,2.76
2642,335,75,2026-05-21 04:32:04.191152,Amazon,0,1.5
2643,418,82,2026-05-22 18:41:53.191155,Target,0,1.64
2644,932,35,2026-05-25 22:45:00.191159,Walmart,0,0.7
2645,774,148,2026-05-25 07:35:03.191162,BestBuy,0,2.96
2646,295,55,2026-05-25 17:40:01.191165,Target,0,1.1
2647,938,17,2026-05-25 05:55:10.191169,BestBuy,0,0.34
2648,755,40,2026-05-20 19:03:39.191172,Amazon,0,0.8
2649,371,56,2026-05-26 09:03:55.191175,Amazon,0,1.12
2650,186,87,2026-05-26 09:32:48.191178,Amazon,0,1.74
2651,246,287,2026-05-21 14:44:44.191182,BestBuy,1,57.4
2652,637,120,2026-05-20 04:48:18.191185,BestBuy,0,2.4
2653,268,13,2026-05-20 16:40:23.191188,Target,0,0.26
2654,643,165,2026-05-24 18:55:13.191191,Amazon,0,3.3
2655,237,92,2026-05-20 00:27:03.191195,Target,0,1.84
2656,530,80,2026-05-23 04:03:08.191198,Walmart,0,1.6
2657,552,111,2026-05-26 06:00:41.191201,Amazon,0,2.22
2658,21,88,2026-05-24 17:48:35.191204,Amazon,0,1.76
2659,911,10,2026-05-25 13:04:44.191208,Walmart,0,0.2
2660,737,167,2026-05-26 12:18:40.191211,Target,0,3.34
2661,867,9,2026-05-22 09:40:05.191214,BestBuy,0,0.18
2662,794,125,2026-05-22 12:55:10.191217,Amazon,0,2.5
2663,520,48,2026-05-26 04:36:04.191221,BestBuy,0,0.96
2664,100,31,2026-05-24 16:57:46.191224,Amazon,0,0.62
2665,752,235,2026-05-23 04:13:53.191227,Amazon,0,4.7
2666,478,97,2026-05-21 14:26:11.191230,BestBuy,0,1.94
2667,599,124,2026-05-20 19:41:18.191234,Amazon,0,2.48
2668,298,60,2026-05-26 10:29:46.191237,Walmart,0,1.2
2669,940,146,2026-05-25 22:35:00.191240,Target,0,2.92
2670,526,43,2026-05-21 07:48:25.191243,Walmart,0,0.86
2671,334,132,2026-05-24 07:33:58.191247,Target,0,2.64
2672,2,105,2026-05-23 13:16:03.191250,Walmart,0,2.1
2673,375,92,2026-05-23 20:15:09.191253,Walmart,0,1.84
2674,293,52,2026-05-24 00:20:12.191257,Target,0,1.04
2675,837,100,2026-05-25 07:24:25.191260,Amazon,0,2.0
2676,934,72,2026-05-23 01:10:17.191263,BestBuy,0,1.44
2677,553,57,2026-05-19 21:28:33.191267,BestBuy,0,1.14
2678,318,131,2026-05-24 19:09:08.191270,BestBuy,0,2.62
2679,502,42,2026-05-22 09:03:02.191273,Amazon,0,0.84
2680,828,15,2026-05-26 11:25:09.191277,Walmart,0,0.3
2681,381,23,2026-05-24 22:35:20.191280,Walmart,0,0.46
2682,623,155,2026-05-21 16:21:07.191283,Walmart,0,3.1
2683,14,82,2026-05-25 03:01:42.191286,Amazon,0,1.64
2684,504,104,2026-05-25 00:09:57.191290,Target,0,2.08
2685,231,64,2026-05-26 05:19:18.191293,Amazon,0,1.28
2686,985,74,2026-05-24 08:13:07.191296,BestBuy,0,1.48
2687,84,153,2026-05-22 15:08:14.191299,Walmart,0,3.06
2688,130,190,2026-05-24 14:43:25.191303,Amazon,0,3.8
2689,743,120,2026-05-21 10:51:14.191306,Amazon,0,2.4
2690,838,110,2026-05-20 08:17:10.191309,Amazon,0,2.2
2691,145,34,2026-05-23 22:35:49.191312,Target,0,0.68
2692,891,110,2026-05-20 02:21:09.191316,Walmart,0,2.2
2693,857,52,2026-05-25 23:37:15.191319,Amazon,0,1.04
2694,28,141,2026-05-22 19:08:44.191322,Amazon,0,2.82
2695,66,85,2026-05-22 03:22:08.191325,BestBuy,0,1.7
2696,163,7,2026-05-22 12:51:37.191329,Walmart,0,0.14
2697,229,224,2026-05-24 12:09:28.191332,Amazon,0,4.48
2698,261,125,2026-05-21 01:55:56.191336,Amazon,0,2.5
2699,449,263,2026-05-20 03:47:49.191339,Amazon,0,5.26
2700,424,88,2026-05-20 14:43:31.191342,Amazon,0,1.76
2701,460,73,2026-05-25 02:50:38.191345,Walmart,0,1.46
2702,952,34,2026-05-25 05:31:00.191349,Amazon,0,0.68
2703,676,40,2026-05-26 01:25:56.191352,Target,0,0.8
2704,301,127,2026-05-20 13:27:18.191355,Amazon,0,2.54
2705,919,105,2026-05-26 07:30:10.191358,Target,0,2.1
2706,303,59,2026-05-23 13:16:30.191362,Walmart,0,1.18
2707,287,76,2026-05-22 01:57:02.191365,Amazon,0,1.52
2708,395,62,2026-05-21 23:18:37.191368,BestBuy,0,1.24
2709,10,91,2026-05-22 13:19:21.191371,Target,0,1.82
2710,707,39,2026-05-20 09:13:09.191375,Target,0,0.78
2711,630,111,2026-05-21 01:17:31.191378,Amazon,0,2.22
2712,270,21,2026-05-21 16:42:16.191381,BestBuy,0,0.42
2713,592,59,2026-05-26 00:21:10.191384,BestBuy,0,1.18
2714,970,47,2026-05-23 16:24:31.191388,Amazon,0,0.94
2715,605,138,2026-05-25 02:29:52.191391,Walmart,0,2.76
2716,778,112,2026-05-21 03:36:15.191394,Walmart,0,2.24
2717,844,72,2026-05-21 13:03:27.191398,Amazon,0,1.44
2718,862,80,2026-05-26 07:31:10.191401,Walmart,0,1.6
2719,361,152,2026-05-26 12:43:59.191404,BestBuy,0,3.04
2720,257,192,2026-05-24 00:28:24.191407,Walmart,0,3.84
2721,133,299,2026-05-24 07:36:11.191411,Walmart,0,5.98
2722,276,39,2026-05-19 14:29:27.191414,Walmart,0,0.78
2723,776,61,2026-05-24 03:09:58.191417,Amazon,0,1.22
2724,683,186,2026-05-21 18:05:13.191420,Amazon,0,3.72
2725,972,67,2026-05-26 07:54:55.191423,Target,0,1.34
2726,513,70,2026-05-22 19:32:37.191427,Walmart,0,1.4
2727,313,339,2026-05-24 08:21:28.191430,Amazon,0,6.78
2728,576,161,2026-05-22 03:53:59.191433,BestBuy,0,3.22
2729,886,47,2026-05-23 19:25:05.191436,Target,0,0.94
2730,980,49,2026-05-20 11:46:50.191440,BestBuy,0,0.98
2731,284,101,2026-05-22 00:20:40.191443,Walmart,0,2.02
2732,121,16,2026-05-22 17:14:16.191446,BestBuy,0,0.32
2733,107,139,2026-05-20 07:13:04.191449,Target,0,2.78
2734,933,62,2026-05-20 16:26:41.191453,Walmart,0,1.24
2735,687,16,2026-05-22 14:45:09.191456,Amazon,0,0.32
2736,997,234,2026-05-23 09:58:42.191459,BestBuy,1,46.8
2737,204,246,2026-05-24 12:02:03.191463,BestBuy,1,49.2
2738,165,10,2026-05-23 20:10:51.191466,Target,0,0.2
2739,305,50,2026-05-20 08:47:19.191469,Amazon,0,1.0
2740,497,90,2026-05-22 15:23:55.191472,Walmart,0,1.8
2741,632,109,2026-05-23 05:20:25.191476,Walmart,0,2.18
2742,556,136,2026-05-21 03:50:49.191479,Walmart,0,2.72
2743,824,66,2026-05-23 14:20:07.191482,Target,0,1.32
2744,156,150,2026-05-21 06:11:12.191485,BestBuy,0,3.0
2745,367,300,2026-05-26 03:01:24.191488,BestBuy,1,60.0
2746,719,51,2026-05-21 16:24:50.191491,BestBuy,0,1.02
2747,902,211,2026-05-24 12:06:59.191495,BestBuy,1,42.2
2748,620,95,2026-05-23 11:53:20.191498,Target,0,1.9
2749,251,13,2026-05-25 14:06:14.191501,Target,0,0.26
2750,957,25,2026-05-20 20:05:09.191505,Amazon,0,0.5
2751,916,48,2026-05-24 12:27:36.191508,Target,0,0.96
2752,882,95,2026-05-25 11:54:39.191511,BestBuy,0,1.9
2753,334,29,2026-05-20 01:21:19.191514,Walmart,0,0.58
2754,642,105,2026-05-25 21:53:33.191517,Amazon,0,2.1
2755,969,73,2026-05-19 18:50:50.191521,Walmart,0,1.46
2756,511,163,2026-05-23 07:31:33.191524,Walmart,0,3.26
2757,293,112,2026-05-23 10:50:52.191527,BestBuy,0,2.24
2758,20,105,2026-05-25 02:37:22.191530,Target,0,2.1
2759,282,62,2026-05-20 12:15:27.191534,Target,0,1.24
2760,797,94,2026-05-26 02:19:32.191537,Target,0,1.88
2761,1,81,2026-05-23 16:31:37.191540,BestBuy,0,1.62
2762,119,70,2026-05-25 09:23:43.191544,BestBuy,0,1.4
2763,35,35,2026-05-20 22:20:01.191547,Walmart,0,0.7
2764,198,164,2026-05-19 23:54:12.191550,Amazon,0,3.28
2765,485,90,2026-05-21 23:09:56.191553,Target,0,1.8
2766,757,132,2026-05-26 06:06:01.191557,Target,0,2.64
2767,59,90,2026-05-23 14:20:48.191560,Amazon,0,1.8
2768,837,61,2026-05-19 16:55:36.191563,Walmart,0,1.22
2769,161,37,2026-05-22 15:27:50.191566,Walmart,0,0.74
2770,691,76,2026-05-25 23:20:24.191569,Amazon,0,1.52
2771,206,94,2026-05-20 12:39:30.191573,Target,0,1.88
2772,12,8,2026-05-23 02:02:48.191576,BestBuy,0,0.16
2773,490,156,2026-05-26 04:44:07.191579,BestBuy,0,3.12
2774,276,71,2026-05-25 22:19:56.191582,Amazon,0,1.42
2775,693,128,2026-05-24 15:15:33.191586,Target,0,2.56
2776,242,188,2026-05-21 18:29:20.191589,Amazon,0,3.76
2777,216,55,2026-05-21 16:52:18.191592,Walmart,0,1.1
2778,251,234,2026-05-24 07:29:02.191596,Walmart,0,4.68
2779,811,44,2026-05-23 06:37:16.191599,BestBuy,0,0.88
2780,126,38,2026-05-26 00:42:48.191602,Walmart,0,0.76
2781,994,211,2026-05-24 20:46:47.191605,Walmart,0,4.22
2782,217,119,2026-05-22 13:00:41.191609,Amazon,0,2.38
2783,306,88,2026-05-22 10:46:06.191612,Amazon,0,1.76
2784,797,102,2026-05-25 16:30:58.191615,Target,0,2.04
2785,185,61,2026-05-25 14:49:44.191619,Amazon,0,1.22
2786,39,200,2026-05-24 08:49:15.191622,Target,0,4.0
2787,223,23,2026-05-24 09:17:19.191625,BestBuy,0,0.46
2788,184,50,2026-05-22 08:28:36.191628,Amazon,0,1.0
2789,495,9,2026-05-22 03:12:01.191632,Amazon,0,0.18
2790,427,11,2026-05-20 23:48:10.191635,Amazon,0,0.22
2791,178,62,2026-05-22 02:44:13.191640,BestBuy,0,1.24
2792,919,250,2026-05-25 07:02:25.191643,Amazon,0,5.0
2793,428,123,2026-05-25 04:36:52.191646,Walmart,0,2.46
2794,294,93,2026-05-20 06:31:57.191649,Amazon,0,1.86
2795,852,235,2026-05-20 01:49:32.191652,Target,0,4.7
2796,151,9,2026-05-20 08:17:06.191655,Walmart,0,0.18
2797,384,76,2026-05-21 14:32:28.191658,Amazon,0,1.52
2798,638,169,2026-05-22 09:18:31.191661,Amazon,0,3.38
2799,813,14,2026-05-24 04:25:06.191665,BestBuy,0,0.28
2800,308,89,2026-05-20 00:15:39.191668,Target,0,1.78
2801,336,208,2026-05-23 19:40:58.191671,Walmart,0,4.16
2802,946,13,2026-05-25 12:21:17.191674,Walmart,0,0.26
2803,746,132,2026-05-25 14:11:04.191677,BestBuy,0,2.64
2804,892,81,2026-05-25 04:21:18.191680,Walmart,0,1.62
2805,375,76,2026-05-19 14:18:41.191683,Walmart,0,1.52
2806,8,43,2026-05-20 17:11:50.191686,Target,0,0.86
2807,341,27,2026-05-20 13:26:59.191690,Amazon,0,0.54
2808,129,124,2026-05-19 22:51:32.191693,Amazon,0,2.48
2809,776,85,2026-05-25 07:43:38.191696,Walmart,0,1.7
2810,669,127,2026-05-26 01:35:56.191699,Target,0,2.54
2811,352,137,2026-05-25 18:14:13.191702,BestBuy,0,2.74
2812,358,32,2026-05-23 01:01:55.191705,Amazon,0,0.64
2813,517,152,2026-05-22 05:47:45.191709,Walmart,0,3.04
2814,495,61,2026-05-25 14:23:53.191712,Walmart,0,1.22
2815,86,74,2026-05-21 03:56:22.191715,Target,0,1.48
2816,175,125,2026-05-24 12:06:05.191718,Target,0,2.5
2817,802,95,2026-05-19 19:09:17.191722,Target,0,1.9
2818,193,96,2026-05-20 20:47:20.191725,Walmart,0,1.92
2819,311,96,2026-05-21 17:51:30.191728,Target,0,1.92
2820,119,26,2026-05-24 07:33:22.191731,Walmart,0,0.52
2821,218,50,2026-05-25 05:42:11.191734,Amazon,0,1.0
2822,427,234,2026-05-22 05:14:29.191737,Walmart,0,4.68
2823,970,41,2026-05-22 13:29:50.191740,Walmart,0,0.82
2824,414,206,2026-05-20 19:11:29.191744,Amazon,0,4.12
2825,114,277,2026-05-25 21:21:36.191747,Target,0,5.54
2826,978,5,2026-05-21 23:21:41.191750,Target,0,0.1
2827,145,14,2026-05-23 01:45:15.191753,Walmart,0,0.28
2828,538,114,2026-05-26 11:19:44.191756,Walmart,0,2.28
2829,648,146,2026-05-22 01:22:08.191759,Amazon,0,2.92
2830,303,90,2026-05-23 04:35:35.191762,Target,0,1.8
2831,744,75,2026-05-21 22:43:52.191765,Amazon,0,1.5
2832,881,122,2026-05-21 06:29:07.191768,Walmart,0,2.44
2833,588,5,2026-05-19 15:35:00.191772,Walmart,0,0.1
2834,987,47,2026-05-20 11:06:39.191775,Amazon,0,0.94
2835,840,21,2026-05-20 01:44:56.191778,Amazon,0,0.42
2836,345,59,2026-05-24 06:54:23.191781,BestBuy,0,1.18
2837,814,223,2026-05-25 11:43:33.191784,BestBuy,1,44.6
2838,964,202,2026-05-21 03:47:37.191787,Target,0,4.04
2839,801,71,2026-05-25 16:19:56.191790,Amazon,0,1.42
2840,1,175,2026-05-24 15:03:16.191794,Target,0,3.5
2841,147,31,2026-05-21 21:57:53.191797,BestBuy,0,0.62
2842,287,20,2026-05-20 02:35:46.191800,Target,0,0.4
2843,976,13,2026-05-19 18:36:32.191803,BestBuy,0,0.26
2844,654,11,2026-05-22 21:14:12.191806,Amazon,0,0.22
2845,53,174,2026-05-25 15:59:48.191809,Amazon,0,3.48
2846,304,131,2026-05-25 06:48:32.191813,Target,0,2.62
2847,69,43,2026-05-23 10:57:26.191816,Amazon,0,0.86
2848,361,106,2026-05-23 02:21:08.191819,Target,0,2.12
2849,602,55,2026-05-20 02:52:52.191822,Target,0,1.1
2850,958,43,2026-05-22 14:53:09.191825,BestBuy,0,0.86
2851,220,123,2026-05-23 15:36:10.191829,Walmart,0,2.46
2852,962,366,2026-05-25 15:14:57.191832,Target,0,7.32
2853,704,25,2026-05-23 07:42:41.191835,BestBuy,0,0.5
2854,966,188,2026-05-26 08:51:05.191838,BestBuy,0,3.76
2855,575,76,2026-05-23 20:27:17.191841,BestBuy,0,1.52
2856,585,72,2026-05-21 02:14:19.191844,Walmart,0,1.44
2857,161,352,2026-05-21 20:22:21.191847,Amazon,0,7.04
2858,681,215,2026-05-19 13:41:57.191850,Target,0,4.3
2859,89,37,2026-05-22 09:05:34.191854,Target,0,0.74
2860,688,109,2026-05-25 15:06:34.191857,Amazon,0,2.18
2861,781,120,2026-05-22 12:45:31.191860,Amazon,0,2.4
2862,585,47,2026-05-24 05:52:19.191863,BestBuy,0,0.94
2863,757,119,2026-05-23 07:58:43.191866,BestBuy,0,2.38
2864,589,56,2026-05-20 00:23:31.191870,Amazon,0,1.12
2865,159,82,2026-05-25 06:27:12.191873,Target,0,1.64
2866,489,30,2026-05-24 01:33:37.191876,Amazon,0,0.6
2867,971,129,2026-05-25 20:01:47.191879,Amazon,0,2.58
2868,324,62,2026-05-26 05:45:14.191883,Walmart,0,1.24
2869,610,227,2026-05-24 12:08:10.191886,Walmart,0,4.54
2870,381,68,2026-05-20 11:47:28.191889,BestBuy,0,1.36
2871,102,227,2026-05-21 16:20:56.191892,BestBuy,1,45.4
2872,494,58,2026-05-22 13:17:01.191895,Target,0,1.16
2873,644,60,2026-05-22 18:03:00.191898,Amazon,0,1.2
2874,614,150,2026-05-25 17:02:35.191901,Amazon,0,3.0
2875,19,41,2026-05-22 19:06:10.191905,Walmart,0,0.82
2876,454,85,2026-05-20 04:38:16.191908,Target,0,1.7
2877,482,42,2026-05-22 09:39:01.191911,Amazon,0,0.84
2878,594,299,2026-05-24 13:12:11.191914,Target,0,5.98
2879,397,214,2026-05-22 02:58:08.191917,Walmart,0,4.28
2880,279,87,2026-05-24 13:06:04.191920,Amazon,0,1.74
2881,851,61,2026-05-22 20:29:58.191923,Walmart,0,1.22
2882,365,30,2026-05-20 20:04:48.191926,Walmart,0,0.6
2883,331,53,2026-05-21 21:35:56.191930,Walmart,0,1.06
2884,641,102,2026-05-21 19:51:18.191933,Amazon,0,2.04
2885,344,28,2026-05-25 08:47:26.191936,Target,0,0.56
2886,822,136,2026-05-24 09:08:02.191939,Amazon,0,2.72
2887,455,187,2026-05-26 12:46:30.191943,Walmart,0,3.74
2888,601,153,2026-05-22 09:34:42.191946,BestBuy,0,3.06
2889,725,45,2026-05-24 17:45:30.191949,Target,0,0.9
2890,655,161,2026-05-23 19:48:09.191952,BestBuy,0,3.22
2891,65,95,2026-05-21 13:05:22.191956,Walmart,0,1.9
2892,76,156,2026-05-26 04:11:30.191959,Amazon,0,3.12
2893,711,165,2026-05-21 01:45:20.191962,Target,0,3.3
2894,143,171,2026-05-20 04:27:43.191965,BestBuy,0,3.42
2895,917,60,2026-05-24 13:39:58.191968,Amazon,0,1.2
2896,915,228,2026-05-19 20:17:23.191971,Target,0,4.56
2897,828,47,2026-05-24 04:22:24.191974,Walmart,0,0.94
2898,605,28,2026-05-19 16:31:43.191977,Walmart,0,0.56
2899,473,74,2026-05-23 12:56:54.191981,Walmart,0,1.48
2900,417,39,2026-05-23 18:10:21.191984,Amazon,0,0.78
2901,305,121,2026-05-21 12:44:05.191987,Amazon,0,2.42
2902,736,53,2026-05-23 02:00:49.191990,Walmart,0,1.06
2903,497,119,2026-05-24 10:18:51.191993,Walmart,0,2.38
2904,291,63,2026-05-24 04:17:55.191996,Target,0,1.26
2905,940,119,2026-05-23 17:04:02.191999,BestBuy,0,2.38
2906,102,137,2026-05-23 15:40:18.192003,Target,0,2.74
2907,986,55,2026-05-24 07:39:23.192006,BestBuy,0,1.1
2908,267,136,2026-05-23 08:58:39.192009,Amazon,0,2.72
2909,867,10,2026-05-22 08:46:21.192012,Target,0,0.2
2910,968,14,2026-05-23 17:19:28.192015,Amazon,0,0.28
2911,622,64,2026-05-23 16:10:27.192018,Amazon,0,1.28
2912,974,89,2026-05-24 01:55:28.192021,BestBuy,0,1.78
2913,842,72,2026-05-21 18:34:49.192024,BestBuy,0,1.44
2914,962,126,2026-05-21 20:35:54.192028,Target,0,2.52
2915,942,90,2026-05-23 04:08:52.192031,Target,0,1.8
2916,777,92,2026-05-24 05:16:12.192034,Target,0,1.84
2917,3,47,2026-05-20 13:55:53.192037,BestBuy,0,0.94
2918,85,152,2026-05-23 11:46:24.192040,Walmart,0,3.04
2919,794,72,2026-05-22 18:22:53.192043,Walmart,0,1.44
2920,328,202,2026-05-22 14:48:30.192047,BestBuy,1,40.4
2921,816,117,2026-05-23 11:06:58.192050,Target,0,2.34
2922,450,61,2026-05-24 17:21:47.192053,Walmart,0,1.22
2923,454,257,2026-05-26 00:13:09.192056,Amazon,0,5.14
2924,924,46,2026-05-25 19:36:21.192059,Walmart,0,0.92
2925,629,58,2026-05-23 21:32:45.192062,Walmart,0,1.16
2926,221,82,2026-05-23 15:19:54.192065,BestBuy,0,1.64
2927,154,70,2026-05-22 04:49:50.192069,BestBuy,0,1.4
2928,665,291,2026-05-22 04:07:40.192072,Walmart,0,5.82
2929,12,41,2026-05-21 17:57:20.192075,Amazon,0,0.82
2930,133,45,2026-05-25 14:44:08.192078,Amazon,0,0.9
2931,994,77,2026-05-21 04:34:20.192081,Target,0,1.54
2932,304,22,2026-05-23 18:09:50.192085,Walmart,0,0.44
2933,293,173,2026-05-21 18:20:33.192088,Walmart,0,3.46
2934,975,194,2026-05-24 01:07:32.192091,Amazon,0,3.88
2935,300,120,2026-05-23 04:36:33.192094,BestBuy,0,2.4
2936,740,76,2026-05-25 13:04:33.192097,Walmart,0,1.52
2937,783,64,2026-05-21 16:54:55.192100,Amazon,0,1.28
2938,43,70,2026-05-21 09:51:24.192103,Walmart,0,1.4
2939,944,128,2026-05-23 11:47:23.192106,BestBuy,0,2.56
2940,343,107,2026-05-25 23:03:58.192109,Target,0,2.14
2941,326,18,2026-05-21 14:03:30.192112,BestBuy,0,0.36
2942,814,112,2026-05-22 18:03:07.192116,BestBuy,0,2.24
2943,498,35,2026-05-20 12:17:30.192119,Amazon,0,0.7
2944,364,53,2026-05-26 02:12:37.192122,Amazon,0,1.06
2945,891,10,2026-05-26 04:15:40.192125,BestBuy,0,0.2
2946,427,53,2026-05-22 12:47:52.192128,Amazon,0,1.06
2947,21,246,2026-05-23 07:10:11.192131,BestBuy,1,49.2
2948,407,91,2026-05-20 11:56:26.192135,BestBuy,0,1.82
2949,619,8,2026-05-20 17:28:28.192138,Walmart,0,0.16
2950,336,33,2026-05-26 10:54:43.192141,BestBuy,0,0.66
2951,815,130,2026-05-25 19:22:14.192144,Target,0,2.6
2952,117,106,2026-05-22 12:25:22.192147,Amazon,0,2.12
2953,124,50,2026-05-21 17:18:39.192151,Target,0,1.0
2954,399,42,2026-05-22 18:31:40.192154,Amazon,0,0.84
2955,793,40,2026-05-23 23:41:04.192157,BestBuy,0,0.8
2956,804,60,2026-05-25 23:44:31.192161,Target,0,1.2
2957,715,98,2026-05-24 01:20:44.192164,Walmart,0,1.96
2958,51,98,2026-05-21 14:42:12.192167,BestBuy,0,1.96
2959,783,36,2026-05-24 03:10:20.192170,BestBuy,0,0.72
2960,324,208,2026-05-21 00:15:07.192173,BestBuy,1,41.6
2961,789,101,2026-05-22 08:50:58.192176,Walmart,0,2.02
2962,141,32,2026-05-26 06:19:17.192179,Target,0,0.64
2963,470,6,2026-05-20 22:37:53.192182,BestBuy,0,0.12
2964,787,203,2026-05-22 21:52:08.192186,Target,0,4.06
2965,802,145,2026-05-25 22:45:46.192189,BestBuy,0,2.9
2966,334,29,2026-05-20 17:38:09.192192,BestBuy,0,0.58
2967,893,68,2026-05-19 19:56:06.192195,BestBuy,0,1.36
2968,964,184,2026-05-20 09:20:43.192198,Walmart,0,3.68
2969,373,160,2026-05-20 07:41:50.192201,BestBuy,0,3.2
2970,564,128,2026-05-24 23:06:46.192204,Target,0,2.56
2971,494,94,2026-05-25 15:01:34.192207,BestBuy,0,1.88
2972,539,37,2026-05-22 02:19:57.192211,Target,0,0.74
2973,669,65,2026-05-26 01:10:18.192214,Target,0,1.3
2974,751,79,2026-05-25 20:11:12.192218,Amazon,0,1.58
2975,156,120,2026-05-26 11:19:06.192221,Target,0,2.4
2976,291,148,2026-05-23 20:29:04.192224,Amazon,0,2.96
2977,648,43,2026-05-25 16:03:33.192227,Walmart,0,0.86
2978,144,89,2026-05-21 23:53:48.192230,BestBuy,0,1.78
2979,106,183,2026-05-23 20:38:33.192233,Walmart,0,3.66
2980,420,161,2026-05-19 21:14:53.192236,Walmart,0,3.22
2981,670,217,2026-05-20 07:27:16.192239,Target,0,4.34
2982,658,91,2026-05-23 03:47:05.192242,BestBuy,0,1.82
2983,2,53,2026-05-21 12:24:09.192245,BestBuy,0,1.06
2984,945,130,2026-05-21 23:35:27.192247,Walmart,0,2.6
2985,589,47,2026-05-20 05:20:42.192250,Amazon,0,0.94
2986,644,40,2026-05-24 08:10:06.192253,Amazon,0,0.8
2987,90,189,2026-05-20 01:22:49.192256,Target,0,3.78
2988,345,33,2026-05-26 13:03:51.192259,Amazon,0,0.66
2989,350,89,2026-05-21 11:57:35.192262,Amazon,0,1.78
2990,459,11,2026-05-23 19:58:48.192265,Walmart,0,0.22
2991,263,220,2026-05-21 02:14:12.192268,Amazon,0,4.4
2992,351,36,2026-05-24 21:15:39.192271,BestBuy,0,0.72
2993,108,161,2026-05-23 09:54:08.192274,Walmart,0,3.22
2994,586,46,2026-05-21 20:55:52.192276,Walmart,0,0.92
2995,39,123,2026-05-22 03:16:38.192279,Amazon,0,2.46
2996,909,29,2026-05-21 13:54:55.192282,BestBuy,0,0.58
2997,159,87,2026-05-25 17:21:42.192285,BestBuy,0,1.74
2998,583,65,2026-05-23 03:38:07.192288,Amazon,0,1.3
2999,959,30,2026-05-25 01:36:51.192291,BestBuy,0,0.6
3000,312,140,2026-05-21 19:24:00.192294,Target,0,2.8
3001,241,160,2026-05-21 04:11:36.192297,Target,0,3.2
3002,938,86,2026-05-21 15:58:15.192300,Amazon,0,1.72
3003,445,16,2026-05-25 17:40:12.192303,Walmart,0,0.32
3004,298,16,2026-05-20 22:19:37.192306,Walmart,0,0.32
3005,952,21,2026-05-19 22:10:00.192309,BestBuy,0,0.42
3006,36,109,2026-05-19 18:06:41.192311,Target,0,2.18
3007,84,36,2026-05-21 13:01:22.192314,Walmart,0,0.72
3008,452,243,2026-05-25 18:05:40.192317,BestBuy,1,48.6
3009,886,18,2026-05-22 16:51:07.192320,Target,0,0.36
3010,775,55,2026-05-24 23:24:47.192323,Walmart,0,1.1
3011,822,156,2026-05-21 12:46:09.192326,BestBuy,0,3.12
3012,385,192,2026-05-21 14:10:01.192329,Amazon,0,3.84
3013,172,88,2026-05-20 07:45:30.192332,Amazon,0,1.76
3014,376,57,2026-05-26 05:20:53.192335,Walmart,0,1.14
3015,685,125,2026-05-25 15:39:05.192338,BestBuy,0,2.5
3016,362,52,2026-05-21 22:09:32.192340,Target,0,1.04
3017,559,16,2026-05-22 23:39:14.192343,Amazon,0,0.32
3018,891,60,2026-05-21 00:40:37.192346,Target,0,1.2
3019,141,45,2026-05-25 10:46:09.192349,BestBuy,0,0.9
3020,887,177,2026-05-21 09:37:33.192352,Amazon,0,3.54
3021,918,24,2026-05-21 05:56:21.192355,Walmart,0,0.48
3022,118,25,2026-05-23 20:41:11.192358,Amazon,0,0.5
3023,277,40,2026-05-22 08:44:51.192361,Walmart,0,0.8
3024,726,63,2026-05-21 10:49:45.192364,Target,0,1.26
3025,220,261,2026-05-23 15:03:31.192367,Amazon,0,5.22
3026,905,47,2026-05-19 21:02:53.192369,BestBuy,0,0.94
3027,26,117,2026-05-20 11:27:55.192372,Target,0,2.34
3028,521,79,2026-05-21 18:17:51.192375,Target,0,1.58
3029,783,95,2026-05-23 10:16:19.192378,Walmart,0,1.9
3030,10,109,2026-05-26 04:49:37.192381,BestBuy,0,2.18
3031,984,191,2026-05-24 05:57:47.192384,Target,0,3.82
3032,378,43,2026-05-21 12:06:32.192387,Amazon,0,0.86
3033,633,61,2026-05-21 11:14:03.192390,Walmart,0,1.22
3034,637,137,2026-05-24 14:48:25.192393,BestBuy,0,2.74
3035,682,98,2026-05-26 07:16:44.192396,Walmart,0,1.96
3036,584,8,2026-05-20 18:07:46.192399,Walmart,0,0.16
3037,152,22,2026-05-22 14:59:29.192402,Target,0,0.44
3038,720,109,2026-05-20 10:55:11.192405,Amazon,0,2.18
3039,49,30,2026-05-25 10:07:27.192408,Amazon,0,0.6
3040,154,44,2026-05-24 02:01:50.192411,BestBuy,0,0.88
3041,859,117,2026-05-20 03:09:52.192414,BestBuy,0,2.34
3042,293,189,2026-05-23 07:11:43.192417,Amazon,0,3.78
3043,580,223,2026-05-19 16:21:18.192420,Walmart,0,4.46
3044,50,67,2026-05-20 18:43:30.192423,Walmart,0,1.34
3045,664,139,2026-05-26 08:29:59.192426,Amazon,0,2.78
3046,531,151,2026-05-23 09:07:39.192429,Target,0,3.02
3047,612,50,2026-05-23 13:08:39.192432,Walmart,0,1.0
3048,60,130,2026-05-26 12:52:09.192435,Amazon,0,2.6
3049,167,123,2026-05-26 01:34:57.192438,Target,0,2.46
3050,202,116,2026-05-26 04:55:18.192441,Walmart,0,2.32
3051,857,116,2026-05-22 14:13:06.192443,BestBuy,0,2.32
3052,146,191,2026-05-26 13:08:00.192446,Walmart,0,3.82
3053,915,14,2026-05-24 22:55:39.192449,Walmart,0,0.28
3054,676,59,2026-05-21 01:51:03.192452,Amazon,0,1.18
3055,970,185,2026-05-20 13:26:59.192455,Walmart,0,3.7
3056,993,17,2026-05-25 08:24:33.192458,Walmart,0,0.34
3057,439,11,2026-05-24 12:48:32.192461,Target,0,0.22
3058,242,23,2026-05-23 10:48:55.192464,Amazon,0,0.46
3059,581,184,2026-05-20 14:56:43.192467,Target,0,3.68
3060,687,95,2026-05-25 20:16:04.192470,BestBuy,0,1.9
3061,561,195,2026-05-20 20:26:42.192473,Walmart,0,3.9
3062,483,68,2026-05-25 23:38:17.192476,Amazon,0,1.36
3063,108,147,2026-05-26 09:03:17.192479,BestBuy,0,2.94
3064,226,80,2026-05-24 21:07:17.192481,Amazon,0,1.6
3065,673,120,2026-05-25 08:57:47.192484,Walmart,0,2.4
3066,631,33,2026-05-21 20:24:54.192487,Amazon,0,0.66
3067,661,98,2026-05-20 10:58:24.192490,Amazon,0,1.96
3068,977,105,2026-05-19 23:39:10.192493,Target,0,2.1
3069,662,112,2026-05-24 18:03:08.192496,Amazon,0,2.24
3070,432,342,2026-05-24 06:32:36.192499,Amazon,0,6.84
3071,805,123,2026-05-24 10:57:37.192502,Target,0,2.46
3072,655,279,2026-05-22 12:37:48.192505,Walmart,0,5.58
3073,419,36,2026-05-20 22:27:30.192508,BestBuy,0,0.72
3074,988,78,2026-05-24 13:08:35.192511,Target,0,1.56
3075,455,7,2026-05-20 18:57:06.192514,Walmart,0,0.14
3076,160,26,2026-05-21 18:20:31.192517,Walmart,0,0.52
3077,523,47,2026-05-24 08:19:42.192520,BestBuy,0,0.94
3078,650,235,2026-05-23 05:29:59.192523,Walmart,0,4.7
3079,969,212,2026-05-19 22:50:52.192526,Target,0,4.24
3080,590,102,2026-05-24 17:27:58.192528,Walmart,0,2.04
3081,77,47,2026-05-21 02:13:00.192531,BestBuy,0,0.94
3082,509,39,2026-05-24 17:05:53.192534,BestBuy,0,0.78
3083,441,84,2026-05-25 02:40:06.192537,Target,0,1.68
3084,254,132,2026-05-23 03:38:32.192540,Target,0,2.64
3085,921,186,2026-05-21 19:19:25.192543,Walmart,0,3.72
3086,770,140,2026-05-22 03:09:07.192546,BestBuy,0,2.8
3087,320,12,2026-05-25 03:46:05.192549,BestBuy,0,0.24
3088,803,61,2026-05-26 09:26:33.192552,Walmart,0,1.22
3089,263,18,2026-05-26 03:52:53.192555,BestBuy,0,0.36
3090,597,127,2026-05-19 15:32:48.192558,Target,0,2.54
3091,658,183,2026-05-21 16:48:00.192561,Target,0,3.66
3092,835,89,2026-05-20 12:50:26.192564,Walmart,0,1.78
3093,554,90,2026-05-19 14:38:25.192567,Walmart,0,1.8
3094,374,27,2026-05-22 01:25:05.192570,Walmart,0,0.54
3095,637,129,2026-05-20 22:20:53.192573,Target,0,2.58
3096,167,205,2026-05-23 10:07:17.192576,Target,0,4.1
3097,937,118,2026-05-21 12:25:39.192579,BestBuy,0,2.36
3098,753,69,2026-05-25 06:33:08.192582,Target,0,1.38
3099,459,157,2026-05-23 05:06:17.192585,Walmart,0,3.14
3100,999,80,2026-05-21 06:38:16.192588,Amazon,0,1.6
3101,280,48,2026-05-20 19:00:21.192591,Amazon,0,0.96
3102,700,33,2026-05-26 10:08:36.192593,Amazon,0,0.66
3103,302,102,2026-05-20 14:33:10.192596,Amazon,0,2.04
3104,531,82,2026-05-26 11:43:46.192599,Amazon,0,1.64
3105,580,263,2026-05-22 15:52:20.192602,Target,0,5.26
3106,218,40,2026-05-25 21:29:57.192605,Walmart,0,0.8
3107,102,46,2026-05-22 12:03:14.192608,Walmart,0,0.92
3108,554,6,2026-05-25 04:16:52.192611,BestBuy,0,0.12
3109,288,155,2026-05-20 11:26:23.192614,Walmart,0,3.1
3110,167,77,2026-05-25 21:13:54.192617,BestBuy,0,1.54
3111,621,50,2026-05-22 11:55:53.192620,Walmart,0,1.0
3112,36,96,2026-05-26 02:46:43.192622,BestBuy,0,1.92
3113,744,166,2026-05-20 12:43:26.192625,BestBuy,0,3.32
3114,741,199,2026-05-21 05:10:52.192628,Walmart,0,3.98
3115,353,123,2026-05-21 09:40:05.192632,Amazon,0,2.46
3116,676,36,2026-05-23 20:37:36.192635,Walmart,0,0.72
3117,899,34,2026-05-25 19:19:55.192638,Walmart,0,0.68
3118,73,130,2026-05-22 04:36:28.192640,Amazon,0,2.6
3119,648,40,2026-05-23 22:04:43.192643,Walmart,0,0.8
3120,353,106,2026-05-25 05:19:50.192646,BestBuy,0,2.12
3121,891,101,2026-05-23 13:04:58.192649,Amazon,0,2.02
3122,70,18,2026-05-23 02:46:13.192652,Amazon,0,0.36
3123,425,60,2026-05-22 03:41:40.192655,Target,0,1.2
3124,999,4,2026-05-25 00:23:25.192658,BestBuy,0,0.08
3125,708,63,2026-05-25 00:56:47.192661,BestBuy,0,1.26
3126,781,213,2026-05-21 11:11:27.192664,Walmart,0,4.26
3127,561,83,2026-05-24 23:34:04.192667,Walmart,0,1.66
3128,828,40,2026-05-24 05:14:07.192670,BestBuy,0,0.8
3129,642,219,2026-05-26 08:23:24.192673,BestBuy,1,43.8
3130,956,57,2026-05-20 11:22:14.192675,BestBuy,0,1.14
3131,517,89,2026-05-23 10:36:52.192678,Walmart,0,1.78
3132,428,128,2026-05-21 06:23:03.192681,BestBuy,0,2.56
3133,539,161,2026-05-22 13:13:56.192684,BestBuy,0,3.22
3134,160,219,2026-05-25 03:49:57.192687,Amazon,0,4.38
3135,149,69,2026-05-22 07:02:52.192690,BestBuy,0,1.38
3136,776,60,2026-05-20 08:22:19.192693,Target,0,1.2
3137,230,108,2026-05-20 08:59:57.192696,Walmart,0,2.16
3138,712,141,2026-05-19 21:37:28.192699,Amazon,0,2.82
3139,562,108,2026-05-26 03:42:25.192702,BestBuy,0,2.16
3140,67,52,2026-05-24 08:34:26.192705,BestBuy,0,1.04
3141,812,229,2026-05-21 01:31:09.192708,Amazon,0,4.58
3142,381,125,2026-05-23 08:01:52.192710,Amazon,0,2.5
3143,58,287,2026-05-25 14:21:23.192713,Amazon,0,5.74
3144,259,336,2026-05-22 20:17:58.192716,Target,0,6.72
3145,342,22,2026-05-25 21:33:55.192720,Target,0,0.44
3146,838,95,2026-05-20 05:08:30.192722,Amazon,0,1.9
3147,130,44,2026-05-20 13:50:30.192725,BestBuy,0,0.88
3148,727,108,2026-05-26 09:13:43.192728,Walmart,0,2.16
3149,172,45,2026-05-25 18:35:05.192732,Target,0,0.9
3150,770,19,2026-05-22 20:55:09.192735,Walmart,0,0.38
3151,614,164,2026-05-26 11:48:39.192738,Walmart,0,3.28
3152,209,177,2026-05-25 22:35:14.192740,Target,0,3.54
3153,803,96,2026-05-20 23:20:45.192743,Walmart,0,1.92
3154,354,119,2026-05-21 08:38:29.192746,BestBuy,0,2.38
3155,471,274,2026-05-21 01:19:06.192749,Target,0,5.48
3156,798,10,2026-05-22 11:05:55.192751,Target,0,0.2
3157,116,30,2026-05-23 00:46:44.192754,Walmart,0,0.6
3158,264,122,2026-05-19 20:40:40.192757,Walmart,0,2.44
3159,662,20,2026-05-25 10:19:29.192759,Amazon,0,0.4
3160,812,49,2026-05-24 02:41:04.192762,Target,0,0.98
3161,442,60,2026-05-20 03:47:48.192765,Walmart,0,1.2
3162,548,31,2026-05-22 10:17:53.192767,BestBuy,0,0.62
3163,453,108,2026-05-21 10:51:32.192770,Target,0,2.16
3164,845,77,2026-05-19 21:55:42.192773,Amazon,0,1.54
3165,477,53,2026-05-24 18:21:47.192776,BestBuy,0,1.06
3166,287,369,2026-05-20 18:54:18.192778,Amazon,0,7.38
3167,303,27,2026-05-23 16:12:08.192781,Amazon,0,0.54
3168,311,46,2026-05-23 03:38:02.192790,BestBuy,0,0.92
3169,208,69,2026-05-25 08:44:51.192793,Amazon,0,1.38
3170,618,124,2026-05-19 15:03:11.192796,Amazon,0,2.48
3171,446,182,2026-05-23 18:11:11.192799,Amazon,0,3.64
3172,670,14,2026-05-25 14:07:50.192801,Amazon,0,0.28
3173,633,174,2026-05-19 19:33:44.192804,Amazon,0,3.48
3174,55,20,2026-05-23 04:40:03.192807,Target,0,0.4
3175,912,69,2026-05-24 08:54:57.192810,Walmart,0,1.38
3176,12,120,2026-05-21 20:48:02.192813,Target,0,2.4
3177,657,281,2026-05-23 09:28:45.192815,Target,0,5.62
3178,400,78,2026-05-21 22:04:53.192818,Walmart,0,1.56
3179,908,46,2026-05-24 01:28:25.192821,Walmart,0,0.92
3180,648,75,2026-05-24 19:01:52.192823,BestBuy,0,1.5
3181,980,81,2026-05-21 16:48:56.192826,Amazon,0,1.62
3182,515,101,2026-05-21 22:51:23.192829,Walmart,0,2.02
3183,656,423,2026-05-22 13:16:10.192831,BestBuy,1,84.6
3184,542,95,2026-05-25 02:36:31.192834,BestBuy,0,1.9
3185,237,9,2026-05-23 04:49:17.192837,Target,0,0.18
3186,279,139,2026-05-20 19:19:19.192840,BestBuy,0,2.78
3187,348,97,2026-05-25 06:57:00.192842,Amazon,0,1.94
3188,627,86,2026-05-20 14:56:03.192845,Target,0,1.72
3189,104,201,2026-05-25 13:02:51.192848,Walmart,0,4.02
3190,630,173,2026-05-25 00:15:23.192850,Target,0,3.46
3191,517,26,2026-05-22 18:05:08.192853,Target,0,0.52
3192,980,72,2026-05-22 17:48:15.192856,Amazon,0,1.44
3193,872,18,2026-05-19 17:24:08.192859,Amazon,0,0.36
3194,248,14,2026-05-24 23:42:34.192861,Target,0,0.28
3195,364,24,2026-05-23 16:15:24.192864,Walmart,0,0.48
3196,321,106,2026-05-23 02:12:03.192867,Amazon,0,2.12
3197,633,157,2026-05-26 11:10:36.192869,Target,0,3.14
3198,286,161,2026-05-24 13:45:02.192872,Amazon,0,3.22
3199,149,77,2026-05-23 08:44:41.192875,Amazon,0,1.54
3200,84,29,2026-05-22 01:34:21.192878,BestBuy,0,0.58
3201,966,43,2026-05-21 19:32:20.192881,Walmart,0,0.86
3202,406,140,2026-05-20 03:45:19.192883,Target,0,2.8
3203,978,11,2026-05-21 19:44:46.192886,Target,0,0.22
3204,456,94,2026-05-26 13:27:18.192889,BestBuy,0,1.88
3205,743,22,2026-05-25 10:33:27.192892,Target,0,0.44
3206,800,105,2026-05-21 00:30:15.192894,Target,0,2.1
3207,161,142,2026-05-20 06:49:37.192897,BestBuy,0,2.84
3208,784,46,2026-05-19 18:48:56.192900,BestBuy,0,0.92
3209,460,15,2026-05-24 03:58:31.192903,Target,0,0.3
3210,550,60,2026-05-25 21:17:36.192905,BestBuy,0,1.2
3211,500,81,2026-05-22 09:45:50.192908,Amazon,0,1.62
3212,738,33,2026-05-22 01:09:26.192911,Amazon,0,0.66
3213,509,87,2026-05-21 13:30:26.192914,Amazon,0,1.74
3214,654,177,2026-05-25 20:18:06.192916,Amazon,0,3.54
3215,804,267,2026-05-22 17:23:08.192919,BestBuy,1,53.4
3216,481,48,2026-05-25 22:08:33.192922,Walmart,0,0.96
3217,663,207,2026-05-23 17:30:59.192924,Walmart,0,4.14
3218,114,133,2026-05-20 03:14:10.192927,Target,0,2.66
3219,749,177,2026-05-23 10:23:54.192930,Walmart,0,3.54
3220,578,128,2026-05-23 14:59:58.192933,Amazon,0,2.56
3221,361,292,2026-05-20 21:56:05.192936,BestBuy,1,58.4
3222,341,25,2026-05-26 05:40:12.192938,Amazon,0,0.5
3223,770,84,2026-05-22 05:52:47.192941,Amazon,0,1.68
3224,987,38,2026-05-25 04:16:21.192944,BestBuy,0,0.76
3225,761,93,2026-05-19 14:55:39.192947,Amazon,0,1.86
3226,969,173,2026-05-21 19:02:17.192950,Amazon,0,3.46
3227,449,61,2026-05-25 13:17:07.192952,BestBuy,0,1.22
3228,843,213,2026-05-20 02:23:03.192955,BestBuy,1,42.6
3229,835,170,2026-05-22 03:57:20.192958,Target,0,3.4
3230,180,79,2026-05-20 19:00:04.192961,Target,0,1.58
3231,702,17,2026-05-24 19:49:22.192963,Amazon,0,0.34
3232,407,77,2026-05-23 10:49:09.192966,Target,0,1.54
3233,666,345,2026-05-24 12:35:18.192969,Walmart,0,6.9
3234,196,134,2026-05-24 22:00:50.192971,Walmart,0,2.68
3235,466,128,2026-05-21 18:43:56.192974,Amazon,0,2.56
3236,311,11,2026-05-24 21:27:20.192977,Target,0,0.22
3237,262,192,2026-05-22 09:53:28.192980,Amazon,0,3.84
3238,419,140,2026-05-25 05:53:12.192982,Target,0,2.8
3239,406,65,2026-05-24 13:03:40.192985,BestBuy,0,1.3
3240,939,64,2026-05-23 13:37:34.192988,BestBuy,0,1.28
3241,143,198,2026-05-23 13:59:44.192991,BestBuy,0,3.96
3242,342,89,2026-05-19 22:25:48.192993,BestBuy,0,1.78
3243,316,153,2026-05-20 14:24:05.192996,Amazon,0,3.06
3244,101,203,2026-05-21 04:07:05.192999,Amazon,0,4.06
3245,244,38,2026-05-22 15:46:24.193001,Amazon,0,0.76
3246,490,72,2026-05-25 11:06:32.193004,Walmart,0,1.44
3247,12,44,2026-05-26 02:29:49.193007,BestBuy,0,0.88
3248,239,95,2026-05-25 02:08:12.193010,BestBuy,0,1.9
3249,561,14,2026-05-23 23:01:46.193012,BestBuy,0,0.28
3250,42,118,2026-05-20 00:44:11.193016,Target,0,2.36
3251,678,107,2026-05-21 19:08:32.193018,Target,0,2.14
3252,594,64,2026-05-22 23:34:39.193021,Walmart,0,1.28
3253,429,110,2026-05-23 14:41:56.193024,Walmart,0,2.2
3254,803,86,2026-05-25 17:09:07.193027,Target,0,1.72
3255,158,51,2026-05-25 17:51:55.193030,Target,0,1.02
3256,216,100,2026-05-21 02:23:51.193032,Amazon,0,2.0
3257,670,45,2026-05-20 02:22:45.193035,Amazon,0,0.9
3258,462,92,2026-05-24 11:13:46.193038,Target,0,1.84
3259,134,15,2026-05-23 11:30:28.193040,BestBuy,0,0.3
3260,67,85,2026-05-23 12:08:02.193043,Target,0,1.7
3261,848,72,2026-05-23 15:05:22.193046,Amazon,0,1.44
3262,7,168,2026-05-22 15:30:07.193049,Walmart,0,3.36
3263,948,79,2026-05-22 15:02:44.193051,Target,0,1.58
3264,526,26,2026-05-20 01:02:08.193054,Target,0,0.52
3265,73,166,2026-05-21 20:45:00.193057,BestBuy,0,3.32
3266,399,44,2026-05-21 03:51:12.193059,Walmart,0,0.88
3267,405,117,2026-05-20 10:00:38.193062,BestBuy,0,2.34
3268,675,58,2026-05-26 12:52:49.193065,Walmart,0,1.16
3269,578,63,2026-05-23 05:15:22.193068,BestBuy,0,1.26
3270,859,45,2026-05-23 01:40:07.193070,Walmart,0,0.9
3271,130,22,2026-05-25 15:11:31.193073,Target,0,0.44
3272,931,42,2026-05-22 21:09:28.193076,Target,0,0.84
3273,466,136,2026-05-20 17:46:05.193079,Target,0,2.72
3274,206,85,2026-05-20 23:33:26.193081,Amazon,0,1.7
3275,788,101,2026-05-22 11:42:14.193084,Walmart,0,2.02
3276,978,50,2026-05-19 14:23:08.193087,Walmart,0,1.0
3277,768,59,2026-05-23 15:09:28.193089,BestBuy,0,1.18
3278,266,53,2026-05-22 14:56:04.193092,Amazon,0,1.06
3279,537,105,2026-05-23 02:32:46.193095,BestBuy,0,2.1
3280,962,127,2026-05-21 00:13:59.193098,Amazon,0,2.54
3281,793,49,2026-05-19 16:42:16.193100,BestBuy,0,0.98
3282,253,92,2026-05-23 04:03:01.193103,Amazon,0,1.84
3283,822,53,2026-05-24 00:46:47.193106,BestBuy,0,1.06
3284,289,37,2026-05-24 05:58:05.193108,BestBuy,0,0.74
3285,164,287,2026-05-25 07:12:35.193111,Amazon,0,5.74
3286,95,39,2026-05-23 23:57:35.193114,Walmart,0,0.78
3287,782,86,2026-05-25 19:58:37.193116,BestBuy,0,1.72
3288,833,83,2026-05-24 17:48:51.193119,Amazon,0,1.66
3289,110,54,2026-05-25 07:13:40.193122,Amazon,0,1.08
3290,336,46,2026-05-23 09:21:45.193125,Walmart,0,0.92
3291,822,30,2026-05-19 23:11:39.193128,Walmart,0,0.6
3292,238,128,2026-05-22 23:37:48.193130,Walmart,0,2.56
3293,381,237,2026-05-22 21:15:35.193133,Walmart,0,4.74
3294,436,118,2026-05-22 15:43:34.193136,BestBuy,0,2.36
3295,899,225,2026-05-23 22:51:30.193139,BestBuy,1,45.0
3296,483,109,2026-05-24 08:23:03.193141,Target,0,2.18
3297,937,37,2026-05-20 20:28:19.193144,BestBuy,0,0.74
3298,902,85,2026-05-25 10:42:38.193147,Target,0,1.7
3299,25,87,2026-05-25 06:06:23.193150,Target,0,1.74
3300,653,78,2026-05-24 02:01:21.193152,BestBuy,0,1.56
3301,117,152,2026-05-26 10:57:53.193155,Target,0,3.04
3302,482,134,2026-05-21 01:09:21.193158,Walmart,0,2.68
3303,392,95,2026-05-22 21:56:28.193160,Target,0,1.9
3304,917,302,2026-05-20 08:08:46.193163,BestBuy,1,60.4
3305,994,111,2026-05-21 03:24:22.193166,Amazon,0,2.22
3306,964,12,2026-05-23 18:50:08.193168,BestBuy,0,0.24
3307,537,38,2026-05-21 10:48:33.193171,Amazon,0,0.76
3308,79,55,2026-05-24 04:38:24.193174,Amazon,0,1.1
3309,580,184,2026-05-20 05:36:56.193176,Target,0,3.68
3310,173,112,2026-05-26 10:26:31.193179,Target,0,2.24
3311,956,131,2026-05-22 04:45:58.193182,Amazon,0,2.62
3312,12,40,2026-05-23 22:36:25.193184,Target,0,0.8
3313,800,80,2026-05-23 22:10:32.193187,Walmart,0,1.6
3314,128,70,2026-05-21 03:15:49.193190,BestBuy,0,1.4
3315,608,259,2026-05-23 06:18:50.193192,Target,0,5.18
3316,92,47,2026-05-22 04:28:16.193195,Amazon,0,0.94
3317,653,107,2026-05-21 06:18:25.193198,Amazon,0,2.14
3318,543,29,2026-05-24 05:04:02.193201,BestBuy,0,0.58
3319,846,39,2026-05-25 20:50:55.193203,Target,0,0.78
3320,532,159,2026-05-26 06:17:08.193206,Target,0,3.18
3321,658,59,2026-05-25 16:19:44.193209,Amazon,0,1.18
3322,989,18,2026-05-25 22:51:10.193212,BestBuy,0,0.36
3323,828,50,2026-05-21 21:42:43.193214,Amazon,0,1.0
3324,447,117,2026-05-24 12:45:49.193217,BestBuy,0,2.34
3325,390,79,2026-05-23 15:50:45.193220,Target,0,1.58
3326,672,34,2026-05-22 16:51:11.193222,Target,0,0.68
3327,861,69,2026-05-22 02:41:37.193225,BestBuy,0,1.38
3328,43,39,2026-05-21 22:50:19.193228,Amazon,0,0.78
3329,254,26,2026-05-25 13:57:23.193231,Amazon,0,0.52
3330,130,54,2026-05-23 11:51:29.193233,Amazon,0,1.08
3331,60,46,2026-05-26 11:17:45.193236,BestBuy,0,0.92
3332,663,39,2026-05-21 10:52:29.193239,BestBuy,0,0.78
3333,467,57,2026-05-20 02:23:40.193241,Amazon,0,1.14
3334,287,97,2026-05-22 09:47:59.193244,Amazon,0,1.94
3335,517,46,2026-05-20 02:46:49.193247,BestBuy,0,0.92
3336,467,134,2026-05-23 17:26:25.193249,BestBuy,0,2.68
3337,930,33,2026-05-26 06:17:12.193252,Amazon,0,0.66
3338,778,16,2026-05-26 12:45:28.193255,Amazon,0,0.32
3339,345,92,2026-05-21 21:52:37.193258,Target,0,1.84
3340,642,98,2026-05-25 01:55:54.193260,Walmart,0,1.96
3341,382,217,2026-05-22 00:54:55.193263,BestBuy,1,43.4
3342,779,410,2026-05-24 01:24:33.193266,Walmart,0,8.2
3343,690,17,2026-05-26 01:04:12.193268,BestBuy,0,0.34
3344,253,41,2026-05-20 02:09:56.193271,Target,0,0.82
3345,927,109,2026-05-21 18:50:09.193274,BestBuy,0,2.18
3346,56,14,2026-05-23 14:43:06.193277,BestBuy,0,0.28
3347,463,123,2026-05-22 16:42:15.193279,Walmart,0,2.46
3348,457,225,2026-05-20 20:35:34.193282,Target,0,4.5
3349,983,47,2026-05-24 04:17:00.193285,Target,0,0.94
3350,83,46,2026-05-22 23:17:21.193287,Target,0,0.92
3351,905,76,2026-05-23 00:12:40.193290,Target,0,1.52
3352,99,85,2026-05-24 00:10:15.193293,BestBuy,0,1.7
3353,149,122,2026-05-21 19:36:37.193296,Walmart,0,2.44
3354,329,19,2026-05-26 10:25:52.193298,Target,0,0.38
3355,156,159,2026-05-24 08:33:12.193301,Amazon,0,3.18
3356,190,104,2026-05-22 17:27:36.193304,Target,0,2.08
3357,494,110,2026-05-21 19:15:52.193307,Walmart,0,2.2
3358,883,62,2026-05-25 11:34:37.193311,Walmart,0,1.24
3359,263,71,2026-05-21 23:38:28.193313,Walmart,0,1.42
3360,80,92,2026-05-20 18:03:13.193316,Walmart,0,1.84
3361,400,37,2026-05-24 18:11:35.193319,Amazon,0,0.74
3362,764,2,2026-05-21 11:46:27.193321,Target,0,0.04
3363,609,56,2026-05-26 09:55:51.193324,BestBuy,0,1.12
3364,260,16,2026-05-24 04:16:12.193326,BestBuy,0,0.32
3365,772,33,2026-05-24 11:33:24.193329,Amazon,0,0.66
3366,615,67,2026-05-21 12:14:08.193332,Target,0,1.34
3367,552,119,2026-05-25 22:39:41.193335,Target,0,2.38
3368,785,259,2026-05-22 08:07:12.193337,BestBuy,1,51.8
3369,101,152,2026-05-21 20:02:15.193340,Amazon,0,3.04
3370,359,43,2026-05-22 12:55:16.193342,BestBuy,0,0.86
3371,380,16,2026-05-21 23:54:46.193345,Amazon,0,0.32
3372,820,60,2026-05-23 22:15:21.193348,Walmart,0,1.2
3373,221,173,2026-05-24 08:12:14.193351,Target,0,3.46
3374,820,175,2026-05-25 07:10:23.193353,Target,0,3.5
3375,420,206,2026-05-23 04:04:14.193356,Target,0,4.12
3376,124,131,2026-05-25 22:32:12.193358,Target,0,2.62
3377,422,21,2026-05-20 15:36:50.193361,Target,0,0.42
3378,231,61,2026-05-26 06:13:49.193364,Target,0,1.22
3379,690,42,2026-05-24 16:01:06.193367,Walmart,0,0.84
3380,63,101,2026-05-19 21:41:06.193369,Target,0,2.02
3381,485,213,2026-05-23 08:11:14.193372,Walmart,0,4.26
3382,628,205,2026-05-19 22:43:13.193374,Target,0,4.1
3383,703,19,2026-05-25 15:59:51.193377,Target,0,0.38
3384,574,103,2026-05-20 01:53:53.193380,Amazon,0,2.06
3385,768,125,2026-05-21 10:14:37.193382,Target,0,2.5
3386,483,68,2026-05-21 02:41:47.193385,BestBuy,0,1.36
3387,519,71,2026-05-22 10:01:15.193388,Amazon,0,1.42
3388,155,24,2026-05-21 18:32:33.193390,Amazon,0,0.48
3389,92,105,2026-05-23 22:56:21.193393,Amazon,0,2.1
3390,982,62,2026-05-26 13:02:43.193395,BestBuy,0,1.24
3391,526,44,2026-05-22 06:10:50.193398,Walmart,0,0.88
3392,455,108,2026-05-20 20:18:13.193401,Amazon,0,2.16
3393,741,50,2026-05-25 21:49:18.193403,Amazon,0,1.0
3394,598,112,2026-05-22 18:21:06.193406,Amazon,0,2.24
3395,645,80,2026-05-20 12:38:40.193408,Target,0,1.6
3396,510,37,2026-05-25 09:27:47.193411,Walmart,0,0.74
3397,183,109,2026-05-21 04:56:37.193414,BestBuy,0,2.18
3398,386,209,2026-05-24 22:34:42.193416,BestBuy,1,41.8
3399,574,150,2026-05-26 05:16:34.193419,Walmart,0,3.0
3400,731,77,2026-05-23 11:06:08.193422,Walmart,0,1.54
3401,405,70,2026-05-24 14:26:42.193424,Walmart,0,1.4
3402,246,77,2026-05-21 07:53:22.193427,Target,0,1.54
3403,742,44,2026-05-19 19:36:11.193429,Amazon,0,0.88
3404,591,142,2026-05-25 08:33:10.193432,Target,0,2.84
3405,661,66,2026-05-24 17:19:42.193435,Walmart,0,1.32
3406,650,99,2026-05-22 20:46:26.193437,Target,0,1.98
3407,471,222,2026-05-20 13:38:49.193440,BestBuy,1,44.4
3408,826,82,2026-05-21 17:21:40.193443,Target,0,1.64
3409,888,102,2026-05-21 18:22:21.193445,Walmart,0,2.04
3410,423,127,2026-05-23 17:16:04.193448,Amazon,0,2.54
3411,901,123,2026-05-26 12:20:06.193450,Target,0,2.46
3412,65,92,2026-05-20 10:34:16.193453,Walmart,0,1.84
3413,13,94,2026-05-24 10:57:19.193456,Target,0,1.88
3414,213,39,2026-05-25 13:43:54.193458,BestBuy,0,0.78
3415,986,137,2026-05-19 14:41:42.193461,Target,0,2.74
3416,242,79,2026-05-22 20:52:05.193464,Target,0,1.58
3417,493,74,2026-05-23 18:14:12.193466,Amazon,0,1.48
3418,213,36,2026-05-20 20:04:31.193469,Target,0,0.72
3419,693,40,2026-05-20 15:15:49.193472,Target,0,0.8
3420,338,111,2026-05-20 10:54:55.193474,BestBuy,0,2.22
3421,997,235,2026-05-22 01:48:55.193477,BestBuy,1,47.0
3422,173,17,2026-05-20 19:32:30.193480,BestBuy,0,0.34
3423,672,58,2026-05-23 04:43:25.193482,Amazon,0,1.16
3424,164,29,2026-05-24 02:19:29.193485,BestBuy,0,0.58
3425,465,151,2026-05-25 18:03:17.193488,BestBuy,0,3.02
3426,995,28,2026-05-23 17:56:14.193490,Target,0,0.56
3427,497,39,2026-05-20 23:27:38.193493,Target,0,0.78
3428,700,63,2026-05-21 03:58:37.193495,Amazon,0,1.26
3429,395,251,2026-05-25 19:18:25.193498,BestBuy,1,50.2
3430,703,79,2026-05-22 20:56:25.193501,Walmart,0,1.58
3431,917,97,2026-05-22 11:12:24.193503,Target,0,1.94
3432,308,110,2026-05-20 09:23:02.193506,Walmart,0,2.2
3433,768,61,2026-05-25 05:56:10.193509,Walmart,0,1.22
3434,183,11,2026-05-21 02:58:10.193511,BestBuy,0,0.22
3435,629,138,2026-05-20 12:12:54.193514,Walmart,0,2.76
3436,794,39,2026-05-23 00:45:39.193516,Amazon,0,0.78
3437,510,224,2026-05-25 06:20:00.193519,Amazon,0,4.48
3438,708,27,2026-05-19 23:22:12.193522,Target,0,0.54
3439,546,65,2026-05-25 06:58:05.193524,Walmart,0,1.3
3440,564,72,2026-05-23 22:42:19.193527,Amazon,0,1.44
3441,624,90,2026-05-23 22:28:35.193530,Amazon,0,1.8
3442,764,98,2026-05-25 01:37:52.193532,Walmart,0,1.96
3443,594,66,2026-05-22 12:09:22.193535,Amazon,0,1.32
3444,744,54,2026-05-22 03:34:18.193537,Walmart,0,1.08
3445,227,31,2026-05-23 13:22:09.193540,Amazon,0,0.62
3446,745,150,2026-05-20 23:28:59.193543,Walmart,0,3.0
3447,733,153,2026-05-20 22:05:51.193545,Amazon,0,3.06
3448,436,52,2026-05-26 01:32:43.193548,Amazon,0,1.04
3449,925,123,2026-05-20 18:02:05.193551,Amazon,0,2.46
3450,422,215,2026-05-26 05:19:44.193553,BestBuy,1,43.0
3451,554,66,2026-05-24 11:56:49.193556,BestBuy,0,1.32
3452,21,99,2026-05-20 14:08:37.193559,Amazon,0,1.98
3453,554,37,2026-05-19 14:18:08.193561,BestBuy,0,0.74
3454,397,11,2026-05-22 00:18:16.193564,Walmart,0,0.22
3455,625,170,2026-05-20 03:36:42.193567,BestBuy,0,3.4
3456,105,9,2026-05-24 02:44:49.193569,Target,0,0.18
3457,192,47,2026-05-25 08:23:01.193572,Target,0,0.94
3458,17,68,2026-05-23 08:47:55.193575,Amazon,0,1.36
3459,120,23,2026-05-22 13:40:16.193577,BestBuy,0,0.46
3460,393,103,2026-05-24 01:11:29.193580,Target,0,2.06
3461,425,125,2026-05-24 01:10:18.193583,Amazon,0,2.5
3462,129,101,2026-05-21 16:06:35.193585,Target,0,2.02
3463,130,95,2026-05-19 14:49:07.193588,Amazon,0,1.9
3464,572,73,2026-05-21 06:21:10.193591,Target,0,1.46
3465,560,61,2026-05-22 13:46:52.193593,Target,0,1.22
3466,29,170,2026-05-24 20:41:26.193596,BestBuy,0,3.4
3467,97,155,2026-05-21 05:48:05.193599,Amazon,0,3.1
3468,10,33,2026-05-26 09:13:13.193601,Target,0,0.66
3469,242,50,2026-05-23 01:25:39.193604,Amazon,0,1.0
3470,826,136,2026-05-25 04:08:23.193606,BestBuy,0,2.72
3471,956,109,2026-05-20 03:40:55.193609,Target,0,2.18
3472,232,75,2026-05-25 14:39:46.193612,Walmart,0,1.5
3473,789,26,2026-05-26 02:01:28.193614,Walmart,0,0.52
3474,284,85,2026-05-25 12:21:33.193617,Walmart,0,1.7
3475,715,51,2026-05-23 09:10:24.193620,Amazon,0,1.02
3476,759,13,2026-05-21 13:33:49.193622,BestBuy,0,0.26
3477,802,327,2026-05-25 21:57:30.193625,Amazon,0,6.54
3478,776,6,2026-05-26 00:34:44.193627,Amazon,0,0.12
3479,955,32,2026-05-25 16:55:19.193630,Walmart,0,0.64
3480,726,172,2026-05-21 12:53:03.193633,BestBuy,0,3.44
3481,200,207,2026-05-22 06:53:12.193635,Target,0,4.14
3482,945,96,2026-05-23 15:19:53.193638,Amazon,0,1.92
3483,79,91,2026-05-23 19:26:21.193640,Walmart,0,1.82
3484,913,48,2026-05-23 06:21:24.193643,Amazon,0,0.96
3485,956,121,2026-05-19 13:50:48.193646,Amazon,0,2.42
3486,855,143,2026-05-21 01:36:19.193648,BestBuy,0,2.86
3487,856,229,2026-05-21 11:27:30.193651,Target,0,4.58
3488,173,22,2026-05-21 12:56:48.193654,Amazon,0,0.44
3489,467,54,2026-05-25 16:13:54.193656,Amazon,0,1.08
3490,581,30,2026-05-25 19:17:06.193659,Target,0,0.6
3491,416,70,2026-05-20 21:38:27.193662,BestBuy,0,1.4
3492,940,123,2026-05-23 14:55:14.193665,Amazon,0,2.46
3493,449,91,2026-05-21 02:31:15.193667,BestBuy,0,1.82
3494,87,81,2026-05-20 17:49:47.193670,BestBuy,0,1.62
3495,101,25,2026-05-20 03:29:48.193672,Amazon,0,0.5
3496,8,15,2026-05-21 20:51:14.193675,Target,0,0.3
3497,845,117,2026-05-22 12:54:20.193678,Amazon,0,2.34
3498,200,47,2026-05-24 20:02:28.193680,Amazon,0,0.94
3499,505,65,2026-05-26 01:48:21.193683,Walmart,0,1.3
3500,87,49,2026-05-22 10:33:33.193686,Target,0,0.98
3501,43,19,2026-05-24 15:39:22.193688,Walmart,0,0.38
3502,385,98,2026-05-26 12:36:17.193691,Target,0,1.96
3503,621,111,2026-05-20 20:50:03.193694,Amazon,0,2.22
3504,435,169,2026-05-24 19:31:08.193696,BestBuy,0,3.38
3505,408,49,2026-05-23 17:18:25.193699,Walmart,0,0.98
3506,483,50,2026-05-26 11:09:48.193702,Walmart,0,1.0
3507,664,32,2026-05-21 15:14:13.193704,Walmart,0,0.64
3508,17,144,2026-05-22 06:06:46.193707,Walmart,0,2.88
3509,645,122,2026-05-23 11:23:50.193709,Target,0,2.44
3510,148,15,2026-05-23 05:58:27.193712,BestBuy,0,0.3
3511,277,105,2026-05-24 21:51:00.193715,BestBuy,0,2.1
3512,232,173,2026-05-24 12:24:06.193717,Amazon,0,3.46
3513,826,64,2026-05-19 20:38:39.193720,Amazon,0,1.28
3514,927,21,2026-05-25 11:15:19.193723,Walmart,0,0.42
3515,366,215,2026-05-26 13:06:11.193726,Amazon,0,4.3
3516,228,45,2026-05-23 10:46:05.193728,Amazon,0,0.9
3517,651,15,2026-05-23 17:50:18.193731,Target,0,0.3
3518,436,32,2026-05-25 13:54:41.193733,Amazon,0,0.64
3519,399,62,2026-05-21 11:26:29.193736,Amazon,0,1.24
3520,211,50,2026-05-25 12:08:11.193738,Amazon,0,1.0
3521,391,81,2026-05-22 10:53:54.193741,BestBuy,0,1.62
3522,499,95,2026-05-19 21:55:12.193744,BestBuy,0,1.9
3523,540,77,2026-05-24 22:23:33.193746,Amazon,0,1.54
3524,563,57,2026-05-22 10:28:42.193749,Walmart,0,1.14
3525,491,34,2026-05-25 03:13:04.193752,BestBuy,0,0.68
3526,442,40,2026-05-20 21:00:46.193754,Target,0,0.8
3527,261,104,2026-05-19 15:23:37.193757,Target,0,2.08
3528,773,85,2026-05-20 04:38:58.193760,Target,0,1.7
3529,350,178,2026-05-20 12:13:32.193762,Amazon,0,3.56
3530,352,67,2026-05-26 10:22:11.193765,Walmart,0,1.34
3531,520,56,2026-05-19 21:36:03.193768,Target,0,1.12
3532,320,32,2026-05-20 10:49:18.193770,Walmart,0,0.64
3533,138,128,2026-05-24 07:21:05.193773,Target,0,2.56
3534,550,126,2026-05-21 00:21:23.193776,Walmart,0,2.52
3535,623,233,2026-05-19 23:58:04.193778,Amazon,0,4.66
3536,992,113,2026-05-23 07:30:51.193781,Amazon,0,2.26
3537,368,117,2026-05-23 11:14:24.193783,Target,0,2.34
3538,220,175,2026-05-23 12:04:59.193786,Target,0,3.5
3539,337,69,2026-05-22 19:13:31.193789,BestBuy,0,1.38
3540,223,141,2026-05-20 08:34:38.193791,Target,0,2.82
3541,648,277,2026-05-20 19:03:07.193794,BestBuy,1,55.4
3542,768,156,2026-05-25 08:50:17.193797,BestBuy,0,3.12
3543,360,42,2026-05-20 02:42:13.193800,Amazon,0,0.84
3544,921,38,2026-05-25 16:32:42.193802,Amazon,0,0.76
3545,329,60,2026-05-26 09:24:42.193805,BestBuy,0,1.2
3546,962,81,2026-05-24 18:22:24.193808,Target,0,1.62
3547,463,54,2026-05-20 17:35:47.193811,BestBuy,0,1.08
3548,946,105,2026-05-23 02:57:02.193813,Target,0,2.1
3549,963,32,2026-05-22 05:27:08.193816,Amazon,0,0.64
3550,561,72,2026-05-26 03:05:01.193818,Target,0,1.44
3551,804,29,2026-05-26 04:30:39.193821,BestBuy,0,0.58
3552,382,161,2026-05-22 13:27:01.193824,Target,0,3.22
3553,836,23,2026-05-25 00:02:54.193826,BestBuy,0,0.46
3554,590,28,2026-05-21 16:46:24.193829,Target,0,0.56
3555,617,168,2026-05-21 09:07:40.193832,BestBuy,0,3.36
3556,169,117,2026-05-22 08:48:11.193834,Amazon,0,2.34
3557,217,64,2026-05-20 20:40:10.193837,BestBuy,0,1.28
3558,378,90,2026-05-19 16:03:05.193840,Amazon,0,1.8
3559,119,69,2026-05-21 06:55:43.193843,BestBuy,0,1.38
3560,190,119,2026-05-19 21:18:23.193845,BestBuy,0,2.38
3561,767,12,2026-05-21 17:02:04.193849,Walmart,0,0.24
3562,370,118,2026-05-19 14:35:36.193852,Walmart,0,2.36
3563,778,49,2026-05-20 11:42:01.193854,Walmart,0,0.98
3564,149,283,2026-05-21 20:31:17.193857,Walmart,0,5.66
3565,676,30,2026-05-21 01:21:59.193859,Target,0,0.6
3566,652,139,2026-05-25 14:41:56.193862,Amazon,0,2.78
3567,859,75,2026-05-23 00:05:46.193864,Amazon,0,1.5
3568,488,17,2026-05-23 02:14:28.193867,Walmart,0,0.34
3569,770,195,2026-05-20 06:34:09.193869,Target,0,3.9
3570,374,147,2026-05-26 10:33:49.193872,BestBuy,0,2.94
3571,781,165,2026-05-24 08:03:09.193875,BestBuy,0,3.3
3572,693,348,2026-05-20 09:20:58.193877,Amazon,0,6.96
3573,160,59,2026-05-21 18:18:41.193880,Amazon,0,1.18
3574,351,123,2026-05-22 20:53:34.193882,Target,0,2.46
3575,912,109,2026-05-25 04:19:03.193885,BestBuy,0,2.18
3576,288,8,2026-05-22 16:25:52.193887,Target,0,0.16
3577,288,77,2026-05-22 14:33:38.193890,BestBuy,0,1.54
3578,892,166,2026-05-22 23:45:01.193892,Walmart,0,3.32
3579,226,198,2026-05-19 20:46:02.193895,Walmart,0,3.96
3580,523,188,2026-05-20 03:37:58.193897,Target,0,3.76
3581,522,7,2026-05-21 17:48:13.193900,Amazon,0,0.14
3582,783,224,2026-05-24 05:13:33.193902,Target,0,4.48
3583,273,103,2026-05-21 13:32:11.193905,Target,0,2.06
3584,936,16,2026-05-23 14:58:29.193908,BestBuy,0,0.32
3585,402,48,2026-05-23 05:10:08.193910,BestBuy,0,0.96
3586,183,341,2026-05-21 14:48:19.193913,BestBuy,1,68.2
3587,969,20,2026-05-23 08:48:45.193915,BestBuy,0,0.4
3588,665,66,2026-05-24 16:24:48.193918,Amazon,0,1.32
3589,488,144,2026-05-22 10:32:47.193920,Amazon,0,2.88
3590,827,135,2026-05-19 17:08:02.193923,Walmart,0,2.7
3591,846,163,2026-05-24 10:59:16.193925,Target,0,3.26
3592,124,89,2026-05-22 08:06:55.193928,Walmart,0,1.78
3593,985,258,2026-05-22 17:33:52.193930,BestBuy,1,51.6
3594,626,29,2026-05-24 02:53:22.193933,Target,0,0.58
3595,790,34,2026-05-25 07:54:13.193935,BestBuy,0,0.68
3596,414,41,2026-05-24 13:44:31.193938,Target,0,0.82
3597,980,221,2026-05-22 13:27:49.193940,Amazon,0,4.42
3598,725,131,2026-05-26 03:23:11.193943,BestBuy,0,2.62
3599,172,33,2026-05-21 02:50:14.193945,Target,0,0.66
3600,288,66,2026-05-25 10:37:53.193948,Target,0,1.32
3601,435,119,2026-05-21 22:58:20.193950,BestBuy,0,2.38
3602,686,72,2026-05-22 22:02:18.193953,Amazon,0,1.44
3603,113,222,2026-05-25 23:49:45.193955,Amazon,0,4.44
3604,888,46,2026-05-23 12:56:46.193958,Amazon,0,0.92
3605,917,181,2026-05-24 01:14:29.193961,Target,0,3.62
3606,995,116,2026-05-21 06:16:58.193963,Amazon,0,2.32
3607,122,80,2026-05-22 19:06:26.193966,Target,0,1.6
3608,544,15,2026-05-25 16:40:04.193969,Walmart,0,0.3
3609,222,110,2026-05-24 05:40:51.193971,Amazon,0,2.2
3610,631,265,2026-05-22 18:50:52.193974,BestBuy,1,53.0
3611,39,61,2026-05-22 00:20:49.193976,BestBuy,0,1.22
3612,497,88,2026-05-26 04:29:50.193978,BestBuy,0,1.76
3613,780,29,2026-05-20 08:20:26.193981,BestBuy,0,0.58
3614,233,23,2026-05-22 23:54:41.193984,Walmart,0,0.46
3615,943,76,2026-05-21 11:48:13.193986,Walmart,0,1.52
3616,530,68,2026-05-24 08:55:39.193989,Amazon,0,1.36
3617,149,88,2026-05-19 15:10:44.193991,Amazon,0,1.76
3618,397,23,2026-05-23 11:39:19.193994,BestBuy,0,0.46
3619,661,104,2026-05-24 01:42:01.193996,BestBuy,0,2.08
3620,638,36,2026-05-20 21:08:42.193999,BestBuy,0,0.72
3621,904,96,2026-05-23 10:06:13.194001,Target,0,1.92
3622,302,82,2026-05-26 13:05:41.194004,Amazon,0,1.64
3623,360,16,2026-05-21 00:24:50.194006,BestBuy,0,0.32
3624,238,195,2026-05-22 18:15:49.194009,BestBuy,0,3.9
3625,647,175,2026-05-23 03:26:24.194011,BestBuy,0,3.5
3626,663,204,2026-05-22 14:28:00.194014,Walmart,0,4.08
3627,236,57,2026-05-22 09:48:41.194016,Walmart,0,1.14
3628,736,33,2026-05-22 03:28:18.194019,Walmart,0,0.66
3629,203,147,2026-05-25 06:58:06.194021,Target,0,2.94
3630,256,141,2026-05-23 09:10:21.194024,Target,0,2.82
3631,598,293,2026-05-25 06:09:38.194026,Amazon,0,5.86
3632,662,29,2026-05-19 18:03:05.194029,BestBuy,0,0.58
3633,235,183,2026-05-24 16:01:23.194036,Amazon,0,3.66
3634,345,57,2026-05-26 11:22:59.194039,Amazon,0,1.14
3635,534,59,2026-05-19 13:51:13.194042,Walmart,0,1.18
3636,860,189,2026-05-20 09:37:26.194044,BestBuy,0,3.78
3637,797,169,2026-05-22 20:54:59.194047,Walmart,0,3.38
3638,781,72,2026-05-23 23:06:49.194050,Walmart,0,1.44
3639,466,59,2026-05-23 21:08:44.194052,BestBuy,0,1.18
3640,770,65,2026-05-23 03:41:48.194055,Amazon,0,1.3
3641,541,165,2026-05-24 08:33:53.194057,Amazon,0,3.3
3642,213,144,2026-05-25 18:20:09.194060,Walmart,0,2.88
3643,463,106,2026-05-20 16:07:44.194063,BestBuy,0,2.12
3644,436,41,2026-05-25 13:07:30.194065,Amazon,0,0.82
3645,283,64,2026-05-24 21:43:22.194068,Target,0,1.28
3646,562,103,2026-05-20 14:23:13.194070,Amazon,0,2.06
3647,607,32,2026-05-21 16:54:38.194073,BestBuy,0,0.64
3648,463,217,2026-05-24 10:58:54.194075,BestBuy,1,43.4
3649,407,13,2026-05-22 16:52:47.194078,BestBuy,0,0.26
3650,88,205,2026-05-23 01:32:42.194080,Walmart,0,4.1
3651,44,78,2026-05-23 18:35:49.194083,Amazon,0,1.56
3652,461,227,2026-05-25 00:21:46.194085,Target,0,4.54
3653,278,44,2026-05-25 09:20:27.194088,Walmart,0,0.88
3654,683,197,2026-05-25 00:42:53.194090,Amazon,0,3.94
3655,421,196,2026-05-20 23:18:54.194093,BestBuy,0,3.92
3656,701,150,2026-05-25 17:47:14.194095,Amazon,0,3.0
3657,353,104,2026-05-24 18:07:31.194098,BestBuy,0,2.08
3658,696,78,2026-05-21 17:07:39.194100,BestBuy,0,1.56
3659,515,99,2026-05-20 15:31:49.194103,Amazon,0,1.98
3660,703,158,2026-05-24 15:19:13.194105,Amazon,0,3.16
3661,630,235,2026-05-24 12:04:16.194108,Target,0,4.7
3662,19,162,2026-05-26 01:41:20.194111,Amazon,0,3.24
3663,23,279,2026-05-23 12:57:17.194113,Amazon,0,5.58
3664,413,131,2026-05-25 23:35:23.194116,Walmart,0,2.62
3665,30,42,2026-05-25 04:42:03.194118,BestBuy,0,0.84
3666,807,41,2026-05-25 13:34:46.194121,BestBuy,0,0.82
3667,108,31,2026-05-22 20:31:00.194123,Target,0,0.62
3668,367,22,2026-05-20 05:38:42.194126,Walmart,0,0.44
3669,281,46,2026-05-20 01:40:30.194128,Target,0,0.92
3670,128,102,2026-05-22 19:02:25.194131,Amazon,0,2.04
3671,229,175,2026-05-22 00:28:56.194133,Target,0,3.5
3672,111,166,2026-05-26 02:17:07.194136,BestBuy,0,3.32
3673,136,234,2026-05-20 15:32:59.194138,Walmart,0,4.68
3674,362,220,2026-05-23 04:18:40.194141,Amazon,0,4.4
3675,186,89,2026-05-21 22:26:36.194143,Walmart,0,1.78
3676,656,157,2026-05-24 19:09:19.194146,Walmart,0,3.14
3677,584,39,2026-05-23 18:17:09.194148,Target,0,0.78
3678,129,44,2026-05-21 10:49:55.194151,Amazon,0,0.88
3679,876,56,2026-05-25 07:40:12.194153,Walmart,0,1.12
3680,261,0,2026-05-20 23:54:10.194156,Walmart,0,0.0
3681,515,22,2026-05-20 17:55:14.194158,Target,0,0.44
3682,449,26,2026-05-21 21:18:04.194161,Walmart,0,0.52
3683,900,60,2026-05-20 06:08:41.194163,BestBuy,0,1.2
3684,104,134,2026-05-24 09:59:33.194166,BestBuy,0,2.68
3685,483,249,2026-05-24 01:29:55.194168,Amazon,0,4.98
3686,224,114,2026-05-26 10:12:14.194171,Amazon,0,2.28
3687,832,59,2026-05-22 03:59:39.194173,Target,0,1.18
3688,874,120,2026-05-22 12:03:13.194176,Walmart,0,2.4
3689,866,89,2026-05-20 10:43:54.194178,Target,0,1.78
3690,491,19,2026-05-20 21:54:47.194181,Target,0,0.38
3691,473,91,2026-05-19 15:40:45.194183,BestBuy,0,1.82
3692,10,70,2026-05-22 18:50:54.194185,Walmart,0,1.4
3693,405,118,2026-05-24 22:03:01.194188,BestBuy,0,2.36
3694,896,192,2026-05-23 08:21:38.194190,BestBuy,0,3.84
3695,302,278,2026-05-25 06:41:16.194193,Amazon,0,5.56
3696,231,72,2026-05-20 09:08:48.194195,Target,0,1.44
3697,731,31,2026-05-22 15:19:04.194198,BestBuy,0,0.62
3698,923,34,2026-05-20 17:32:48.194200,Amazon,0,0.68
3699,66,27,2026-05-24 04:08:22.194203,Amazon,0,0.54
3700,937,34,2026-05-21 04:11:14.194205,Walmart,0,0.68
3701,112,381,2026-05-25 07:30:29.194208,Walmart,0,7.62
3702,13,30,2026-05-24 18:33:42.194211,BestBuy,0,0.6
3703,393,16,2026-05-20 03:37:06.194213,Amazon,0,0.32
3704,500,70,2026-05-20 18:21:31.194216,Amazon,0,1.4
3705,932,173,2026-05-22 23:41:08.194218,Amazon,0,3.46
3706,598,122,2026-05-23 08:06:18.194221,Target,0,2.44
3707,234,64,2026-05-25 20:13:27.194223,Amazon,0,1.28
3708,602,64,2026-05-20 00:36:05.194226,Target,0,1.28
3709,314,133,2026-05-25 19:16:32.194228,Walmart,0,2.66
3710,566,32,2026-05-26 01:55:05.194231,BestBuy,0,0.64
3711,12,47,2026-05-20 10:59:15.194233,Walmart,0,0.94
3712,209,66,2026-05-22 01:10:48.194235,BestBuy,0,1.32
3713,974,168,2026-05-19 17:15:47.194238,Amazon,0,3.36
3714,14,21,2026-05-21 13:48:00.194241,BestBuy,0,0.42
3715,633,59,2026-05-25 06:02:17.194243,BestBuy,0,1.18
3716,418,17,2026-05-25 12:50:35.194246,Walmart,0,0.34
3717,437,109,2026-05-20 07:52:38.194248,BestBuy,0,2.18
3718,377,31,2026-05-20 16:48:12.194251,Amazon,0,0.62
3719,20,69,2026-05-24 21:39:06.194253,Target,0,1.38
3720,587,181,2026-05-19 23:35:42.194256,Amazon,0,3.62
3721,912,131,2026-05-24 03:25:56.194259,BestBuy,0,2.62
3722,755,95,2026-05-24 15:28:37.194261,Walmart,0,1.9
3723,735,124,2026-05-20 02:07:06.194263,Amazon,0,2.48
3724,70,146,2026-05-21 00:06:35.194266,BestBuy,0,2.92
3725,824,12,2026-05-22 23:15:52.194268,Walmart,0,0.24
3726,211,39,2026-05-19 21:46:49.194271,Target,0,0.78
3727,101,58,2026-05-24 03:57:33.194273,Walmart,0,1.16
3728,698,82,2026-05-26 09:23:06.194276,BestBuy,0,1.64
3729,132,36,2026-05-22 12:55:20.194278,Walmart,0,0.72
3730,623,20,2026-05-24 21:26:19.194281,BestBuy,0,0.4
3731,381,40,2026-05-21 16:09:24.194284,Walmart,0,0.8
3732,132,132,2026-05-22 04:39:36.194286,Walmart,0,2.64
3733,20,5,2026-05-26 00:47:42.194289,Walmart,0,0.1
3734,906,41,2026-05-25 04:41:38.194291,BestBuy,0,0.82
3735,536,38,2026-05-25 06:41:53.194294,Walmart,0,0.76
3736,227,34,2026-05-22 07:09:24.194296,BestBuy,0,0.68
3737,154,133,2026-05-23 05:39:40.194299,Amazon,0,2.66
3738,805,39,2026-05-25 13:28:03.194301,Target,0,0.78
3739,742,32,2026-05-23 16:47:28.194304,Amazon,0,0.64
3740,469,122,2026-05-22 19:53:16.194307,Target,0,2.44
3741,822,127,2026-05-24 07:56:02.194309,BestBuy,0,2.54
3742,1000,103,2026-05-22 12:57:57.194311,Amazon,0,2.06
3743,871,35,2026-05-22 06:07:44.194314,Target,0,0.7
3744,405,175,2026-05-20 16:29:50.194317,Target,0,3.5
3745,202,103,2026-05-19 14:52:06.194319,Amazon,0,2.06
3746,38,15,2026-05-22 00:59:20.194322,Amazon,0,0.3
3747,942,216,2026-05-22 07:14:53.194324,BestBuy,1,43.2
3748,772,171,2026-05-24 02:32:06.194326,Target,0,3.42
3749,188,29,2026-05-23 02:20:28.194329,BestBuy,0,0.58
3750,57,72,2026-05-24 07:46:44.194331,BestBuy,0,1.44
3751,941,93,2026-05-25 14:39:55.194334,Walmart,0,1.86
3752,20,62,2026-05-20 03:27:03.194336,BestBuy,0,1.24
3753,273,175,2026-05-23 05:13:52.194339,Target,0,3.5
3754,119,29,2026-05-24 23:47:25.194341,Walmart,0,0.58
3755,583,91,2026-05-20 09:53:26.194344,BestBuy,0,1.82
3756,516,422,2026-05-20 19:46:05.194346,BestBuy,1,84.4
3757,221,145,2026-05-22 00:16:43.194349,Target,0,2.9
3758,526,42,2026-05-20 11:16:35.194351,Walmart,0,0.84
3759,515,138,2026-05-21 03:31:27.194354,Amazon,0,2.76
3760,728,80,2026-05-21 22:25:16.194356,Amazon,0,1.6
3761,741,95,2026-05-22 15:22:23.194359,Walmart,0,1.9
3762,336,98,2026-05-25 01:12:26.194361,Walmart,0,1.96
3763,698,68,2026-05-22 15:01:55.194364,Walmart,0,1.36
3764,55,60,2026-05-24 07:16:41.194367,Walmart,0,1.2
3765,500,23,2026-05-19 14:44:18.194369,Amazon,0,0.46
3766,900,46,2026-05-25 20:34:09.194372,BestBuy,0,0.92
3767,888,37,2026-05-19 21:17:15.194374,Target,0,0.74
3768,766,126,2026-05-22 19:43:38.194377,Amazon,0,2.52
3769,536,139,2026-05-24 01:42:24.194379,Target,0,2.78
3770,162,41,2026-05-20 02:53:04.194382,Amazon,0,0.82
3771,670,27,2026-05-21 06:55:26.194384,Walmart,0,0.54
3772,594,138,2026-05-21 23:06:02.194387,Amazon,0,2.76
3773,915,12,2026-05-24 20:08:59.194389,Amazon,0,0.24
3774,159,17,2026-05-26 04:47:29.194391,Walmart,0,0.34
3775,188,93,2026-05-24 03:13:55.194394,BestBuy,0,1.86
3776,60,37,2026-05-25 14:58:55.194396,Walmart,0,0.74
3777,915,35,2026-05-23 13:33:18.194399,BestBuy,0,0.7
3778,817,306,2026-05-22 19:48:23.194401,Amazon,0,6.12
3779,319,89,2026-05-24 02:16:41.194404,Amazon,0,1.78
3780,878,74,2026-05-22 23:13:22.194406,Target,0,1.48
3781,211,28,2026-05-20 13:44:02.194409,Target,0,0.56
3782,406,16,2026-05-26 11:44:01.194411,Amazon,0,0.32
3783,664,60,2026-05-23 22:15:19.194414,Target,0,1.2
3784,109,101,2026-05-22 08:14:37.194416,BestBuy,0,2.02
3785,76,111,2026-05-24 16:27:12.194419,Walmart,0,2.22
3786,542,44,2026-05-20 05:01:45.194421,Amazon,0,0.88
3787,314,19,2026-05-26 11:10:55.194424,Amazon,0,0.38
3788,998,261,2026-05-22 22:14:19.194427,Target,0,5.22
3789,117,94,2026-05-24 06:50:49.194429,Amazon,0,1.88
3790,927,292,2026-05-24 00:54:38.194432,Amazon,0,5.84
3791,868,415,2026-05-24 16:10:20.194434,BestBuy,1,83.0
3792,704,132,2026-05-20 09:12:33.194437,BestBuy,0,2.64
3793,19,243,2026-05-24 19:28:28.194439,Walmart,0,4.86
3794,432,87,2026-05-24 19:01:06.194442,Amazon,0,1.74
3795,685,34,2026-05-23 09:44:29.194444,Target,0,0.68
3796,740,130,2026-05-22 15:24:19.194447,Walmart,0,2.6
3797,350,72,2026-05-22 02:52:31.194449,Target,0,1.44
3798,183,191,2026-05-19 15:33:20.194452,Amazon,0,3.82
3799,113,42,2026-05-26 08:37:45.194454,Target,0,0.84
3800,183,84,2026-05-25 07:05:11.194457,Target,0,1.68
3801,481,78,2026-05-22 16:34:10.194459,Walmart,0,1.56
3802,146,141,2026-05-21 06:50:48.194462,Amazon,0,2.82
3803,831,60,2026-05-20 08:17:26.194464,Walmart,0,1.2
3804,628,115,2026-05-19 17:34:51.194467,Amazon,0,2.3
3805,113,69,2026-05-20 08:03:52.194469,BestBuy,0,1.38
3806,763,74,2026-05-23 13:15:00.194472,Walmart,0,1.48
3807,476,117,2026-05-21 05:28:48.194474,Amazon,0,2.34
3808,763,31,2026-05-20 00:03:27.194477,BestBuy,0,0.62
3809,303,53,2026-05-21 01:30:59.194480,BestBuy,0,1.06
3810,971,60,2026-05-25 00:04:19.194482,BestBuy,0,1.2
3811,825,96,2026-05-25 23:50:20.194485,Walmart,0,1.92
3812,118,28,2026-05-25 12:00:20.194487,BestBuy,0,0.56
3813,813,21,2026-05-25 17:51:09.194489,Amazon,0,0.42
3814,161,22,2026-05-24 00:05:29.194492,Walmart,0,0.44
3815,401,311,2026-05-24 12:01:55.194494,Target,0,6.22
3816,198,180,2026-05-21 06:49:45.194497,BestBuy,0,3.6
3817,260,180,2026-05-24 05:42:54.194499,Walmart,0,3.6
3818,660,189,2026-05-22 10:37:02.194502,Target,0,3.78
3819,752,41,2026-05-24 07:11:48.194506,Walmart,0,0.82
3820,47,231,2026-05-23 09:11:19.194508,BestBuy,1,46.2
3821,987,18,2026-05-25 16:38:45.194510,BestBuy,0,0.36
3822,399,70,2026-05-20 14:37:50.194513,Target,0,1.4
3823,710,39,2026-05-21 17:50:19.194515,Amazon,0,0.78
3824,559,270,2026-05-20 19:14:42.194517,BestBuy,1,54.0
3825,78,119,2026-05-21 12:08:52.194520,Target,0,2.38
3826,124,109,2026-05-24 10:49:57.194522,BestBuy,0,2.18
3827,75,39,2026-05-21 01:47:56.194524,Amazon,0,0.78
3828,871,48,2026-05-23 12:26:44.194526,Target,0,0.96
3829,137,40,2026-05-22 11:03:31.194529,Amazon,0,0.8
3830,602,86,2026-05-21 09:21:05.194531,BestBuy,0,1.72
3831,400,57,2026-05-25 02:41:00.194533,Target,0,1.14
3832,837,83,2026-05-22 19:26:15.194535,Walmart,0,1.66
3833,505,154,2026-05-23 17:09:22.194538,Amazon,0,3.08
3834,500,152,2026-05-23 13:41:38.194540,BestBuy,0,3.04
3835,573,132,2026-05-20 08:58:23.194543,BestBuy,0,2.64
3836,138,154,2026-05-20 15:57:28.194545,Amazon,0,3.08
3837,50,174,2026-05-23 16:01:49.194547,Target,0,3.48
3838,771,260,2026-05-21 12:29:14.194549,Walmart,0,5.2
3839,973,252,2026-05-19 17:42:38.194552,BestBuy,1,50.4
3840,619,136,2026-05-20 18:57:03.194554,Amazon,0,2.72
3841,625,256,2026-05-20 21:53:39.194556,Amazon,0,5.12
3842,862,56,2026-05-21 09:43:41.194908,Walmart,0,1.12
3843,254,493,2026-05-23 17:54:40.194940,Walmart,0,9.86
3844,630,339,2026-05-20 23:12:22.194947,BestBuy,1,67.8
3845,710,41,2026-05-25 04:03:01.194951,Walmart,0,0.82
3846,849,41,2026-05-19 16:13:35.194956,Amazon,0,0.82
3847,877,13,2026-05-20 10:27:55.194960,Target,0,0.26
3848,563,7,2026-05-26 04:20:47.194963,Target,0,0.14
3849,757,16,2026-05-20 11:24:27.194967,Amazon,0,0.32
3850,915,214,2026-05-24 02:43:36.194972,Amazon,0,4.28
3851,426,178,2026-05-23 20:02:49.194975,Amazon,0,3.56
3852,547,125,2026-05-25 14:49:06.194979,BestBuy,0,2.5
3853,302,10,2026-05-25 20:53:28.194983,Amazon,0,0.2
3854,922,22,2026-05-25 09:09:19.194987,Walmart,0,0.44
3855,581,360,2026-05-23 20:29:28.194991,Amazon,0,7.2
3856,349,71,2026-05-24 06:49:14.194995,Amazon,0,1.42
3857,832,95,2026-05-25 09:48:18.194999,BestBuy,0,1.9
3858,933,159,2026-05-24 08:40:40.195003,Amazon,0,3.18
3859,980,91,2026-05-21 00:12:46.195007,Walmart,0,1.82
3860,49,17,2026-05-23 10:02:51.195011,Walmart,0,0.34
3861,917,63,2026-05-25 15:14:09.195015,Walmart,0,1.26
3862,74,103,2026-05-25 03:46:58.195019,Amazon,0,2.06
3863,704,166,2026-05-24 20:32:48.195023,BestBuy,0,3.32
3864,261,26,2026-05-25 12:18:07.195027,BestBuy,0,0.52
3865,356,28,2026-05-25 20:59:55.195031,BestBuy,0,0.56
3866,582,298,2026-05-23 14:44:16.195034,Walmart,0,5.96
3867,602,36,2026-05-21 17:11:01.196316,BestBuy,0,0.72
3868,260,37,2026-05-20 05:11:10.196347,Amazon,0,0.74
3869,638,150,2026-05-25 23:01:19.196357,Amazon,0,3.0
3870,743,11,2026-05-20 21:30:21.196364,Target,0,0.22
3871,295,122,2026-05-20 16:02:38.196371,Walmart,0,2.44
3872,931,99,2026-05-21 15:01:51.196378,Target,0,1.98
3873,641,14,2026-05-23 05:55:50.196385,Target,0,0.28
3874,792,25,2026-05-19 19:26:33.196391,Walmart,0,0.5
3875,313,195,2026-05-26 10:44:33.196398,Walmart,0,3.9
3876,612,38,2026-05-20 08:13:41.196405,Target,0,0.76
3877,838,30,2026-05-25 10:40:26.196412,Amazon,0,0.6
3878,809,120,2026-05-23 22:56:54.196418,Target,0,2.4
3879,182,36,2026-05-24 14:17:59.196425,Walmart,0,0.72
3880,686,72,2026-05-25 21:07:10.196431,Amazon,0,1.44
3881,828,73,2026-05-22 08:39:35.196438,Target,0,1.46
3882,364,89,2026-05-21 20:17:21.196445,Target,0,1.78
3883,188,160,2026-05-25 06:05:48.196451,Target,0,3.2
3884,569,66,2026-05-26 05:05:04.196458,Walmart,0,1.32
3885,543,15,2026-05-21 14:36:15.196465,Target,0,0.3
3886,596,92,2026-05-23 09:18:52.196472,Walmart,0,1.84
3887,664,238,2026-05-24 08:42:48.196479,Amazon,0,4.76
3888,985,56,2026-05-24 12:31:39.196486,BestBuy,0,1.12
3889,548,105,2026-05-23 00:04:16.196492,Amazon,0,2.1
3890,725,47,2026-05-20 11:41:35.196499,Target,0,0.94
3891,926,56,2026-05-25 05:09:55.196505,Walmart,0,1.12
3892,408,19,2026-05-26 11:04:10.196512,Target,0,0.38
3893,876,106,2026-05-25 01:05:15.196519,Amazon,0,2.12
3894,618,48,2026-05-25 10:58:24.196526,BestBuy,0,0.96
3895,414,92,2026-05-25 22:02:42.197058,BestBuy,0,1.84
3896,342,58,2026-05-26 04:04:22.197096,Walmart,0,1.16
3897,220,67,2026-05-24 14:06:37.197102,Amazon,0,1.34
3898,903,105,2026-05-23 22:32:21.197106,Amazon,0,2.1
3899,163,105,2026-05-25 03:01:37.197110,Walmart,0,2.1
3900,951,170,2026-05-19 23:03:48.197113,Walmart,0,3.4
3901,220,187,2026-05-25 14:48:40.197117,Walmart,0,3.74
3902,270,65,2026-05-23 23:43:45.197121,Target,0,1.3
3903,632,137,2026-05-21 13:25:56.197125,Target,0,2.74
3904,906,38,2026-05-24 06:16:23.197128,Walmart,0,0.76
3905,848,62,2026-05-23 11:07:46.197132,Walmart,0,1.24
3906,400,87,2026-05-24 06:07:08.197136,BestBuy,0,1.74
3907,182,29,2026-05-22 12:13:18.197139,BestBuy,0,0.58
3908,991,80,2026-05-23 08:52:59.197143,Target,0,1.6
3909,618,92,2026-05-21 11:14:49.197147,BestBuy,0,1.84
3910,729,48,2026-05-23 20:05:01.197150,Walmart,0,0.96
3911,205,138,2026-05-26 04:38:05.197154,Amazon,0,2.76
3912,582,64,2026-05-19 18:52:24.197158,Walmart,0,1.28
3913,556,192,2026-05-21 10:54:22.197161,BestBuy,0,3.84
3914,841,228,2026-05-20 18:55:35.197165,Target,0,4.56
3915,813,54,2026-05-24 03:29:29.197168,Walmart,0,1.08
3916,228,59,2026-05-24 16:48:08.197172,Walmart,0,1.18
3917,696,46,2026-05-25 06:00:17.197205,BestBuy,0,0.92
3918,619,25,2026-05-26 05:41:57.197215,Amazon,0,0.5
3919,596,237,2026-05-26 01:55:54.197220,Walmart,0,4.74
3920,850,42,2026-05-19 22:08:24.197256,Target,0,0.84
3921,250,87,2026-05-20 09:13:33.197265,Target,0,1.74
3922,875,162,2026-05-25 09:28:44.197268,Amazon,0,3.24
3923,441,164,2026-05-25 22:53:29.197270,BestBuy,0,3.28
3924,533,108,2026-05-25 02:50:06.197272,Amazon,0,2.16
3925,196,153,2026-05-26 04:41:38.197274,Target,0,3.06
3926,690,107,2026-05-20 17:37:13.197276,Walmart,0,2.14
3927,929,179,2026-05-24 02:38:08.197278,Target,0,3.58
3928,987,169,2026-05-25 18:55:58.197281,Amazon,0,3.38
3929,519,15,2026-05-21 01:57:04.197283,Target,0,0.3
3930,70,151,2026-05-25 03:59:54.197285,BestBuy,0,3.02
3931,639,30,2026-05-20 11:50:11.197287,Amazon,0,0.6
3932,399,101,2026-05-24 14:24:25.197289,Target,0,2.02
3933,978,20,2026-05-25 04:53:15.197291,Walmart,0,0.4
3934,672,72,2026-05-23 13:15:58.197294,Walmart,0,1.44
3935,760,62,2026-05-23 16:59:41.197296,Amazon,0,1.24
3936,203,69,2026-05-23 22:35:43.197298,Walmart,0,1.38
3937,148,86,2026-05-22 05:13:59.197300,Amazon,0,1.72
3938,472,24,2026-05-20 07:58:46.197302,Walmart,0,0.48
3939,655,184,2026-05-24 23:09:16.197304,Target,0,3.68
3940,944,4,2026-05-24 07:37:26.197307,Walmart,0,0.08
3941,199,157,2026-05-21 16:21:31.197309,Target,0,3.14
3942,917,48,2026-05-25 20:46:25.197311,Amazon,0,0.96
3943,426,89,2026-05-24 18:15:10.197313,Walmart,0,1.78
3944,666,158,2026-05-24 04:21:41.197315,BestBuy,0,3.16
3945,492,106,2026-05-20 15:09:58.197317,BestBuy,0,2.12
3946,888,63,2026-05-24 12:02:10.197319,BestBuy,0,1.26
3947,896,78,2026-05-22 16:55:37.197321,Walmart,0,1.56
3948,142,63,2026-05-24 19:10:27.197324,Target,0,1.26
3949,313,173,2026-05-25 18:18:00.197326,Amazon,0,3.46
3950,165,177,2026-05-20 19:57:39.197328,Walmart,0,3.54
3951,314,39,2026-05-22 05:17:57.197330,Amazon,0,0.78
3952,21,148,2026-05-22 02:47:25.197332,Amazon,0,2.96
3953,82,235,2026-05-23 06:25:01.197334,Walmart,0,4.7
3954,581,117,2026-05-22 01:58:30.197337,Target,0,2.34
3955,131,48,2026-05-23 09:14:30.197339,BestBuy,0,0.96
3956,599,23,2026-05-20 08:38:57.197341,Amazon,0,0.46
3957,730,95,2026-05-24 22:09:54.197343,Amazon,0,1.9
3958,933,18,2026-05-21 05:09:57.197345,Walmart,0,0.36
3959,984,77,2026-05-23 11:50:39.197348,Amazon,0,1.54
3960,305,52,2026-05-21 09:13:05.197350,Walmart,0,1.04
3961,915,78,2026-05-22 17:42:22.197352,Amazon,0,1.56
3962,371,150,2026-05-19 21:16:40.197354,Target,0,3.0
3963,857,104,2026-05-21 23:51:26.197356,Target,0,2.08
3964,853,169,2026-05-22 13:52:52.197358,BestBuy,0,3.38
3965,384,392,2026-05-25 22:53:28.197360,BestBuy,1,78.4
3966,908,113,2026-05-23 14:20:27.197362,Target,0,2.26
3967,445,95,2026-05-26 09:13:27.197364,BestBuy,0,1.9
3968,425,185,2026-05-25 00:40:29.197367,BestBuy,0,3.7
3969,161,56,2026-05-19 16:20:04.197369,BestBuy,0,1.12
3970,178,88,2026-05-19 14:48:30.197371,Target,0,1.76
3971,629,87,2026-05-26 05:14:29.197373,BestBuy,0,1.74
3972,708,155,2026-05-26 13:04:24.197375,Walmart,0,3.1
3973,895,14,2026-05-21 08:15:01.197378,BestBuy,0,0.28
3974,490,60,2026-05-22 08:12:41.197380,Walmart,0,1.2
3975,327,238,2026-05-22 16:40:23.197382,BestBuy,1,47.6
3976,598,70,2026-05-21 09:58:03.197385,Walmart,0,1.4
3977,289,218,2026-05-25 06:06:05.197387,BestBuy,1,43.6
3978,593,165,2026-05-20 23:04:34.197389,Walmart,0,3.3
3979,664,185,2026-05-22 12:05:17.197391,BestBuy,0,3.7
3980,573,181,2026-05-24 00:48:20.197393,Walmart,0,3.62
3981,573,67,2026-05-22 06:40:21.197395,Target,0,1.34
3982,354,122,2026-05-26 07:54:51.197397,Amazon,0,2.44
3983,28,17,2026-05-24 08:29:44.197400,Amazon,0,0.34
3984,954,122,2026-05-22 11:16:48.197402,Target,0,2.44
3985,43,354,2026-05-20 13:13:46.197404,Target,0,7.08
3986,681,152,2026-05-23 04:32:02.197406,Walmart,0,3.04
3987,423,41,2026-05-21 00:19:41.197408,Walmart,0,0.82
3988,598,53,2026-05-25 13:19:19.197410,BestBuy,0,1.06
3989,177,167,2026-05-24 22:08:23.197412,BestBuy,0,3.34
3990,529,54,2026-05-22 03:58:22.197414,Amazon,0,1.08
3991,610,21,2026-05-20 23:20:35.197417,Amazon,0,0.42
3992,966,100,2026-05-23 19:13:26.197419,Walmart,0,2.0
3993,494,166,2026-05-26 01:54:41.197421,Walmart,0,3.32
3994,198,37,2026-05-20 23:35:02.197423,Target,0,0.74
3995,610,70,2026-05-24 19:27:55.197425,Walmart,0,1.4
3996,577,85,2026-05-25 21:07:29.197427,BestBuy,0,1.7
3997,842,100,2026-05-25 12:55:04.197429,Target,0,2.0
3998,853,36,2026-05-21 11:58:46.197431,Walmart,0,0.72
3999,517,22,2026-05-19 19:35:39.197434,BestBuy,0,0.44
4000,514,166,2026-05-23 23:27:44.197436,BestBuy,0,3.32
4001,22,47,2026-05-24 04:59:18.197438,Amazon,0,0.94
4002,112,40,2026-05-22 20:43:22.197440,Target,0,0.8
4003,57,99,2026-05-20 16:15:46.197442,Amazon,0,1.98
4004,66,52,2026-05-19 14:43:48.197444,Target,0,1.04
4005,842,100,2026-05-23 17:18:32.197446,Target,0,2.0
4006,98,38,2026-05-24 03:08:32.197448,Amazon,0,0.76
4007,144,40,2026-05-24 16:20:08.197451,Amazon,0,0.8
4008,880,89,2026-05-20 14:52:02.197453,Walmart,0,1.78
4009,435,31,2026-05-21 08:05:18.197455,Target,0,0.62
4010,637,94,2026-05-23 11:17:11.197457,Walmart,0,1.88
4011,679,29,2026-05-19 15:32:17.197459,Target,0,0.58
4012,86,117,2026-05-23 06:00:30.197461,BestBuy,0,2.34
4013,588,22,2026-05-20 17:58:15.197463,Walmart,0,0.44
4014,344,78,2026-05-19 19:30:12.197466,Amazon,0,1.56
4015,936,8,2026-05-25 01:30:30.197468,BestBuy,0,0.16
4016,294,50,2026-05-20 00:00:36.197470,Amazon,0,1.0
4017,956,68,2026-05-22 23:48:45.197472,BestBuy,0,1.36
4018,571,26,2026-05-25 08:07:17.197474,BestBuy,0,0.52
4019,650,97,2026-05-20 09:47:30.197476,Walmart,0,1.94
4020,611,94,2026-05-24 08:08:14.197478,Amazon,0,1.88
4021,704,64,2026-05-21 02:40:32.197480,Walmart,0,1.28
4022,243,84,2026-05-23 17:43:02.197482,BestBuy,0,1.68
4023,831,28,2026-05-26 08:59:47.197485,Target,0,0.56
4024,561,89,2026-05-20 22:16:14.197487,Target,0,1.78
4025,960,179,2026-05-26 02:40:29.197489,BestBuy,0,3.58
4026,32,91,2026-05-20 19:08:22.197491,Amazon,0,1.82
4027,391,109,2026-05-21 12:47:02.197493,Amazon,0,2.18
4028,277,167,2026-05-20 05:59:53.197495,Amazon,0,3.34
4029,532,139,2026-05-20 16:29:48.197497,Target,0,2.78
4030,154,180,2026-05-21 05:32:31.197499,Walmart,0,3.6
4031,383,283,2026-05-26 08:44:24.197501,Amazon,0,5.66
4032,68,93,2026-05-24 17:29:17.197504,Walmart,0,1.86
4033,878,68,2026-05-24 12:32:09.197506,Amazon,0,1.36
4034,884,31,2026-05-19 23:19:27.197508,Amazon,0,0.62
4035,214,55,2026-05-26 03:51:52.197510,Amazon,0,1.1
4036,655,75,2026-05-26 02:51:34.197512,Walmart,0,1.5
4037,376,100,2026-05-23 20:02:53.197514,Walmart,0,2.0
4038,744,117,2026-05-19 14:19:36.197517,Walmart,0,2.34
4039,213,54,2026-05-22 17:57:14.197519,BestBuy,0,1.08
4040,79,30,2026-05-23 03:51:38.197521,Target,0,0.6
4041,726,18,2026-05-24 13:18:37.197523,BestBuy,0,0.36
4042,628,165,2026-05-19 14:00:52.197525,Target,0,3.3
4043,604,199,2026-05-23 03:08:37.197527,BestBuy,0,3.98
4044,782,138,2026-05-24 20:31:34.197529,Target,0,2.76
4045,923,163,2026-05-23 21:19:48.197531,Walmart,0,3.26
4046,381,29,2026-05-23 07:50:32.197534,Target,0,0.58
4047,680,156,2026-05-20 18:05:06.197536,Amazon,0,3.12
4048,58,56,2026-05-24 13:14:25.197538,Walmart,0,1.12
4049,796,165,2026-05-21 14:04:40.197540,BestBuy,0,3.3
4050,26,63,2026-05-24 05:03:03.197542,Amazon,0,1.26
4051,881,35,2026-05-20 01:01:23.197544,Amazon,0,0.7
4052,447,19,2026-05-22 13:01:23.197546,Walmart,0,0.38
4053,66,394,2026-05-24 11:33:07.197548,Amazon,0,7.88
4054,921,118,2026-05-21 00:51:00.197550,Walmart,0,2.36
4055,760,56,2026-05-23 11:19:42.197553,Target,0,1.12
4056,254,250,2026-05-20 23:06:08.197555,Walmart,0,5.0
4057,899,131,2026-05-26 09:51:07.197557,Walmart,0,2.62
4058,968,192,2026-05-22 16:03:00.197559,BestBuy,0,3.84
4059,44,22,2026-05-22 04:24:05.197561,Amazon,0,0.44
4060,97,186,2026-05-24 22:50:09.197563,BestBuy,0,3.72
4061,554,70,2026-05-20 09:04:58.197565,BestBuy,0,1.4
4062,227,13,2026-05-21 10:14:56.197585,BestBuy,0,0.26
4063,774,289,2026-05-22 03:04:17.197588,BestBuy,1,57.8
4064,679,102,2026-05-22 23:41:50.197590,BestBuy,0,2.04
4065,436,150,2026-05-25 18:34:15.197592,Amazon,0,3.0
4066,791,92,2026-05-22 17:53:32.197595,Amazon,0,1.84
4067,601,86,2026-05-21 08:38:52.197597,Amazon,0,1.72
4068,379,104,2026-05-23 23:51:10.197599,BestBuy,0,2.08
4069,178,68,2026-05-21 08:06:07.197601,Amazon,0,1.36
4070,427,36,2026-05-26 08:13:27.197603,BestBuy,0,0.72
4071,915,124,2026-05-25 12:18:03.197605,Amazon,0,2.48
4072,709,213,2026-05-19 18:20:20.197607,Amazon,0,4.26
4073,307,201,2026-05-20 21:43:21.197609,Amazon,0,4.02
4074,779,29,2026-05-21 04:32:09.197611,Amazon,0,0.58
4075,504,205,2026-05-20 09:58:07.197614,Walmart,0,4.1
4076,268,51,2026-05-22 09:25:10.197616,Amazon,0,1.02
4077,586,41,2026-05-26 05:30:59.197618,Amazon,0,0.82
4078,8,10,2026-05-22 18:21:56.197620,Walmart,0,0.2
4079,920,79,2026-05-22 15:29:31.197622,Target,0,1.58
4080,508,79,2026-05-23 03:27:23.197624,Target,0,1.58
4081,476,104,2026-05-25 20:52:51.197626,Walmart,0,2.08
4082,297,40,2026-05-22 17:23:20.197628,Target,0,0.8
4083,164,77,2026-05-26 09:28:11.197630,Amazon,0,1.54
4084,485,52,2026-05-24 23:00:21.197633,BestBuy,0,1.04
4085,597,103,2026-05-26 01:21:08.197637,BestBuy,0,2.06
4086,72,177,2026-05-24 08:50:13.197639,Amazon,0,3.54
4087,567,181,2026-05-22 13:53:15.197641,Amazon,0,3.62
4088,905,197,2026-05-23 22:24:25.197643,Target,0,3.94
4089,559,25,2026-05-22 22:30:16.197645,Walmart,0,0.5
4090,911,63,2026-05-24 19:22:08.197648,BestBuy,0,1.26
4091,944,49,2026-05-21 17:33:53.197650,Amazon,0,0.98
4092,238,14,2026-05-24 23:48:15.197652,Walmart,0,0.28
4093,104,88,2026-05-19 19:25:35.197654,Walmart,0,1.76
4094,210,118,2026-05-21 06:58:06.197656,Amazon,0,2.36
4095,554,192,2026-05-24 00:21:04.197658,Walmart,0,3.84
4096,828,79,2026-05-26 12:21:13.197660,BestBuy,0,1.58
4097,468,146,2026-05-25 20:49:24.197663,BestBuy,0,2.92
4098,454,14,2026-05-21 07:23:39.197665,Walmart,0,0.28
4099,268,10,2026-05-23 02:27:54.197667,Amazon,0,0.2
4100,386,49,2026-05-21 23:20:15.197669,Walmart,0,0.98
4101,775,91,2026-05-22 09:48:37.197671,Target,0,1.82
4102,848,60,2026-05-26 08:08:15.197673,Amazon,0,1.2
4103,387,147,2026-05-20 20:19:55.197675,Amazon,0,2.94
4104,877,266,2026-05-20 13:27:43.197679,Amazon,0,5.32
4105,259,125,2026-05-20 09:51:11.197681,BestBuy,0,2.5
4106,283,60,2026-05-24 11:08:14.197683,Amazon,0,1.2
4107,626,43,2026-05-26 00:50:57.197685,Amazon,0,0.86
4108,875,21,2026-05-22 23:02:31.197687,BestBuy,0,0.42
4109,40,79,2026-05-20 09:01:40.197689,BestBuy,0,1.58
4110,486,265,2026-05-26 01:34:21.197691,BestBuy,1,53.0
4111,929,97,2026-05-25 00:50:13.197693,Amazon,0,1.94
4112,220,77,2026-05-22 16:28:32.197695,Amazon,0,1.54
4113,129,103,2026-05-25 16:23:24.197697,BestBuy,0,2.06
4114,520,121,2026-05-22 14:44:37.197699,BestBuy,0,2.42
4115,613,4,2026-05-22 20:04:26.197701,Target,0,0.08
4116,928,378,2026-05-26 00:54:26.197703,BestBuy,1,75.6
4117,892,3,2026-05-21 21:02:34.197705,Walmart,0,0.06
4118,688,67,2026-05-21 23:30:01.197707,Target,0,1.34
4119,619,104,2026-05-21 22:37:39.197709,BestBuy,0,2.08
4120,613,68,2026-05-23 08:41:37.197711,BestBuy,0,1.36
4121,260,88,2026-05-24 22:07:55.197713,BestBuy,0,1.76
4122,990,48,2026-05-23 06:53:19.197715,BestBuy,0,0.96
4123,966,54,2026-05-21 14:45:25.197717,Walmart,0,1.08
4124,366,76,2026-05-22 10:20:09.197719,BestBuy,0,1.52
4125,758,139,2026-05-20 23:30:05.197721,Amazon,0,2.78
4126,787,89,2026-05-19 17:05:25.197728,Target,0,1.78
4127,544,173,2026-05-25 21:52:38.197730,BestBuy,0,3.46
4128,649,133,2026-05-26 00:34:25.197732,Amazon,0,2.66
4129,524,175,2026-05-23 02:49:14.197734,Walmart,0,3.5
4130,907,63,2026-05-24 01:49:16.197736,Target,0,1.26
4131,814,36,2026-05-25 12:50:34.197738,BestBuy,0,0.72
4132,887,34,2026-05-22 14:40:27.197740,Target,0,0.68
4133,16,102,2026-05-26 08:20:08.197742,BestBuy,0,2.04
4134,129,26,2026-05-22 03:08:30.197744,Walmart,0,0.52
4135,575,204,2026-05-24 19:44:45.197746,Walmart,0,4.08
4136,109,28,2026-05-20 12:13:52.197748,Target,0,0.56
4137,887,193,2026-05-20 15:47:23.197750,Target,0,3.86
4138,533,59,2026-05-21 17:12:24.197752,Target,0,1.18
4139,670,95,2026-05-25 18:34:18.197754,Walmart,0,1.9
4140,269,44,2026-05-22 16:30:25.197756,Amazon,0,0.88
4141,162,76,2026-05-22 02:44:43.197758,Target,0,1.52
4142,260,99,2026-05-23 17:19:31.197761,BestBuy,0,1.98
4143,924,80,2026-05-20 05:33:30.197762,Walmart,0,1.6
4144,102,19,2026-05-26 04:01:29.197764,Target,0,0.38
4145,506,139,2026-05-20 07:04:01.197767,Walmart,0,2.78
4146,735,89,2026-05-23 00:27:12.197769,Target,0,1.78
4147,571,34,2026-05-24 23:36:40.197771,Walmart,0,0.68
4148,247,88,2026-05-24 17:48:05.197773,Walmart,0,1.76
4149,640,119,2026-05-22 18:49:42.197775,Target,0,2.38
4150,795,90,2026-05-20 18:11:30.197777,BestBuy,0,1.8
4151,837,212,2026-05-21 01:12:00.197779,Walmart,0,4.24
4152,537,11,2026-05-26 03:52:56.197781,BestBuy,0,0.22
4153,131,41,2026-05-25 13:10:03.197783,BestBuy,0,0.82
4154,353,128,2026-05-24 21:13:06.197785,Walmart,0,2.56
4155,196,58,2026-05-20 02:30:56.197787,Walmart,0,1.16
4156,793,16,2026-05-20 02:42:31.197789,Walmart,0,0.32
4157,916,244,2026-05-21 04:47:39.197791,BestBuy,1,48.8
4158,930,39,2026-05-25 05:19:39.197793,Walmart,0,0.78
4159,666,55,2026-05-26 10:47:55.197795,Walmart,0,1.1
4160,382,82,2026-05-19 20:33:30.197797,Walmart,0,1.64
4161,645,236,2026-05-22 13:08:53.197799,Walmart,0,4.72
4162,227,88,2026-05-26 02:46:54.197801,Target,0,1.76
4163,701,54,2026-05-22 21:12:01.197803,Walmart,0,1.08
4164,476,459,2026-05-24 18:46:33.197805,BestBuy,1,91.8
4165,477,114,2026-05-24 16:00:51.197807,BestBuy,0,2.28
4166,265,97,2026-05-24 03:53:12.197809,Amazon,0,1.94
4167,372,18,2026-05-26 02:32:47.197811,Target,0,0.36
4168,486,118,2026-05-20 04:52:08.197813,Target,0,2.36
4169,434,166,2026-05-24 00:09:58.197815,Amazon,0,3.32
4170,646,21,2026-05-25 16:24:16.197817,BestBuy,0,0.42
4171,211,226,2026-05-23 14:50:39.197819,BestBuy,1,45.2
4172,572,394,2026-05-19 22:45:07.197821,Walmart,0,7.88
4173,940,245,2026-05-20 15:55:19.197823,Amazon,0,4.9
4174,377,45,2026-05-23 08:48:45.197825,BestBuy,0,0.9
4175,395,232,2026-05-24 07:16:27.197827,Amazon,0,4.64
4176,450,144,2026-05-26 12:09:27.197829,Amazon,0,2.88
4177,943,70,2026-05-21 02:39:32.197831,Target,0,1.4
4178,364,199,2026-05-23 16:52:23.197833,BestBuy,0,3.98
4179,876,123,2026-05-24 17:23:41.197835,BestBuy,0,2.46
4180,457,90,2026-05-21 07:21:50.197837,Walmart,0,1.8
4181,725,59,2026-05-20 00:15:56.197839,BestBuy,0,1.18
4182,728,47,2026-05-25 20:09:05.197841,Target,0,0.94
4183,226,103,2026-05-24 11:51:41.197843,BestBuy,0,2.06
4184,982,66,2026-05-20 01:59:01.197845,Walmart,0,1.32
4185,131,123,2026-05-25 09:04:22.197847,BestBuy,0,2.46
4186,588,200,2026-05-20 06:43:03.197849,Amazon,0,4.0
4187,476,82,2026-05-22 13:54:41.197851,Target,0,1.64
4188,798,54,2026-05-24 03:08:01.197853,Walmart,0,1.08
4189,986,125,2026-05-20 10:09:50.197855,Walmart,0,2.5
4190,277,63,2026-05-21 14:39:11.197857,Amazon,0,1.26
4191,156,131,2026-05-24 20:44:26.197859,Target,0,2.62
4192,760,27,2026-05-24 20:40:49.197861,BestBuy,0,0.54
4193,218,154,2026-05-23 01:44:34.197863,Target,0,3.08
4194,190,143,2026-05-22 13:04:17.197865,Target,0,2.86
4195,417,84,2026-05-25 18:04:06.197867,Target,0,1.68
4196,981,106,2026-05-21 23:43:02.197869,Target,0,2.12
4197,675,143,2026-05-23 15:09:55.197871,Target,0,2.86
4198,692,236,2026-05-25 21:01:34.197873,Target,0,4.72
4199,546,36,2026-05-25 03:30:20.197875,Amazon,0,0.72
4200,41,115,2026-05-25 10:08:51.197877,Walmart,0,2.3
4201,307,22,2026-05-22 20:58:17.197879,Amazon,0,0.44
4202,943,35,2026-05-19 13:54:07.197881,BestBuy,0,0.7
4203,338,205,2026-05-21 16:02:16.197883,Walmart,0,4.1
4204,314,28,2026-05-19 21:17:08.197885,Walmart,0,0.56
4205,75,127,2026-05-22 07:45:56.197887,BestBuy,0,2.54
4206,953,55,2026-05-21 16:13:40.197889,Walmart,0,1.1
4207,279,24,2026-05-20 11:16:03.197891,BestBuy,0,0.48
4208,176,34,2026-05-26 06:06:15.197893,Target,0,0.68
4209,896,42,2026-05-26 01:23:54.197896,Target,0,0.84
4210,662,175,2026-05-22 16:39:43.197898,Walmart,0,3.5
4211,273,43,2026-05-26 03:31:28.197900,Walmart,0,0.86
4212,837,55,2026-05-24 06:18:47.197902,Target,0,1.1
4213,620,64,2026-05-24 20:04:47.197904,Target,0,1.28
4214,651,63,2026-05-20 01:22:05.197906,BestBuy,0,1.26
4215,862,190,2026-05-21 09:05:07.197908,Walmart,0,3.8
4216,783,14,2026-05-26 02:44:53.197910,Walmart,0,0.28
4217,859,171,2026-05-21 04:13:26.197912,Amazon,0,3.42
4218,931,82,2026-05-22 06:13:09.197914,Target,0,1.64
4219,289,137,2026-05-19 16:17:32.197916,Target,0,2.74
4220,724,38,2026-05-24 23:54:04.197918,Walmart,0,0.76
4221,893,47,2026-05-20 12:54:51.197920,Amazon,0,0.94
4222,272,81,2026-05-21 03:52:49.197922,BestBuy,0,1.62
4223,930,41,2026-05-24 20:00:08.197924,BestBuy,0,0.82
4224,66,33,2026-05-23 09:46:08.197926,Target,0,0.66
4225,483,16,2026-05-19 18:05:14.197928,Amazon,0,0.32
4226,936,47,2026-05-22 19:10:53.197930,Amazon,0,0.94
4227,248,73,2026-05-25 19:37:23.197932,BestBuy,0,1.46
4228,156,71,2026-05-19 13:59:47.197934,Target,0,1.42
4229,47,87,2026-05-20 00:03:24.197936,Walmart,0,1.74
4230,935,111,2026-05-21 17:44:32.197938,Amazon,0,2.22
4231,454,114,2026-05-23 22:38:59.197940,Walmart,0,2.28
4232,201,70,2026-05-23 11:56:02.197942,Target,0,1.4
4233,660,144,2026-05-21 16:48:40.197944,BestBuy,0,2.88
4234,124,28,2026-05-24 20:52:07.197946,Amazon,0,0.56
4235,1,154,2026-05-26 07:35:48.197948,Walmart,0,3.08
4236,968,251,2026-05-26 12:13:03.197950,Amazon,0,5.02
4237,759,115,2026-05-20 00:08:24.197952,Amazon,0,2.3
4238,855,17,2026-05-22 14:49:35.197954,Amazon,0,0.34
4239,640,43,2026-05-24 23:26:44.197956,Target,0,0.86
4240,191,41,2026-05-20 16:03:47.197958,Walmart,0,0.82
4241,579,70,2026-05-26 06:57:09.197960,Amazon,0,1.4
4242,516,144,2026-05-21 13:14:29.197962,Walmart,0,2.88
4243,442,32,2026-05-23 13:11:46.197964,Target,0,0.64
4244,921,207,2026-05-21 12:03:40.197966,Amazon,0,4.14
4245,815,127,2026-05-21 21:46:58.197968,Amazon,0,2.54
4246,806,107,2026-05-21 18:25:10.197970,Amazon,0,2.14
4247,143,28,2026-05-21 17:00:08.197972,Walmart,0,0.56
4248,191,268,2026-05-21 23:19:22.197974,Walmart,0,5.36
4249,533,270,2026-05-24 14:26:37.197976,Amazon,0,5.4
4250,227,45,2026-05-24 14:26:03.197978,Walmart,0,0.9
4251,313,39,2026-05-23 22:59:05.197980,Walmart,0,0.78
4252,629,60,2026-05-22 03:03:57.197982,Amazon,0,1.2
4253,949,98,2026-05-25 17:34:23.197984,Amazon,0,1.96
4254,302,16,2026-05-24 21:34:53.197986,BestBuy,0,0.32
4255,654,30,2026-05-23 18:16:19.197988,BestBuy,0,0.6
4256,996,107,2026-05-26 05:19:55.197990,Amazon,0,2.14
4257,460,158,2026-05-25 11:17:36.197992,Target,0,3.16
4258,401,116,2026-05-22 23:37:59.197994,Amazon,0,2.32
4259,551,148,2026-05-25 06:33:30.197996,Amazon,0,2.96
4260,393,157,2026-05-21 08:18:22.197998,Amazon,0,3.14
4261,867,164,2026-05-21 16:32:58.198000,Amazon,0,3.28
4262,764,110,2026-05-20 00:26:41.198002,Amazon,0,2.2
4263,845,53,2026-05-20 04:20:07.198004,Amazon,0,1.06
4264,207,9,2026-05-20 20:21:28.198006,Amazon,0,0.18
4265,210,188,2026-05-24 15:28:23.198008,Amazon,0,3.76
4266,115,94,2026-05-20 22:59:06.198010,BestBuy,0,1.88
4267,737,93,2026-05-22 21:05:24.198012,BestBuy,0,1.86
4268,646,162,2026-05-19 16:10:37.198014,BestBuy,0,3.24
4269,251,22,2026-05-23 05:50:27.198016,Target,0,0.44
4270,219,98,2026-05-26 09:10:46.198018,Walmart,0,1.96
4271,407,51,2026-05-24 03:50:02.198020,Target,0,1.02
4272,443,88,2026-05-22 11:32:56.198022,Target,0,1.76
4273,603,237,2026-05-22 02:03:54.198024,Amazon,0,4.74
4274,354,60,2026-05-20 00:38:50.198026,BestBuy,0,1.2
4275,888,102,2026-05-24 22:59:04.198028,Amazon,0,2.04
4276,558,90,2026-05-24 08:05:44.198030,Amazon,0,1.8
4277,550,149,2026-05-20 04:39:15.198032,BestBuy,0,2.98
4278,142,122,2026-05-23 15:18:43.198034,Amazon,0,2.44
4279,612,35,2026-05-22 12:10:01.198036,Walmart,0,0.7
4280,501,216,2026-05-21 05:37:17.198038,Walmart,0,4.32
4281,840,90,2026-05-20 15:35:01.198040,Target,0,1.8
4282,702,35,2026-05-25 00:14:51.198042,BestBuy,0,0.7
4283,547,26,2026-05-24 08:49:06.198044,Walmart,0,0.52
4284,659,134,2026-05-21 19:07:56.198046,Target,0,2.68
4285,542,183,2026-05-23 11:23:49.198048,Amazon,0,3.66
4286,846,157,2026-05-21 12:57:23.198050,Target,0,3.14
4287,507,71,2026-05-22 13:25:26.198052,Target,0,1.42
4288,596,75,2026-05-20 17:54:44.198054,Walmart,0,1.5
4289,881,127,2026-05-22 22:24:12.198056,Target,0,2.54
4290,281,35,2026-05-22 15:38:08.198058,BestBuy,0,0.7
4291,424,184,2026-05-25 02:36:40.198060,Amazon,0,3.68
4292,856,138,2026-05-20 21:09:32.198062,BestBuy,0,2.76
4293,270,48,2026-05-20 01:38:54.198064,Amazon,0,0.96
4294,154,87,2026-05-23 18:38:57.198066,BestBuy,0,1.74
4295,614,80,2026-05-22 09:45:07.198068,Amazon,0,1.6
4296,727,55,2026-05-26 06:51:58.198070,BestBuy,0,1.1
4297,662,175,2026-05-25 07:02:36.198072,Amazon,0,3.5
4298,944,11,2026-05-23 15:46:37.198074,Walmart,0,0.22
4299,83,147,2026-05-21 16:14:53.198076,Target,0,2.94
4300,622,171,2026-05-21 19:27:36.198078,Target,0,3.42
4301,947,87,2026-05-20 16:34:46.198080,Target,0,1.74
4302,899,4,2026-05-24 20:12:08.198082,Target,0,0.08
4303,426,27,2026-05-24 21:50:50.198084,Amazon,0,0.54
4304,275,48,2026-05-23 14:14:26.198086,BestBuy,0,0.96
4305,713,95,2026-05-25 05:10:50.198088,BestBuy,0,1.9
4306,284,164,2026-05-21 09:34:03.198090,Walmart,0,3.28
4307,980,32,2026-05-25 11:22:57.198092,Target,0,0.64
4308,173,93,2026-05-26 10:43:35.198094,Target,0,1.86
4309,327,16,2026-05-20 08:54:20.198096,Walmart,0,0.32
4310,718,196,2026-05-21 08:18:13.198098,Target,0,3.92
4311,63,29,2026-05-24 00:07:10.198100,Walmart,0,0.58
4312,73,81,2026-05-22 01:31:23.198102,Target,0,1.62
4313,763,92,2026-05-22 19:16:44.198105,BestBuy,0,1.84
4314,636,92,2026-05-19 17:39:19.198107,Walmart,0,1.84
4315,375,29,2026-05-21 03:59:52.198109,BestBuy,0,0.58
4316,633,63,2026-05-24 12:26:06.198111,Target,0,1.26
4317,508,31,2026-05-21 02:22:22.198113,BestBuy,0,0.62
4318,787,88,2026-05-20 06:41:01.198115,BestBuy,0,1.76
4319,943,43,2026-05-19 21:58:51.198117,Amazon,0,0.86
4320,398,77,2026-05-21 23:29:33.198119,Target,0,1.54
4321,120,105,2026-05-23 15:43:19.198121,Amazon,0,2.1
4322,934,72,2026-05-22 11:06:38.198123,Walmart,0,1.44
4323,437,64,2026-05-25 13:59:38.198125,Amazon,0,1.28
4324,829,45,2026-05-26 00:34:00.198127,Target,0,0.9
4325,676,74,2026-05-24 16:57:41.198129,Amazon,0,1.48
4326,936,35,2026-05-22 21:06:43.198131,Amazon,0,0.7
4327,465,115,2026-05-22 12:48:37.198133,Target,0,2.3
4328,286,92,2026-05-25 16:41:41.198135,BestBuy,0,1.84
4329,265,82,2026-05-22 15:04:44.198137,Walmart,0,1.64
4330,320,210,2026-05-25 13:29:19.198139,Amazon,0,4.2
4331,673,25,2026-05-26 01:06:07.198141,Target,0,0.5
4332,376,116,2026-05-22 17:33:05.198143,Amazon,0,2.32
4333,820,71,2026-05-23 10:34:12.198145,Walmart,0,1.42
4334,89,99,2026-05-20 16:52:39.198147,Walmart,0,1.98
4335,654,53,2026-05-22 08:33:12.198149,Walmart,0,1.06
4336,203,73,2026-05-25 13:17:34.198151,Amazon,0,1.46
4337,821,51,2026-05-19 17:30:12.198153,BestBuy,0,1.02
4338,739,25,2026-05-26 01:34:30.198155,BestBuy,0,0.5
4339,955,219,2026-05-21 04:00:01.198157,BestBuy,1,43.8
4340,334,10,2026-05-25 01:24:50.198159,Target,0,0.2
4341,222,28,2026-05-20 01:09:21.198161,BestBuy,0,0.56
4342,41,180,2026-05-22 11:34:24.198163,BestBuy,0,3.6
4343,708,78,2026-05-21 08:30:38.198165,Walmart,0,1.56
4344,68,31,2026-05-25 00:16:43.198167,Target,0,0.62
4345,988,65,2026-05-20 05:21:57.198169,Walmart,0,1.3
4346,776,210,2026-05-24 20:12:23.198171,Amazon,0,4.2
4347,514,78,2026-05-22 11:31:54.198173,Amazon,0,1.56
4348,873,69,2026-05-24 00:27:59.198175,Walmart,0,1.38
4349,637,59,2026-05-25 13:00:36.198177,Target,0,1.18
4350,622,26,2026-05-20 20:30:52.198179,BestBuy,0,0.52
4351,598,98,2026-05-19 15:46:23.198182,BestBuy,0,1.96
4352,937,38,2026-05-25 22:23:52.198184,Target,0,0.76
4353,632,46,2026-05-25 23:49:45.198186,BestBuy,0,0.92
4354,127,143,2026-05-26 07:42:18.198188,BestBuy,0,2.86
4355,255,159,2026-05-25 23:14:00.198190,Walmart,0,3.18
4356,695,11,2026-05-20 09:14:06.198192,Amazon,0,0.22
4357,16,131,2026-05-24 03:31:54.198194,Target,0,2.62
4358,477,93,2026-05-20 22:08:38.198196,Target,0,1.86
4359,62,160,2026-05-22 02:04:59.198198,BestBuy,0,3.2
4360,881,80,2026-05-25 01:26:55.198200,BestBuy,0,1.6
4361,432,67,2026-05-20 17:11:01.198202,Amazon,0,1.34
4362,670,95,2026-05-25 12:28:25.198204,Target,0,1.9
4363,268,24,2026-05-21 22:27:46.198206,Walmart,0,0.48
4364,35,134,2026-05-23 10:36:31.198208,Amazon,0,2.68
4365,779,61,2026-05-25 14:11:32.198210,Walmart,0,1.22
4366,576,46,2026-05-23 17:34:41.198212,Amazon,0,0.92
4367,494,35,2026-05-23 01:16:57.198214,Walmart,0,0.7
4368,562,114,2026-05-19 19:14:45.198216,Walmart,0,2.28
4369,469,170,2026-05-21 07:49:48.198218,Walmart,0,3.4
4370,767,118,2026-05-25 06:42:13.198220,Target,0,2.36
4371,661,81,2026-05-22 07:15:34.198222,BestBuy,0,1.62
4372,325,85,2026-05-19 21:51:53.198224,Target,0,1.7
4373,304,65,2026-05-24 19:28:08.198226,Walmart,0,1.3
4374,276,168,2026-05-23 15:08:06.198228,BestBuy,0,3.36
4375,869,71,2026-05-20 15:42:12.198230,Walmart,0,1.42
4376,963,157,2026-05-25 16:46:38.198232,Amazon,0,3.14
4377,684,49,2026-05-25 04:19:30.198234,BestBuy,0,0.98
4378,929,244,2026-05-23 17:58:29.198236,Target,0,4.88
4379,201,74,2026-05-24 15:34:41.198238,Walmart,0,1.48
4380,445,115,2026-05-26 09:25:47.198240,BestBuy,0,2.3
4381,905,13,2026-05-25 17:46:22.198242,Target,0,0.26
4382,324,145,2026-05-24 06:16:37.198244,Amazon,0,2.9
4383,35,29,2026-05-26 01:25:16.198246,Walmart,0,0.58
4384,977,212,2026-05-26 08:12:56.198248,Target,0,4.24
4385,482,83,2026-05-24 16:18:50.198250,BestBuy,0,1.66
4386,728,30,2026-05-25 13:09:21.198252,Amazon,0,0.6
4387,480,72,2026-05-23 19:01:07.198254,Walmart,0,1.44
4388,65,114,2026-05-22 01:44:26.198256,Target,0,2.28
4389,8,148,2026-05-26 01:18:43.198258,Amazon,0,2.96
4390,301,133,2026-05-23 09:59:32.198260,Amazon,0,2.66
4391,343,140,2026-05-19 18:32:22.198262,Target,0,2.8
4392,431,45,2026-05-20 15:42:14.198264,Walmart,0,0.9
4393,424,31,2026-05-22 23:23:56.198266,Target,0,0.62
4394,332,56,2026-05-23 17:46:02.198268,Amazon,0,1.12
4395,438,22,2026-05-22 05:25:51.198270,Amazon,0,0.44
4396,588,16,2026-05-22 18:12:28.198272,BestBuy,0,0.32
4397,174,49,2026-05-24 09:01:45.198275,Walmart,0,0.98
4398,559,222,2026-05-21 17:06:14.198277,Target,0,4.44
4399,527,194,2026-05-23 20:25:16.198279,Walmart,0,3.88
4400,873,23,2026-05-21 23:42:08.198281,Walmart,0,0.46
4401,659,57,2026-05-22 11:32:33.198283,Amazon,0,1.14
4402,26,129,2026-05-22 01:39:49.198285,BestBuy,0,2.58
4403,820,77,2026-05-20 20:47:04.198287,Target,0,1.54
4404,605,104,2026-05-26 12:38:12.198289,Target,0,2.08
4405,406,8,2026-05-24 19:21:53.198290,BestBuy,0,0.16
4406,232,131,2026-05-20 18:04:58.198292,BestBuy,0,2.62
4407,533,121,2026-05-22 01:25:29.198296,Amazon,0,2.42
4408,819,9,2026-05-20 22:56:50.198298,Amazon,0,0.18
4409,550,35,2026-05-24 17:00:08.198300,Target,0,0.7
4410,788,33,2026-05-20 10:42:08.198302,BestBuy,0,0.66
4411,505,23,2026-05-22 16:18:30.198304,Walmart,0,0.46
4412,669,14,2026-05-24 11:51:51.198306,Walmart,0,0.28
4413,179,26,2026-05-26 06:54:05.198308,BestBuy,0,0.52
4414,132,52,2026-05-20 23:39:49.198309,Target,0,1.04
4415,823,85,2026-05-22 08:52:46.198311,Walmart,0,1.7
4416,455,61,2026-05-22 13:22:16.198313,Walmart,0,1.22
4417,348,185,2026-05-23 09:42:35.198315,BestBuy,0,3.7
4418,540,21,2026-05-22 12:49:50.198317,Amazon,0,0.42
4419,772,9,2026-05-23 05:44:17.198319,Walmart,0,0.18
4420,406,60,2026-05-20 22:56:14.198321,Amazon,0,1.2
4421,76,10,2026-05-26 09:17:03.198323,Walmart,0,0.2
4422,941,37,2026-05-20 19:26:08.198325,Target,0,0.74
4423,579,87,2026-05-23 21:45:38.198327,Amazon,0,1.74
4424,854,101,2026-05-20 05:11:56.198329,Target,0,2.02
4425,492,39,2026-05-21 06:34:12.198331,Amazon,0,0.78
4426,194,111,2026-05-24 06:46:07.198333,BestBuy,0,2.22
4427,984,19,2026-05-23 02:28:29.198335,BestBuy,0,0.38
4428,162,94,2026-05-24 05:53:12.198337,Walmart,0,1.88
4429,347,13,2026-05-26 12:42:23.198339,Target,0,0.26
4430,951,399,2026-05-25 08:23:52.198341,Amazon,0,7.98
4431,361,156,2026-05-20 03:09:26.198343,Target,0,3.12
4432,769,36,2026-05-23 16:41:38.198345,Target,0,0.72
4433,584,77,2026-05-21 22:25:12.198347,Walmart,0,1.54
4434,87,28,2026-05-20 23:05:42.198349,BestBuy,0,0.56
4435,934,114,2026-05-22 01:47:33.198351,Amazon,0,2.28
4436,262,168,2026-05-21 13:27:09.198352,Walmart,0,3.36
4437,214,176,2026-05-19 15:27:42.198355,Target,0,3.52
4438,665,168,2026-05-20 16:46:11.198357,BestBuy,0,3.36
4439,722,152,2026-05-20 16:19:24.198359,BestBuy,0,3.04
4440,913,95,2026-05-22 08:56:24.198361,Amazon,0,1.9
4441,573,77,2026-05-22 00:24:25.198363,BestBuy,0,1.54
4442,780,62,2026-05-22 02:53:45.198365,Target,0,1.24
4443,262,39,2026-05-19 17:42:15.198367,BestBuy,0,0.78
4444,730,58,2026-05-21 13:36:05.198369,Target,0,1.16
4445,283,53,2026-05-22 22:26:45.198371,Amazon,0,1.06
4446,648,21,2026-05-25 20:03:42.198373,Target,0,0.42
4447,467,62,2026-05-21 15:30:06.198375,BestBuy,0,1.24
4448,380,67,2026-05-22 15:25:36.198377,BestBuy,0,1.34
4449,362,27,2026-05-22 20:07:48.198379,Amazon,0,0.54
4450,449,136,2026-05-20 08:06:38.198381,Amazon,0,2.72
4451,441,92,2026-05-19 23:54:37.198383,BestBuy,0,1.84
4452,93,24,2026-05-22 06:17:34.198385,Amazon,0,0.48
4453,621,88,2026-05-22 00:34:19.198387,Target,0,1.76
4454,753,49,2026-05-23 20:57:44.198389,Walmart,0,0.98
4455,867,61,2026-05-26 06:46:37.198391,Target,0,1.22
4456,424,75,2026-05-20 21:05:41.198393,Target,0,1.5
4457,142,182,2026-05-21 06:56:16.198394,Amazon,0,3.64
4458,291,50,2026-05-22 15:47:28.198396,Walmart,0,1.0
4459,432,98,2026-05-20 08:22:01.198398,BestBuy,0,1.96
4460,749,42,2026-05-26 08:36:32.198400,Amazon,0,0.84
4461,852,132,2026-05-26 02:51:02.198402,Target,0,2.64
4462,824,100,2026-05-20 06:23:16.198404,Walmart,0,2.0
4463,689,65,2026-05-23 23:59:13.198406,Amazon,0,1.3
4464,653,164,2026-05-21 06:03:37.198408,Target,0,3.28
4465,701,276,2026-05-21 23:33:48.198410,Target,0,5.52
4466,998,66,2026-05-21 06:20:35.198412,BestBuy,0,1.32
4467,49,100,2026-05-19 21:33:07.198414,BestBuy,0,2.0
4468,302,77,2026-05-22 20:47:51.198416,Walmart,0,1.54
4469,881,418,2026-05-25 03:36:29.198418,Target,0,8.36
4470,190,66,2026-05-23 04:17:28.198420,Target,0,1.32
4471,136,47,2026-05-20 23:23:19.198422,BestBuy,0,0.94
4472,555,51,2026-05-23 06:12:04.198424,Target,0,1.02
4473,404,166,2026-05-22 13:37:55.198426,BestBuy,0,3.32
4474,892,142,2026-05-25 13:15:12.198428,Target,0,2.84
4475,865,135,2026-05-21 17:26:06.198430,BestBuy,0,2.7
4476,602,144,2026-05-23 22:48:05.198432,BestBuy,0,2.88
4477,807,144,2026-05-24 04:15:34.198434,Walmart,0,2.88
4478,341,97,2026-05-20 14:48:13.198436,Target,0,1.94
4479,757,98,2026-05-21 17:20:51.198438,Target,0,1.96
4480,945,49,2026-05-20 00:36:09.198440,BestBuy,0,0.98
4481,704,63,2026-05-22 03:12:44.198442,Target,0,1.26
4482,318,147,2026-05-26 12:10:23.198444,BestBuy,0,2.94
4483,618,38,2026-05-20 12:37:18.198446,Walmart,0,0.76
4484,363,81,2026-05-24 19:18:48.198448,Walmart,0,1.62
4485,822,53,2026-05-24 23:31:50.198450,BestBuy,0,1.06
4486,382,33,2026-05-21 23:38:27.198452,Amazon,0,0.66
4487,233,266,2026-05-21 20:53:39.198454,Walmart,0,5.32
4488,777,108,2026-05-20 20:04:30.198456,Target,0,2.16
4489,344,44,2026-05-25 13:23:05.198458,BestBuy,0,0.88
4490,549,324,2026-05-20 06:58:32.198460,BestBuy,1,64.8
4491,817,28,2026-05-21 19:32:43.198462,Walmart,0,0.56
4492,553,278,2026-05-21 02:34:26.198464,BestBuy,1,55.6
4493,529,93,2026-05-24 02:16:03.198466,Walmart,0,1.86
4494,856,44,2026-05-21 01:28:52.198468,BestBuy,0,0.88
4495,789,26,2026-05-20 20:59:53.198470,Walmart,0,0.52
4496,819,134,2026-05-23 14:07:47.198472,Target,0,2.68
4497,571,202,2026-05-22 12:34:41.198474,Amazon,0,4.04
4498,935,22,2026-05-19 18:45:24.198475,Amazon,0,0.44
4499,183,12,2026-05-22 10:26:11.198477,Amazon,0,0.24
4500,41,99,2026-05-25 22:36:29.198479,Amazon,0,1.98
4501,551,64,2026-05-25 13:07:12.198481,Walmart,0,1.28
4502,397,93,2026-05-23 06:18:56.198483,BestBuy,0,1.86
4503,704,52,2026-05-26 12:57:41.198485,Amazon,0,1.04
4504,779,69,2026-05-22 00:51:22.198487,BestBuy,0,1.38
4505,494,216,2026-05-25 08:13:09.198489,Walmart,0,4.32
4506,659,93,2026-05-23 23:29:13.198491,Walmart,0,1.86
4507,907,166,2026-05-20 13:12:22.198493,Amazon,0,3.32
4508,333,31,2026-05-21 20:38:46.198495,Target,0,0.62
4509,127,29,2026-05-26 01:50:05.198497,Amazon,0,0.58
4510,558,219,2026-05-23 02:05:46.198499,BestBuy,1,43.8
4511,557,41,2026-05-19 15:54:59.198501,Amazon,0,0.82
4512,1,146,2026-05-21 12:29:08.198503,Walmart,0,2.92
4513,168,217,2026-05-20 00:25:25.198505,Walmart,0,4.34
4514,620,60,2026-05-26 07:48:49.198507,BestBuy,0,1.2
4515,19,147,2026-05-26 04:22:22.198509,BestBuy,0,2.94
4516,332,132,2026-05-20 04:22:56.198511,BestBuy,0,2.64
4517,584,22,2026-05-19 22:12:16.198513,Amazon,0,0.44
4518,456,81,2026-05-25 00:36:29.198515,Amazon,0,1.62
4519,957,74,2026-05-23 22:51:52.198517,Target,0,1.48
4520,109,72,2026-05-20 16:11:25.198519,BestBuy,0,1.44
4521,268,66,2026-05-25 11:33:02.198521,Target,0,1.32
4522,445,93,2026-05-26 06:38:41.198523,Target,0,1.86
4523,240,105,2026-05-19 14:38:22.198525,Walmart,0,2.1
4524,929,90,2026-05-24 10:33:29.198527,Target,0,1.8
4525,301,83,2026-05-19 23:20:26.198529,Walmart,0,1.66
4526,602,48,2026-05-25 04:52:26.198531,BestBuy,0,0.96
4527,103,243,2026-05-26 06:03:26.198533,Walmart,0,4.86
4528,988,0,2026-05-22 07:49:24.198535,BestBuy,0,0.0
4529,250,101,2026-05-22 12:56:23.198537,Amazon,0,2.02
4530,453,48,2026-05-19 19:54:56.198539,Target,0,0.96
4531,520,94,2026-05-26 10:15:16.198541,BestBuy,0,1.88
4532,153,26,2026-05-19 23:24:05.198543,Amazon,0,0.52
4533,859,277,2026-05-21 00:12:15.198545,Amazon,0,5.54
4534,174,274,2026-05-21 05:47:01.198547,BestBuy,1,54.8
4535,343,150,2026-05-23 22:28:32.198549,Walmart,0,3.0
4536,670,86,2026-05-24 08:34:41.198551,BestBuy,0,1.72
4537,431,50,2026-05-21 00:00:44.198553,Target,0,1.0
4538,727,61,2026-05-23 08:49:25.198555,Amazon,0,1.22
4539,689,324,2026-05-23 05:59:48.198557,Walmart,0,6.48
4540,687,150,2026-05-25 11:28:15.198559,BestBuy,0,3.0
4541,852,6,2026-05-23 20:56:41.198561,BestBuy,0,0.12
4542,850,275,2026-05-22 03:16:13.198563,Amazon,0,5.5
4543,658,100,2026-05-23 13:53:08.198565,BestBuy,0,2.0
4544,962,77,2026-05-23 23:31:33.198567,Target,0,1.54
4545,324,190,2026-05-23 11:03:07.198569,Walmart,0,3.8
4546,990,81,2026-05-22 05:49:33.198571,Target,0,1.62
4547,673,346,2026-05-21 06:49:10.198573,Amazon,0,6.92
4548,639,81,2026-05-22 20:57:39.198575,Walmart,0,1.62
4549,420,33,2026-05-23 10:25:45.198577,Amazon,0,0.66
4550,594,139,2026-05-20 09:38:40.198579,Amazon,0,2.78
4551,485,23,2026-05-25 01:38:04.198580,Target,0,0.46
4552,659,30,2026-05-24 14:49:47.198582,Walmart,0,0.6
4553,751,128,2026-05-21 06:17:37.198584,Amazon,0,2.56
4554,412,270,2026-05-25 16:32:40.198586,Target,0,5.4
4555,936,210,2026-05-23 19:26:55.198588,Target,0,4.2
4556,84,57,2026-05-23 12:04:29.198590,Walmart,0,1.14
4557,113,77,2026-05-22 20:21:16.198592,BestBuy,0,1.54
4558,737,51,2026-05-26 03:49:27.198594,BestBuy,0,1.02
4559,332,51,2026-05-20 06:48:05.198596,Amazon,0,1.02
4560,378,54,2026-05-23 16:35:27.198598,BestBuy,0,1.08
4561,755,181,2026-05-25 09:42:53.198600,Walmart,0,3.62
4562,655,231,2026-05-26 12:11:44.198602,BestBuy,1,46.2
4563,41,137,2026-05-21 01:50:55.198604,Walmart,0,2.74
4564,935,28,2026-05-26 06:40:20.198606,Amazon,0,0.56
4565,770,86,2026-05-21 10:37:31.198608,BestBuy,0,1.72
4566,959,73,2026-05-22 16:40:38.198609,Walmart,0,1.46
4567,797,131,2026-05-26 04:18:37.198612,Walmart,0,2.62
4568,105,119,2026-05-21 16:39:53.198614,Walmart,0,2.38
4569,202,135,2026-05-21 09:51:15.198616,Target,0,2.7
4570,450,59,2026-05-21 14:22:24.198617,Amazon,0,1.18
4571,819,28,2026-05-24 12:38:14.198619,Walmart,0,0.56
4572,843,104,2026-05-22 19:48:42.198621,Target,0,2.08
4573,973,29,2026-05-24 06:46:56.198623,Target,0,0.58
4574,266,106,2026-05-26 06:42:24.198631,Walmart,0,2.12
4575,910,217,2026-05-21 13:10:11.198635,Amazon,0,4.34
4576,210,100,2026-05-24 07:52:16.198637,BestBuy,0,2.0
4577,563,135,2026-05-24 22:09:48.198639,Target,0,2.7
4578,118,15,2026-05-25 20:42:47.198641,Walmart,0,0.3
4579,713,66,2026-05-20 12:31:49.198643,Amazon,0,1.32
4580,377,85,2026-05-23 20:08:25.198645,Amazon,0,1.7
4581,551,138,2026-05-20 23:07:20.198647,Walmart,0,2.76
4582,540,79,2026-05-21 11:10:47.198649,Target,0,1.58
4583,771,77,2026-05-24 01:58:37.198651,BestBuy,0,1.54
4584,84,34,2026-05-22 13:07:34.198653,Amazon,0,0.68
4585,454,109,2026-05-20 05:13:17.198655,BestBuy,0,2.18
4586,667,377,2026-05-23 04:26:44.198657,Amazon,0,7.54
4587,629,180,2026-05-24 04:42:13.198659,Amazon,0,3.6
4588,514,168,2026-05-20 20:15:42.198660,Amazon,0,3.36
4589,605,181,2026-05-24 20:58:38.198662,Target,0,3.62
4590,678,91,2026-05-21 09:41:38.198664,Target,0,1.82
4591,387,50,2026-05-24 21:33:37.198666,Walmart,0,1.0
4592,912,89,2026-05-25 06:10:00.198668,BestBuy,0,1.78
4593,350,25,2026-05-25 12:18:21.198670,BestBuy,0,0.5
4594,296,18,2026-05-21 07:31:20.198672,Walmart,0,0.36
4595,258,54,2026-05-20 19:48:56.198674,Target,0,1.08
4596,81,88,2026-05-26 03:46:16.198676,BestBuy,0,1.76
4597,937,31,2026-05-21 13:25:08.198678,Walmart,0,0.62
4598,268,54,2026-05-24 23:19:04.198680,Amazon,0,1.08
4599,419,164,2026-05-20 21:39:08.198682,BestBuy,0,3.28
4600,235,231,2026-05-26 12:32:20.198684,Target,0,4.62
4601,833,20,2026-05-21 06:30:54.198686,BestBuy,0,0.4
4602,311,60,2026-05-19 17:22:47.198688,Amazon,0,1.2
4603,813,228,2026-05-21 14:17:58.198690,Target,0,4.56
4604,975,176,2026-05-24 22:44:53.198692,Target,0,3.52
4605,986,164,2026-05-24 12:16:41.198694,Walmart,0,3.28
4606,357,76,2026-05-24 12:29:50.198695,Target,0,1.52
4607,213,106,2026-05-23 05:32:34.198698,Walmart,0,2.12
4608,574,143,2026-05-23 06:52:17.198699,Target,0,2.86
4609,49,290,2026-05-23 15:06:01.198701,Amazon,0,5.8
4610,127,47,2026-05-21 16:11:31.198703,Amazon,0,0.94
4611,223,88,2026-05-23 06:23:25.198705,Amazon,0,1.76
4612,921,75,2026-05-20 14:28:31.198707,Amazon,0,1.5
4613,279,68,2026-05-24 11:32:52.198709,Amazon,0,1.36
4614,408,135,2026-05-20 11:38:47.198711,BestBuy,0,2.7
4615,505,133,2026-05-23 19:13:45.198713,Amazon,0,2.66
4616,294,89,2026-05-22 21:29:02.198715,Target,0,1.78
4617,796,209,2026-05-21 21:16:36.198717,Walmart,0,4.18
4618,277,143,2026-05-22 08:13:01.198719,BestBuy,0,2.86
4619,438,173,2026-05-23 10:43:47.198721,Target,0,3.46
4620,107,48,2026-05-21 05:25:31.198723,Amazon,0,0.96
4621,658,92,2026-05-19 18:13:47.198725,Amazon,0,1.84
4622,420,168,2026-05-25 20:45:26.198727,Target,0,3.36
4623,611,32,2026-05-25 07:42:10.198729,BestBuy,0,0.64
4624,429,137,2026-05-22 00:37:37.198731,Walmart,0,2.74
4625,375,32,2026-05-25 10:51:42.198733,Walmart,0,0.64
4626,73,147,2026-05-20 22:02:50.198735,Walmart,0,2.94
4627,949,58,2026-05-22 06:33:44.198737,Walmart,0,1.16
4628,998,114,2026-05-22 18:17:40.198739,Amazon,0,2.28
4629,634,53,2026-05-21 16:17:34.198741,BestBuy,0,1.06
4630,30,36,2026-05-22 16:45:00.198743,Amazon,0,0.72
4631,188,197,2026-05-20 17:56:46.198745,BestBuy,0,3.94
4632,364,26,2026-05-24 22:13:25.198747,Walmart,0,0.52
4633,866,40,2026-05-23 17:09:36.198749,Target,0,0.8
4634,800,220,2026-05-20 07:30:37.198751,Target,0,4.4
4635,451,52,2026-05-21 07:30:34.198753,Amazon,0,1.04
4636,195,27,2026-05-25 05:49:20.198755,Target,0,0.54
4637,156,99,2026-05-20 04:26:26.198757,Amazon,0,1.98
4638,172,66,2026-05-23 08:59:36.198759,Amazon,0,1.32
4639,847,46,2026-05-21 02:48:34.198761,BestBuy,0,0.92
4640,41,124,2026-05-20 00:18:10.198763,Walmart,0,2.48
4641,63,15,2026-05-25 09:44:35.198765,Walmart,0,0.3
4642,23,82,2026-05-21 09:17:37.198767,Walmart,0,1.64
4643,360,20,2026-05-25 04:38:56.198769,Walmart,0,0.4
4644,75,192,2026-05-23 12:55:14.198771,BestBuy,0,3.84
4645,560,339,2026-05-25 19:18:58.198773,Walmart,0,6.78
4646,672,40,2026-05-25 01:02:46.198781,Walmart,0,0.8
4647,825,100,2026-05-25 14:26:52.198783,Target,0,2.0
4648,118,13,2026-05-21 07:16:20.198785,Walmart,0,0.26
4649,612,19,2026-05-23 16:53:16.198787,Walmart,0,0.38
4650,380,52,2026-05-25 06:19:48.198789,Amazon,0,1.04
4651,929,62,2026-05-26 06:48:51.198791,Amazon,0,1.24
4652,920,47,2026-05-22 19:37:21.198793,Walmart,0,0.94
4653,679,73,2026-05-22 22:20:21.198795,Amazon,0,1.46
4654,290,131,2026-05-20 06:30:51.198797,Target,0,2.62
4655,440,83,2026-05-23 06:41:33.198800,Target,0,1.66
4656,668,116,2026-05-19 17:57:43.198801,Target,0,2.32
4657,933,26,2026-05-22 01:41:15.198804,BestBuy,0,0.52
4658,7,73,2026-05-25 10:37:44.198805,Target,0,1.46
4659,196,255,2026-05-21 15:23:10.198807,Walmart,0,5.1
4660,421,42,2026-05-21 05:07:42.198809,Target,0,0.84
4661,568,96,2026-05-24 23:46:51.198811,Target,0,1.92
4662,833,101,2026-05-20 11:25:56.198813,Target,0,2.02
4663,193,36,2026-05-24 03:23:16.198815,Target,0,0.72
4664,559,24,2026-05-25 12:48:29.198817,Amazon,0,0.48
4665,148,77,2026-05-25 09:57:52.198819,Target,0,1.54
4666,787,77,2026-05-21 07:21:51.198821,Target,0,1.54
4667,669,61,2026-05-24 23:22:57.198823,Amazon,0,1.22
4668,202,381,2026-05-25 19:36:24.198825,Amazon,0,7.62
4669,444,33,2026-05-20 11:31:11.198827,BestBuy,0,0.66
4670,914,71,2026-05-24 10:06:04.198829,Walmart,0,1.42
4671,988,210,2026-05-26 01:45:10.198831,BestBuy,1,42.0
4672,419,20,2026-05-20 21:33:49.198833,Amazon,0,0.4
4673,427,93,2026-05-25 16:47:51.198835,Amazon,0,1.86
4674,479,53,2026-05-21 17:43:09.198837,Amazon,0,1.06
4675,475,80,2026-05-22 20:35:05.198839,BestBuy,0,1.6
4676,126,127,2026-05-21 09:31:12.198841,Target,0,2.54
4677,395,13,2026-05-19 15:59:20.198843,Walmart,0,0.26
4678,817,152,2026-05-25 16:17:23.198845,Walmart,0,3.04
4679,881,100,2026-05-20 23:18:55.198847,Target,0,2.0
4680,806,39,2026-05-22 15:16:46.198849,Walmart,0,0.78
4681,576,46,2026-05-21 15:51:27.198851,Target,0,0.92
4682,325,15,2026-05-20 22:28:19.198853,BestBuy,0,0.3
4683,392,81,2026-05-21 17:02:41.198855,Amazon,0,1.62
4684,930,79,2026-05-20 16:26:04.198857,Target,0,1.58
4685,688,60,2026-05-23 22:38:31.198859,Target,0,1.2
4686,628,50,2026-05-22 22:38:39.198861,Amazon,0,1.0
4687,440,255,2026-05-24 21:20:26.198863,Amazon,0,5.1
4688,204,125,2026-05-24 02:02:38.198865,Walmart,0,2.5
4689,486,43,2026-05-22 02:45:29.198866,Target,0,0.86
4690,833,64,2026-05-20 05:18:33.198868,Amazon,0,1.28
4691,31,58,2026-05-24 17:30:49.198870,Walmart,0,1.16
4692,388,45,2026-05-25 12:28:20.198872,BestBuy,0,0.9
4693,625,98,2026-05-21 23:31:30.198874,Target,0,1.96
4694,877,114,2026-05-26 05:59:41.198876,BestBuy,0,2.28
4695,434,65,2026-05-26 12:44:46.198878,Amazon,0,1.3
4696,837,19,2026-05-26 03:50:54.198880,Amazon,0,0.38
4697,926,152,2026-05-23 06:06:13.198882,Target,0,3.04
4698,376,16,2026-05-20 17:12:57.198884,BestBuy,0,0.32
4699,344,60,2026-05-21 05:12:30.198886,Amazon,0,1.2
4700,443,77,2026-05-25 08:06:25.198888,Target,0,1.54
4701,579,33,2026-05-20 21:04:03.198890,Target,0,0.66
4702,75,27,2026-05-20 11:49:49.198892,Target,0,0.54
4703,557,59,2026-05-22 20:54:18.198894,Amazon,0,1.18
4704,772,162,2026-05-25 01:19:35.198896,Amazon,0,3.24
4705,666,114,2026-05-22 01:26:54.198898,Target,0,2.28
4706,155,233,2026-05-20 11:46:16.198900,Walmart,0,4.66
4707,430,95,2026-05-25 16:14:51.198902,Target,0,1.9
4708,363,264,2026-05-21 10:14:29.198904,Target,0,5.28
4709,448,201,2026-05-20 09:53:55.198906,Target,0,4.02
4710,987,86,2026-05-22 01:38:34.198908,Walmart,0,1.72
4711,234,168,2026-05-23 14:15:55.198910,BestBuy,0,3.36
4712,563,284,2026-05-24 04:02:46.198912,Amazon,0,5.68
4713,818,141,2026-05-19 14:09:57.198914,Amazon,0,2.82
4714,262,37,2026-05-19 14:54:31.198916,BestBuy,0,0.74
4715,827,49,2026-05-24 12:04:12.198918,Target,0,0.98
4716,125,171,2026-05-26 12:09:25.198920,Target,0,3.42
4717,911,27,2026-05-23 04:19:55.198922,Amazon,0,0.54
4718,245,166,2026-05-23 13:02:58.198924,Target,0,3.32
4719,542,131,2026-05-23 07:01:56.198926,BestBuy,0,2.62
4720,938,54,2026-05-22 07:46:24.198928,Amazon,0,1.08
4721,485,212,2026-05-23 08:06:01.198930,Walmart,0,4.24
4722,122,10,2026-05-21 12:09:16.198932,Target,0,0.2
4723,125,192,2026-05-21 23:29:03.198934,BestBuy,0,3.84
4724,549,199,2026-05-20 10:36:02.198936,Amazon,0,3.98
4725,170,75,2026-05-22 07:37:52.198938,Amazon,0,1.5
4726,124,45,2026-05-24 13:01:06.198939,Walmart,0,0.9
4727,869,17,2026-05-20 22:43:12.198941,Target,0,0.34
4728,35,36,2026-05-20 16:19:00.198943,Walmart,0,0.72
4729,87,27,2026-05-26 08:23:09.198945,BestBuy,0,0.54
4730,646,97,2026-05-20 10:41:48.198947,Amazon,0,1.94
4731,708,153,2026-05-21 23:36:20.198949,Amazon,0,3.06
4732,786,31,2026-05-25 00:22:48.198951,Walmart,0,0.62
4733,201,138,2026-05-21 19:24:12.198953,Walmart,0,2.76
4734,369,66,2026-05-23 07:52:30.198955,Walmart,0,1.32
4735,797,57,2026-05-19 20:13:31.198957,Target,0,1.14
4736,77,180,2026-05-23 11:07:04.198959,Amazon,0,3.6
4737,59,260,2026-05-20 03:59:34.198961,Target,0,5.2
4738,431,133,2026-05-26 07:16:44.198963,BestBuy,0,2.66
4739,638,20,2026-05-22 04:16:02.198965,Target,0,0.4
4740,500,97,2026-05-24 08:20:31.198967,Walmart,0,1.94
4741,913,44,2026-05-25 23:58:46.198969,BestBuy,0,0.88
4742,109,297,2026-05-23 16:39:02.198971,BestBuy,1,59.4
4743,736,142,2026-05-19 19:15:33.198973,Target,0,2.84
4744,278,38,2026-05-20 00:37:04.198975,Target,0,0.76
4745,68,64,2026-05-24 04:37:06.198976,Walmart,0,1.28
4746,69,79,2026-05-25 11:58:19.198979,Walmart,0,1.58
4747,165,28,2026-05-21 17:32:05.198980,BestBuy,0,0.56
4748,489,91,2026-05-21 01:50:56.198982,Walmart,0,1.82
4749,305,174,2026-05-20 19:04:40.198984,Amazon,0,3.48
4750,909,13,2026-05-22 08:57:42.198986,Amazon,0,0.26
4751,674,55,2026-05-23 05:26:59.198988,BestBuy,0,1.1
4752,365,212,2026-05-19 18:55:20.198990,Target,0,4.24
4753,854,283,2026-05-25 13:27:58.198992,Target,0,5.66
4754,821,118,2026-05-19 18:16:40.198994,Amazon,0,2.36
4755,379,34,2026-05-22 08:11:38.198996,Target,0,0.68
4756,343,139,2026-05-25 14:48:44.198998,Walmart,0,2.78
4757,947,156,2026-05-20 20:16:51.199000,Amazon,0,3.12
4758,899,95,2026-05-22 15:22:53.199002,BestBuy,0,1.9
4759,554,54,2026-05-20 21:35:08.199004,Target,0,1.08
4760,354,132,2026-05-25 09:25:41.199006,BestBuy,0,2.64
4761,416,72,2026-05-20 11:50:42.199008,BestBuy,0,1.44
4762,109,140,2026-05-21 17:35:49.199010,Target,0,2.8
4763,563,34,2026-05-20 18:02:38.199012,Target,0,0.68
4764,762,37,2026-05-23 09:02:07.199013,Amazon,0,0.74
4765,497,134,2026-05-19 18:05:36.199015,Amazon,0,2.68
4766,341,34,2026-05-26 02:12:09.199017,BestBuy,0,0.68
4767,942,75,2026-05-24 09:54:25.199019,BestBuy,0,1.5
4768,383,68,2026-05-24 22:33:14.199021,Amazon,0,1.36
4769,533,29,2026-05-24 20:56:53.199023,BestBuy,0,0.58
4770,300,44,2026-05-20 03:23:44.199025,Walmart,0,0.88
4771,139,9,2026-05-22 01:38:26.199027,Target,0,0.18
4772,359,91,2026-05-24 06:28:24.199029,Target,0,1.82
4773,836,26,2026-05-24 10:04:17.199031,Walmart,0,0.52
4774,499,41,2026-05-22 14:52:29.199033,Amazon,0,0.82
4775,385,117,2026-05-22 12:55:05.199035,Amazon,0,2.34
4776,604,216,2026-05-25 13:51:56.199037,BestBuy,1,43.2
4777,959,62,2026-05-23 01:31:02.199039,BestBuy,0,1.24
4778,280,36,2026-05-25 10:22:59.199041,Amazon,0,0.72
4779,637,56,2026-05-26 07:26:32.199043,BestBuy,0,1.12
4780,483,25,2026-05-23 04:54:02.199045,Walmart,0,0.5
4781,909,131,2026-05-22 04:50:04.199046,Target,0,2.62
4782,111,11,2026-05-24 13:32:07.199048,Walmart,0,0.22
4783,866,108,2026-05-20 21:27:53.199050,Target,0,2.16
4784,139,105,2026-05-21 19:46:30.199052,Target,0,2.1
4785,996,190,2026-05-20 03:35:50.199054,BestBuy,0,3.8
4786,435,73,2026-05-19 21:11:23.199056,BestBuy,0,1.46
4787,509,23,2026-05-26 11:20:16.199058,Target,0,0.46
4788,273,107,2026-05-20 00:56:23.199060,BestBuy,0,2.14
4789,99,138,2026-05-21 23:21:32.199062,Walmart,0,2.76
4790,764,177,2026-05-24 07:42:13.199064,Amazon,0,3.54
4791,850,60,2026-05-20 04:48:40.199066,BestBuy,0,1.2
4792,104,134,2026-05-23 14:20:04.199068,BestBuy,0,2.68
4793,214,103,2026-05-20 15:23:21.199070,BestBuy,0,2.06
4794,761,59,2026-05-24 14:08:51.199072,Amazon,0,1.18
4795,664,35,2026-05-25 20:27:56.199074,Walmart,0,0.7
4796,762,50,2026-05-24 13:18:41.199076,Target,0,1.0
4797,787,62,2026-05-21 13:24:27.199078,Walmart,0,1.24
4798,165,20,2026-05-24 13:44:42.199080,BestBuy,0,0.4
4799,999,135,2026-05-22 09:42:00.199082,Amazon,0,2.7
4800,853,176,2026-05-20 10:57:36.199084,Walmart,0,3.52
4801,520,330,2026-05-23 03:37:12.199086,BestBuy,1,66.0
4802,284,35,2026-05-26 08:46:36.199087,BestBuy,0,0.7
4803,517,101,2026-05-20 09:30:11.199089,Target,0,2.02
4804,657,155,2026-05-19 15:30:01.199091,Amazon,0,3.1
4805,613,224,2026-05-20 00:51:55.199093,Target,0,4.48
4806,164,41,2026-05-23 09:15:00.199095,Walmart,0,0.82
4807,886,138,2026-05-22 09:21:05.199097,Target,0,2.76
4808,659,80,2026-05-22 00:40:45.199099,Walmart,0,1.6
4809,64,16,2026-05-21 22:55:11.199101,BestBuy,0,0.32
4810,91,171,2026-05-25 14:50:47.199103,Amazon,0,3.42
4811,117,121,2026-05-23 04:32:41.199105,Amazon,0,2.42
4812,866,40,2026-05-22 19:15:47.199107,BestBuy,0,0.8
4813,267,95,2026-05-24 10:43:48.199109,Amazon,0,1.9
4814,822,56,2026-05-25 02:01:04.199111,Target,0,1.12
4815,685,30,2026-05-20 03:40:15.199113,Walmart,0,0.6
4816,559,59,2026-05-24 15:16:32.199115,Walmart,0,1.18
4817,140,15,2026-05-26 09:43:38.199117,Walmart,0,0.3
4818,246,218,2026-05-25 17:05:14.199119,Target,0,4.36
4819,661,210,2026-05-24 22:49:15.199121,Walmart,0,4.2
4820,758,33,2026-05-26 01:37:53.199123,Amazon,0,0.66
4821,395,179,2026-05-20 03:15:18.199125,Walmart,0,3.58
4822,487,40,2026-05-20 17:16:47.199127,Target,0,0.8
4823,476,174,2026-05-20 19:04:21.199129,Amazon,0,3.48
4824,517,197,2026-05-26 05:25:54.199131,BestBuy,0,3.94
4825,977,167,2026-05-23 07:44:37.199133,Amazon,0,3.34
4826,184,55,2026-05-22 18:44:12.199135,Target,0,1.1
4827,20,169,2026-05-21 09:27:59.199137,Amazon,0,3.38
4828,937,158,2026-05-25 23:16:37.199139,Walmart,0,3.16
4829,558,38,2026-05-24 13:19:06.199141,Target,0,0.76
4830,524,92,2026-05-21 14:14:50.199143,BestBuy,0,1.84
4831,582,166,2026-05-24 00:19:18.199145,Walmart,0,3.32
4832,529,164,2026-05-24 07:21:24.199147,Target,0,3.28
4833,883,175,2026-05-26 03:31:14.199149,Target,0,3.5
4834,147,133,2026-05-24 17:25:31.199151,BestBuy,0,2.66
4835,666,159,2026-05-20 06:34:20.199152,BestBuy,0,3.18
4836,304,152,2026-05-26 00:07:26.199155,Target,0,3.04
4837,620,142,2026-05-24 13:39:07.199156,BestBuy,0,2.84
4838,748,68,2026-05-24 01:13:19.199158,BestBuy,0,1.36
4839,820,59,2026-05-19 15:19:50.199160,Walmart,0,1.18
4840,864,180,2026-05-19 23:48:43.199162,Target,0,3.6
4841,582,32,2026-05-23 09:25:54.199164,Amazon,0,0.64
4842,695,62,2026-05-20 12:13:36.199166,Walmart,0,1.24
4843,762,67,2026-05-22 08:18:02.199168,Target,0,1.34
4844,228,111,2026-05-24 10:58:17.199170,Target,0,2.22
4845,102,106,2026-05-26 11:30:07.199172,Walmart,0,2.12
4846,587,319,2026-05-26 03:16:11.199174,BestBuy,1,63.8
4847,417,88,2026-05-25 00:21:03.199176,Amazon,0,1.76
4848,958,64,2026-05-24 06:47:28.199178,Amazon,0,1.28
4849,216,83,2026-05-20 11:15:40.199180,Target,0,1.66
4850,407,49,2026-05-19 19:02:30.199182,Target,0,0.98
4851,399,38,2026-05-23 00:10:22.199184,Amazon,0,0.76
4852,923,66,2026-05-25 17:00:56.199186,Target,0,1.32
4853,715,217,2026-05-21 12:17:09.199188,Amazon,0,4.34
4854,704,143,2026-05-21 04:06:46.199190,BestBuy,0,2.86
4855,761,90,2026-05-24 03:15:22.199192,Amazon,0,1.8
4856,499,133,2026-05-25 22:32:41.199194,Amazon,0,2.66
4857,754,63,2026-05-22 03:15:57.199196,Amazon,0,1.26
4858,465,23,2026-05-21 23:14:05.199198,Target,0,0.46
4859,691,240,2026-05-19 21:47:34.199200,BestBuy,1,48.0
4860,949,69,2026-05-20 09:01:19.199202,Walmart,0,1.38
4861,974,259,2026-05-25 20:47:19.199204,Walmart,0,5.18
4862,731,38,2026-05-21 07:07:22.199206,Amazon,0,0.76
4863,82,48,2026-05-24 03:01:53.199208,Target,0,0.96
4864,604,56,2026-05-23 16:29:17.199210,Walmart,0,1.12
4865,947,66,2026-05-25 05:02:40.199212,Walmart,0,1.32
4866,687,77,2026-05-22 07:58:10.199214,Amazon,0,1.54
4867,751,65,2026-05-21 08:11:34.199216,Amazon,0,1.3
4868,772,159,2026-05-25 15:06:06.199218,Target,0,3.18
4869,903,64,2026-05-24 17:13:08.199219,Walmart,0,1.28
4870,365,123,2026-05-19 19:03:43.199221,Amazon,0,2.46
4871,163,74,2026-05-19 15:10:32.199223,BestBuy,0,1.48
4872,48,74,2026-05-19 20:51:01.199225,BestBuy,0,1.48
4873,511,98,2026-05-21 14:11:56.199227,BestBuy,0,1.96
4874,329,30,2026-05-23 06:06:58.199229,Amazon,0,0.6
4875,840,75,2026-05-19 16:04:19.199231,Target,0,1.5
4876,116,17,2026-05-25 20:31:42.199233,BestBuy,0,0.34
4877,941,106,2026-05-23 05:33:36.199235,BestBuy,0,2.12
4878,849,32,2026-05-19 21:49:19.199237,BestBuy,0,0.64
4879,337,101,2026-05-22 00:41:17.199239,Amazon,0,2.02
4880,881,72,2026-05-20 05:41:34.199241,Amazon,0,1.44
4881,737,148,2026-05-26 06:34:56.199243,Amazon,0,2.96
4882,864,141,2026-05-25 21:37:50.199245,BestBuy,0,2.82
4883,840,60,2026-05-22 23:51:13.199247,Amazon,0,1.2
4884,147,128,2026-05-24 14:21:16.199249,Amazon,0,2.56
4885,575,17,2026-05-20 03:47:21.199251,Target,0,0.34
4886,806,147,2026-05-23 23:18:14.199253,Amazon,0,2.94
4887,323,18,2026-05-26 01:55:37.199255,Walmart,0,0.36
4888,443,110,2026-05-25 09:50:46.199257,Amazon,0,2.2
4889,837,91,2026-05-21 20:47:59.199259,Amazon,0,1.82
4890,13,2,2026-05-23 08:14:43.199261,Walmart,0,0.04
4891,943,82,2026-05-20 19:24:06.199263,Walmart,0,1.64
4892,494,187,2026-05-24 04:46:54.199265,Amazon,0,3.74
4893,701,91,2026-05-20 21:11:57.199267,Target,0,1.82
4894,287,73,2026-05-25 20:12:45.199269,BestBuy,0,1.46
4895,720,190,2026-05-20 22:38:10.199271,Walmart,0,3.8
4896,114,90,2026-05-24 01:16:38.199272,Target,0,1.8
4897,480,96,2026-05-20 09:19:13.199274,Amazon,0,1.92
4898,22,56,2026-05-22 08:48:15.199276,Amazon,0,1.12
4899,349,70,2026-05-24 07:07:48.199278,Walmart,0,1.4
4900,726,41,2026-05-23 21:53:46.199280,Walmart,0,0.82
4901,683,61,2026-05-22 22:47:36.199282,Target,0,1.22
4902,835,57,2026-05-20 18:53:28.199284,Amazon,0,1.14
4903,566,34,2026-05-22 09:58:30.199286,Walmart,0,0.68
4904,906,86,2026-05-22 23:03:51.199288,Walmart,0,1.72
4905,810,364,2026-05-25 07:41:08.199290,BestBuy,1,72.8
4906,320,98,2026-05-25 01:03:52.199292,Walmart,0,1.96
4907,126,132,2026-05-19 17:36:54.199294,Target,0,2.64
4908,277,112,2026-05-24 05:16:52.199296,Amazon,0,2.24
4909,976,54,2026-05-24 20:48:03.199298,Walmart,0,1.08
4910,204,154,2026-05-22 11:09:54.199300,BestBuy,0,3.08
4911,194,59,2026-05-26 01:31:32.199302,Walmart,0,1.18
4912,681,203,2026-05-24 20:23:13.199304,Walmart,0,4.06
4913,664,90,2026-05-22 20:16:13.199306,Amazon,0,1.8
4914,547,89,2026-05-21 02:36:41.199308,BestBuy,0,1.78
4915,696,74,2026-05-23 08:34:53.199310,Target,0,1.48
4916,286,101,2026-05-21 13:38:02.199312,Target,0,2.02
4917,57,182,2026-05-25 08:54:18.199314,Amazon,0,3.64
4918,734,70,2026-05-21 23:13:10.199315,Target,0,1.4
4919,303,129,2026-05-22 16:32:19.199317,Target,0,2.58
4920,163,46,2026-05-25 07:02:40.199319,Walmart,0,0.92
4921,19,116,2026-05-22 18:10:58.199321,Target,0,2.32
4922,370,96,2026-05-20 15:20:59.199323,BestBuy,0,1.92
4923,264,46,2026-05-22 04:28:25.199325,Walmart,0,0.92
4924,794,125,2026-05-26 05:35:26.199327,Target,0,2.5
4925,113,89,2026-05-21 01:16:33.199329,BestBuy,0,1.78
4926,488,81,2026-05-20 17:48:59.199331,Walmart,0,1.62
4927,327,23,2026-05-25 08:17:29.199333,BestBuy,0,0.46
4928,542,72,2026-05-26 07:45:33.199335,Amazon,0,1.44
4929,647,210,2026-05-23 06:57:28.199337,Amazon,0,4.2
4930,579,145,2026-05-22 23:50:37.199339,Target,0,2.9
4931,65,88,2026-05-23 07:20:14.199341,BestBuy,0,1.76
4932,292,310,2026-05-20 04:01:13.199343,Walmart,0,6.2
4933,25,220,2026-05-21 17:43:09.199345,BestBuy,1,44.0
4934,549,322,2026-05-24 02:26:04.199347,BestBuy,1,64.4
4935,1,44,2026-05-20 06:58:56.199349,Amazon,0,0.88
4936,911,64,2026-05-20 06:57:14.199351,Amazon,0,1.28
4937,549,17,2026-05-24 05:35:10.199352,Target,0,0.34
4938,141,28,2026-05-22 11:43:14.199354,BestBuy,0,0.56
4939,744,36,2026-05-20 09:01:48.199356,BestBuy,0,0.72
4940,648,180,2026-05-22 13:53:56.199358,Walmart,0,3.6
4941,901,182,2026-05-22 09:06:09.199360,Walmart,0,3.64
4942,188,120,2026-05-20 09:35:01.199362,Amazon,0,2.4
4943,128,4,2026-05-25 02:17:03.199364,BestBuy,0,0.08
4944,201,49,2026-05-22 09:11:20.199366,Target,0,0.98
4945,127,42,2026-05-24 05:35:19.199368,Amazon,0,0.84
4946,257,29,2026-05-24 09:49:38.199370,BestBuy,0,0.58
4947,676,186,2026-05-22 06:49:58.199372,Amazon,0,3.72
4948,547,89,2026-05-24 04:00:24.199374,Target,0,1.78
4949,194,33,2026-05-25 21:55:22.199376,BestBuy,0,0.66
4950,703,87,2026-05-22 15:25:31.199378,Target,0,1.74
4951,104,98,2026-05-21 23:18:13.199380,BestBuy,0,1.96
4952,535,112,2026-05-26 06:57:10.199382,BestBuy,0,2.24
4953,265,83,2026-05-21 13:16:35.199384,Target,0,1.66
4954,802,74,2026-05-22 00:04:17.199386,Walmart,0,1.48
4955,942,27,2026-05-24 00:45:12.199388,Target,0,0.54
4956,974,72,2026-05-20 12:43:09.199390,Target,0,1.44
4957,384,76,2026-05-25 08:25:55.199392,Amazon,0,1.52
4958,260,55,2026-05-20 01:10:29.199393,Target,0,1.1
4959,414,53,2026-05-25 07:11:50.199395,Target,0,1.06
4960,991,58,2026-05-23 20:32:01.199398,Amazon,0,1.16
4961,358,89,2026-05-25 08:05:56.199399,Walmart,0,1.78
4962,75,25,2026-05-21 21:17:01.199401,Target,0,0.5
4963,355,40,2026-05-24 19:53:32.199403,Amazon,0,0.8
4964,584,98,2026-05-22 07:34:22.199405,Walmart,0,1.96
4965,771,108,2026-05-20 11:57:06.199407,Walmart,0,2.16
4966,910,167,2026-05-21 20:48:38.199409,Target,0,3.34
4967,188,355,2026-05-19 22:51:22.199411,Walmart,0,7.1
4968,973,119,2026-05-19 19:17:44.199413,Target,0,2.38
4969,685,32,2026-05-22 01:45:44.199415,Walmart,0,0.64
4970,992,168,2026-05-25 07:52:36.199417,Walmart,0,3.36
4971,290,48,2026-05-24 16:38:32.199419,Walmart,0,0.96
4972,45,45,2026-05-22 23:33:19.199421,Target,0,0.9
4973,573,26,2026-05-24 07:02:01.199423,Walmart,0,0.52
4974,83,124,2026-05-25 18:35:13.199425,BestBuy,0,2.48
4975,123,78,2026-05-21 20:42:19.199427,Amazon,0,1.56
4976,358,165,2026-05-25 04:31:55.199429,Amazon,0,3.3
4977,528,42,2026-05-21 18:54:31.199431,BestBuy,0,0.84
4978,66,24,2026-05-25 17:26:57.199433,Walmart,0,0.48
4979,936,172,2026-05-25 09:15:10.199434,BestBuy,0,3.44
4980,657,187,2026-05-22 21:28:08.199436,Target,0,3.74
4981,375,47,2026-05-23 09:23:26.199438,Amazon,0,0.94
4982,162,57,2026-05-24 15:03:22.199440,Walmart,0,1.14
4983,746,110,2026-05-24 23:51:26.199442,Amazon,0,2.2
4984,380,36,2026-05-21 21:25:03.199444,BestBuy,0,0.72
4985,656,18,2026-05-19 20:56:09.199446,BestBuy,0,0.36
4986,358,66,2026-05-25 16:04:11.199448,Amazon,0,1.32
4987,188,76,2026-05-23 01:51:11.199450,Amazon,0,1.52
4988,322,124,2026-05-26 13:03:09.199452,Amazon,0,2.48
4989,450,106,2026-05-23 00:09:16.199454,Amazon,0,2.12
4990,474,103,2026-05-26 00:01:02.199456,BestBuy,0,2.06
4991,13,77,2026-05-24 05:17:05.199458,Walmart,0,1.54
4992,184,25,2026-05-20 07:43:53.199460,Amazon,0,0.5
4993,111,62,2026-05-24 13:40:36.199479,Walmart,0,1.24
4994,927,116,2026-05-21 00:11:35.199482,Amazon,0,2.32
4995,508,86,2026-05-23 09:25:54.199484,Target,0,1.72
4996,290,427,2026-05-24 14:10:40.199486,Walmart,0,8.54
4997,295,121,2026-05-22 14:07:41.199488,Target,0,2.42
4998,451,37,2026-05-21 04:44:22.199490,BestBuy,0,0.74
4999,904,111,2026-05-24 17:41:38.199493,Target,0,2.22
5000,215,176,2026-05-23 08:07:31.199495,BestBuy,0,3.52
5001,974,21,2026-05-21 16:01:04.199497,Amazon,0,0.42
5002,632,235,2026-05-21 12:34:48.199499,BestBuy,1,47.0
5003,894,168,2026-05-20 11:11:29.199501,Amazon,0,3.36
5004,567,224,2026-05-19 17:57:30.199503,Amazon,0,4.48
5005,27,206,2026-05-25 18:59:38.199505,Amazon,0,4.12
5006,630,86,2026-05-22 06:12:07.199507,BestBuy,0,1.72
5007,733,46,2026-05-21 04:54:08.199509,Amazon,0,0.92
5008,231,122,2026-05-23 20:02:57.199511,Target,0,2.44
5009,565,71,2026-05-22 01:44:41.199513,Target,0,1.42
5010,807,43,2026-05-20 08:53:59.199515,Amazon,0,0.86
5011,321,41,2026-05-20 10:35:33.199517,Amazon,0,0.82
5012,913,208,2026-05-21 16:42:02.199519,Walmart,0,4.16
5013,233,63,2026-05-20 02:17:35.199521,BestBuy,0,1.26
5014,670,55,2026-05-20 05:45:32.199523,Walmart,0,1.1
5015,437,60,2026-05-23 02:45:51.199525,Target,0,1.2
5016,781,135,2026-05-25 17:41:10.199527,BestBuy,0,2.7
5017,533,247,2026-05-20 02:32:58.199529,Target,0,4.94
5018,403,41,2026-05-23 15:40:59.199531,BestBuy,0,0.82
5019,53,213,2026-05-22 05:02:44.199533,BestBuy,1,42.6
5020,787,130,2026-05-23 21:09:14.199535,BestBuy,0,2.6
5021,313,40,2026-05-21 20:16:04.199537,Target,0,0.8
5022,281,121,2026-05-19 20:58:29.199539,Amazon,0,2.42
5023,726,70,2026-05-26 03:27:11.199541,Target,0,1.4
5024,31,243,2026-05-19 18:52:44.199543,BestBuy,1,48.6
5025,337,41,2026-05-22 05:14:54.199545,Target,0,0.82
5026,183,130,2026-05-25 21:14:24.199547,Target,0,2.6
5027,23,24,2026-05-26 13:31:51.199549,Walmart,0,0.48
5028,544,76,2026-05-23 20:40:18.199551,BestBuy,0,1.52
5029,446,211,2026-05-24 05:23:44.199553,Target,0,4.22
5030,74,220,2026-05-25 17:45:19.199555,BestBuy,1,44.0
5031,10,36,2026-05-25 03:23:06.199557,Target,0,0.72
5032,484,18,2026-05-25 19:57:48.199559,Walmart,0,0.36
5033,456,69,2026-05-23 17:08:27.199561,Target,0,1.38
5034,566,127,2026-05-23 04:38:14.199563,Amazon,0,2.54
5035,564,50,2026-05-21 18:05:33.199565,BestBuy,0,1.0
5036,660,49,2026-05-24 15:45:11.199567,Walmart,0,0.98
5037,160,141,2026-05-21 20:18:49.199569,Target,0,2.82
5038,882,27,2026-05-19 14:37:01.199571,Walmart,0,0.54
5039,14,80,2026-05-25 20:12:47.199573,Target,0,1.6
5040,178,117,2026-05-22 17:37:58.199575,BestBuy,0,2.34
5041,412,44,2026-05-26 05:19:59.199577,Target,0,0.88
5042,878,44,2026-05-20 11:29:59.199579,Walmart,0,0.88
5043,53,280,2026-05-21 20:35:13.199581,Amazon,0,5.6
5044,408,172,2026-05-25 18:49:30.199583,Walmart,0,3.44
5045,847,47,2026-05-25 06:01:27.199585,Amazon,0,0.94
5046,22,27,2026-05-20 01:16:58.199587,Amazon,0,0.54
5047,30,53,2026-05-25 22:25:18.199589,BestBuy,0,1.06
5048,703,117,2026-05-20 05:05:54.199591,Walmart,0,2.34
5049,260,77,2026-05-20 04:54:57.199593,Target,0,1.54
5050,205,38,2026-05-25 07:28:36.199595,Amazon,0,0.76
5051,59,124,2026-05-25 06:20:41.199597,Walmart,0,2.48
5052,471,29,2026-05-24 03:38:20.199599,BestBuy,0,0.58
5053,776,107,2026-05-25 18:57:34.199601,Target,0,2.14
5054,466,289,2026-05-22 01:18:04.199603,Target,0,5.78
5055,12,93,2026-05-25 19:52:49.199605,Target,0,1.86
5056,631,97,2026-05-24 11:00:08.199607,Walmart,0,1.94
5057,927,40,2026-05-23 23:10:09.199609,Walmart,0,0.8
5058,974,69,2026-05-22 05:52:20.199611,Target,0,1.38
5059,290,55,2026-05-20 22:35:24.199613,BestBuy,0,1.1
5060,850,96,2026-05-25 18:16:20.199615,Target,0,1.92
5061,760,52,2026-05-20 14:40:33.199617,Target,0,1.04
5062,354,56,2026-05-20 21:32:42.199618,BestBuy,0,1.12
5063,639,165,2026-05-26 02:49:36.199621,BestBuy,0,3.3
5064,75,85,2026-05-21 15:45:09.199623,BestBuy,0,1.7
5065,873,135,2026-05-21 03:03:04.199625,Target,0,2.7
5066,716,319,2026-05-20 20:09:13.199627,BestBuy,1,63.8
5067,561,102,2026-05-24 10:27:15.199628,Walmart,0,2.04
5068,591,271,2026-05-20 02:44:25.199631,BestBuy,1,54.2
5069,441,87,2026-05-25 22:17:19.199633,Target,0,1.74
5070,991,133,2026-05-24 03:37:37.199635,Amazon,0,2.66
5071,241,169,2026-05-26 02:21:59.199637,Amazon,0,3.38
5072,861,67,2026-05-24 01:38:40.199639,Walmart,0,1.34
5073,154,119,2026-05-25 04:01:51.199641,Amazon,0,2.38
5074,786,64,2026-05-19 18:38:46.199643,Amazon,0,1.28
5075,96,112,2026-05-24 16:14:10.199645,Amazon,0,2.24
5076,726,48,2026-05-20 04:25:41.199647,Walmart,0,0.96
5077,294,34,2026-05-20 19:05:31.199650,Amazon,0,0.68
5078,209,45,2026-05-25 07:11:00.199653,Target,0,0.9
5079,343,70,2026-05-26 08:46:20.199655,Amazon,0,1.4
5080,88,88,2026-05-21 03:23:47.199657,BestBuy,0,1.76
5081,818,167,2026-05-20 13:26:25.199658,Amazon,0,3.34
5082,776,271,2026-05-20 13:07:14.199661,Amazon,0,5.42
5083,937,58,2026-05-22 12:40:18.199663,Target,0,1.16
5084,390,35,2026-05-20 12:03:57.199665,Walmart,0,0.7
5085,325,200,2026-05-25 07:16:59.199667,Walmart,0,4.0
5086,940,156,2026-05-23 03:41:15.199669,Amazon,0,3.12
5087,889,68,2026-05-24 16:57:08.199671,Target,0,1.36
5088,832,88,2026-05-22 09:53:36.199673,Amazon,0,1.76
5089,157,50,2026-05-26 00:58:07.199675,Walmart,0,1.0
5090,668,202,2026-05-21 19:14:05.199677,Walmart,0,4.04
5091,651,103,2026-05-21 10:46:26.199679,BestBuy,0,2.06
5092,633,59,2026-05-21 17:19:35.199681,BestBuy,0,1.18
5093,577,109,2026-05-20 06:31:02.199682,Target,0,2.18
5094,619,113,2026-05-25 07:20:01.199684,Target,0,2.26
5095,659,222,2026-05-26 10:11:51.199686,Walmart,0,4.44
5096,137,158,2026-05-23 03:01:23.199688,Walmart,0,3.16
5097,923,24,2026-05-25 17:15:30.199690,Walmart,0,0.48
5098,674,177,2026-05-23 13:26:00.199692,Amazon,0,3.54
5099,428,50,2026-05-23 13:29:04.199694,BestBuy,0,1.0
5100,452,187,2026-05-22 07:27:19.199696,BestBuy,0,3.74
5101,612,18,2026-05-19 19:44:09.199698,Walmart,0,0.36
5102,850,171,2026-05-26 11:23:39.199700,Walmart,0,3.42
5103,911,108,2026-05-21 20:31:21.199702,BestBuy,0,2.16
5104,819,132,2026-05-21 08:41:02.199704,Target,0,2.64
5105,141,171,2026-05-21 15:17:04.199706,Walmart,0,3.42
5106,83,77,2026-05-24 01:03:42.199708,Walmart,0,1.54
5107,177,56,2026-05-23 00:35:33.199710,Target,0,1.12
5108,198,87,2026-05-26 04:41:28.199712,Walmart,0,1.74
5109,624,48,2026-05-23 12:45:36.199714,BestBuy,0,0.96
5110,568,84,2026-05-23 00:14:51.199716,BestBuy,0,1.68
5111,972,45,2026-05-23 10:44:39.199718,Target,0,0.9
5112,691,129,2026-05-22 20:55:09.199720,BestBuy,0,2.58
5113,421,78,2026-05-24 10:01:41.199722,Target,0,1.56
5114,401,164,2026-05-25 00:00:56.199724,Target,0,3.28
5115,698,48,2026-05-26 04:45:48.199726,BestBuy,0,0.96
5116,471,54,2026-05-25 04:55:44.199728,Target,0,1.08
5117,218,164,2026-05-20 11:15:32.199730,BestBuy,0,3.28
5118,925,38,2026-05-24 13:43:40.199731,Target,0,0.76
5119,929,28,2026-05-22 10:27:16.199733,Target,0,0.56
5120,828,54,2026-05-21 03:52:22.199735,Target,0,1.08
5121,987,131,2026-05-20 12:10:21.199737,BestBuy,0,2.62
5122,729,78,2026-05-22 00:23:49.199739,Walmart,0,1.56
5123,632,183,2026-05-24 08:35:49.199741,Amazon,0,3.66
5124,951,114,2026-05-20 09:07:57.199743,Walmart,0,2.28
5125,906,193,2026-05-22 19:48:16.199745,Target,0,3.86
5126,175,124,2026-05-20 19:22:57.199747,BestBuy,0,2.48
5127,23,13,2026-05-25 06:52:40.199749,Target,0,0.26
5128,725,96,2026-05-24 18:37:08.199751,Walmart,0,1.92
5129,917,45,2026-05-20 01:44:53.199753,Amazon,0,0.9
5130,235,97,2026-05-24 00:43:17.199755,Walmart,0,1.94
5131,13,23,2026-05-24 06:06:58.199757,BestBuy,0,0.46
5132,101,317,2026-05-19 23:04:12.199759,BestBuy,1,63.4
5133,929,34,2026-05-20 17:17:00.199761,Walmart,0,0.68
5134,536,139,2026-05-20 08:49:57.199763,Walmart,0,2.78
5135,876,84,2026-05-21 20:18:15.199765,Amazon,0,1.68
5136,523,34,2026-05-22 16:25:03.199767,Target,0,0.68
5137,785,81,2026-05-21 16:20:56.199769,BestBuy,0,1.62
5138,452,199,2026-05-25 23:38:07.199771,BestBuy,0,3.98
5139,431,64,2026-05-25 06:55:00.199773,Amazon,0,1.28
5140,793,109,2026-05-25 19:14:50.199775,BestBuy,0,2.18
5141,606,184,2026-05-20 06:12:35.199777,BestBuy,0,3.68
5142,713,117,2026-05-24 09:53:11.199779,Walmart,0,2.34
5143,533,121,2026-05-24 00:14:04.199781,Walmart,0,2.42
5144,852,25,2026-05-19 13:45:34.199783,Amazon,0,0.5
5145,979,109,2026-05-22 19:03:59.199785,BestBuy,0,2.18
5146,723,91,2026-05-19 23:23:31.199787,Amazon,0,1.82
5147,652,216,2026-05-23 04:30:22.199789,Target,0,4.32
5148,293,349,2026-05-25 18:10:12.199791,Target,0,6.98
5149,810,103,2026-05-19 13:44:39.199793,Amazon,0,2.06
5150,913,302,2026-05-20 16:44:59.199795,BestBuy,1,60.4
5151,101,65,2026-05-25 18:52:51.199797,Target,0,1.3
5152,502,196,2026-05-22 08:29:26.199799,BestBuy,0,3.92
5153,304,339,2026-05-26 00:33:48.199801,Walmart,0,6.78
5154,871,97,2026-05-23 12:33:22.199803,Amazon,0,1.94
5155,540,125,2026-05-23 16:46:13.199805,Target,0,2.5
5156,553,110,2026-05-21 16:12:47.199807,BestBuy,0,2.2
5157,355,45,2026-05-24 09:09:15.199809,Walmart,0,0.9
5158,303,127,2026-05-20 08:24:02.199811,Amazon,0,2.54
5159,496,195,2026-05-25 19:00:31.199813,Target,0,3.9
5160,658,114,2026-05-24 12:21:11.199815,Walmart,0,2.28
5161,768,191,2026-05-20 00:02:33.199817,Amazon,0,3.82
5162,974,94,2026-05-22 03:42:39.199820,Target,0,1.88
5163,227,101,2026-05-24 17:51:44.199822,BestBuy,0,2.02
5164,236,17,2026-05-25 00:34:18.199825,Walmart,0,0.34
5165,873,24,2026-05-23 09:29:00.199827,Walmart,0,0.48
5166,892,225,2026-05-19 18:27:41.199829,BestBuy,1,45.0
5167,455,133,2026-05-24 04:43:02.199831,Walmart,0,2.66
5168,13,34,2026-05-25 18:09:57.199833,Walmart,0,0.68
5169,210,39,2026-05-26 01:03:55.199835,Amazon,0,0.78
5170,741,34,2026-05-20 22:18:33.199837,BestBuy,0,0.68
5171,397,89,2026-05-23 13:42:18.199839,Walmart,0,1.78
5172,100,141,2026-05-22 19:31:30.199841,BestBuy,0,2.82
5173,31,61,2026-05-24 14:58:47.199843,Amazon,0,1.22
5174,898,86,2026-05-20 09:52:28.199845,Amazon,0,1.72
5175,528,89,2026-05-25 18:43:24.199847,BestBuy,0,1.78
5176,649,57,2026-05-24 05:41:37.199849,BestBuy,0,1.14
5177,329,120,2026-05-19 13:45:01.199851,Target,0,2.4
5178,166,88,2026-05-25 22:45:37.199853,Amazon,0,1.76
5179,459,120,2026-05-23 17:17:16.199855,Walmart,0,2.4
5180,822,142,2026-05-22 13:01:54.199857,Amazon,0,2.84
5181,952,11,2026-05-23 13:08:10.199859,Amazon,0,0.22
5182,982,110,2026-05-21 05:35:30.199861,Target,0,2.2
5183,993,93,2026-05-20 03:23:15.199863,BestBuy,0,1.86
5184,100,124,2026-05-19 15:58:02.199865,Amazon,0,2.48
5185,621,200,2026-05-21 07:19:02.199867,Target,0,4.0
5186,855,90,2026-05-21 22:29:05.199869,BestBuy,0,1.8
5187,173,14,2026-05-25 02:22:07.199871,Amazon,0,0.28
5188,749,49,2026-05-23 22:45:12.199873,Target,0,0.98
5189,162,317,2026-05-24 05:55:39.199875,Amazon,0,6.34
5190,905,61,2026-05-25 10:55:28.199877,Walmart,0,1.22
5191,728,59,2026-05-22 04:26:40.199879,BestBuy,0,1.18
5192,776,45,2026-05-22 08:45:26.199881,BestBuy,0,0.9
5193,263,52,2026-05-21 09:38:28.199883,Amazon,0,1.04
5194,804,79,2026-05-20 15:49:18.199885,Target,0,1.58
5195,274,6,2026-05-25 18:49:29.199887,Target,0,0.12
5196,3,77,2026-05-25 06:31:31.199889,Walmart,0,1.54
5197,28,47,2026-05-22 02:20:37.199891,Walmart,0,0.94
5198,326,56,2026-05-25 01:43:59.199893,Target,0,1.12
5199,940,107,2026-05-24 17:49:52.199895,BestBuy,0,2.14
5200,149,54,2026-05-20 18:25:38.199897,Walmart,0,1.08
5201,540,117,2026-05-25 17:10:43.199899,Amazon,0,2.34
5202,488,53,2026-05-22 18:17:15.199901,Amazon,0,1.06
5203,822,137,2026-05-22 00:50:28.199903,BestBuy,0,2.74
5204,438,11,2026-05-21 01:59:04.199905,BestBuy,0,0.22
5205,65,73,2026-05-22 21:07:19.199907,Walmart,0,1.46
5206,356,51,2026-05-21 05:56:24.199909,Amazon,0,1.02
5207,533,68,2026-05-20 22:06:36.199911,BestBuy,0,1.36
5208,252,90,2026-05-24 22:04:48.199913,Amazon,0,1.8
5209,235,74,2026-05-22 17:52:56.199915,Walmart,0,1.48
5210,227,34,2026-05-21 01:41:39.199917,BestBuy,0,0.68
5211,525,33,2026-05-20 07:24:11.199919,Target,0,0.66
5212,313,30,2026-05-25 23:29:07.199921,Amazon,0,0.6
5213,49,89,2026-05-24 00:38:13.199923,BestBuy,0,1.78
5214,118,126,2026-05-23 07:22:53.199925,Walmart,0,2.52
5215,54,38,2026-05-20 12:16:01.199927,Target,0,0.76
5216,650,210,2026-05-20 07:51:55.199929,BestBuy,1,42.0
5217,565,41,2026-05-24 21:54:35.199931,Amazon,0,0.82
5218,44,125,2026-05-20 08:36:37.199933,Amazon,0,2.5
5219,815,32,2026-05-26 11:18:27.199935,Walmart,0,0.64
5220,53,110,2026-05-25 18:54:11.199937,Amazon,0,2.2
5221,586,190,2026-05-22 06:19:08.199939,Target,0,3.8
5222,558,48,2026-05-21 14:38:15.199941,Walmart,0,0.96
5223,525,76,2026-05-24 01:45:52.199943,Walmart,0,1.52
5224,677,114,2026-05-21 19:39:11.199945,BestBuy,0,2.28
5225,102,118,2026-05-19 18:25:00.199947,Walmart,0,2.36
5226,792,184,2026-05-21 21:40:54.199949,BestBuy,0,3.68
5227,770,21,2026-05-19 21:44:42.199951,Walmart,0,0.42
5228,982,77,2026-05-25 07:56:50.199953,BestBuy,0,1.54
5229,849,35,2026-05-23 07:11:47.199955,BestBuy,0,0.7
5230,868,49,2026-05-24 02:06:23.199957,BestBuy,0,0.98
5231,398,42,2026-05-21 02:45:47.199959,Target,0,0.84
5232,138,80,2026-05-23 03:28:50.199961,BestBuy,0,1.6
5233,675,47,2026-05-21 08:26:08.199963,Target,0,0.94
5234,921,62,2026-05-23 01:58:38.199965,BestBuy,0,1.24
5235,387,69,2026-05-19 23:28:07.199967,BestBuy,0,1.38
5236,111,103,2026-05-22 00:38:38.199969,Target,0,2.06
5237,614,114,2026-05-25 13:56:18.199971,Target,0,2.28
5238,17,91,2026-05-20 10:39:34.199973,Target,0,1.82
5239,780,74,2026-05-24 20:16:54.199975,Target,0,1.48
5240,182,169,2026-05-25 19:25:03.199977,BestBuy,0,3.38
5241,884,40,2026-05-21 19:23:17.199979,BestBuy,0,0.8
5242,536,144,2026-05-20 04:34:10.199981,Walmart,0,2.88
5243,541,18,2026-05-24 23:23:06.199983,Walmart,0,0.36
5244,171,63,2026-05-23 11:42:05.199985,BestBuy,0,1.26
5245,409,115,2026-05-26 02:55:35.199987,Walmart,0,2.3
5246,740,60,2026-05-24 05:44:40.199989,Target,0,1.2
5247,378,149,2026-05-20 00:36:02.199992,Walmart,0,2.98
5248,188,97,2026-05-22 18:10:43.199994,Target,0,1.94
5249,858,115,2026-05-19 19:49:20.199996,BestBuy,0,2.3
5250,230,144,2026-05-19 14:38:55.199998,Walmart,0,2.88
5251,833,114,2026-05-26 06:27:41.200000,Target,0,2.28
5252,852,247,2026-05-21 02:52:17.200002,BestBuy,1,49.4
5253,119,59,2026-05-26 03:54:58.200004,BestBuy,0,1.18
5254,156,56,2026-05-20 04:58:39.200006,Target,0,1.12
5255,784,151,2026-05-21 12:27:08.200008,Target,0,3.02
5256,687,32,2026-05-24 02:27:19.200010,BestBuy,0,0.64
5257,465,66,2026-05-23 10:30:09.200012,Amazon,0,1.32
5258,104,18,2026-05-21 06:28:29.200014,Amazon,0,0.36
5259,604,254,2026-05-23 21:41:20.200016,Target,0,5.08
5260,698,86,2026-05-19 22:37:56.200018,Walmart,0,1.72
5261,972,22,2026-05-20 16:12:11.200020,Target,0,0.44
5262,795,225,2026-05-20 03:57:35.200022,BestBuy,1,45.0
5263,502,318,2026-05-20 09:40:18.200024,Target,0,6.36
5264,693,82,2026-05-22 19:30:31.200026,Amazon,0,1.64
5265,682,51,2026-05-24 04:57:53.200028,Target,0,1.02
5266,699,95,2026-05-23 02:49:38.200030,Amazon,0,1.9
5267,175,109,2026-05-20 09:19:51.200032,Walmart,0,2.18
5268,734,24,2026-05-26 00:17:34.200034,Walmart,0,0.48
5269,745,46,2026-05-24 21:23:54.200036,Walmart,0,0.92
5270,674,70,2026-05-19 21:32:07.200038,Target,0,1.4
5271,421,59,2026-05-24 16:21:46.200040,Amazon,0,1.18
5272,134,232,2026-05-25 06:27:27.200042,Target,0,4.64
5273,391,77,2026-05-25 08:45:34.200044,Walmart,0,1.54
5274,992,14,2026-05-25 00:02:30.200046,Target,0,0.28
5275,736,106,2026-05-20 01:38:09.200048,Amazon,0,2.12
5276,501,83,2026-05-22 17:22:57.200050,BestBuy,0,1.66
5277,665,70,2026-05-22 19:28:27.200052,Amazon,0,1.4
5278,33,17,2026-05-22 14:53:00.200054,Walmart,0,0.34
5279,55,68,2026-05-20 02:24:18.200056,Walmart,0,1.36
5280,954,97,2026-05-26 06:02:26.200058,Walmart,0,1.94
5281,519,243,2026-05-22 01:52:57.200060,Target,0,4.86
5282,756,55,2026-05-23 13:27:13.200062,Amazon,0,1.1
5283,825,146,2026-05-22 19:14:52.200064,Target,0,2.92
5284,638,65,2026-05-21 11:29:34.200065,Walmart,0,1.3
5285,12,95,2026-05-23 07:56:03.200067,Amazon,0,1.9
5286,528,120,2026-05-20 02:06:51.200069,BestBuy,0,2.4
5287,720,336,2026-05-25 11:35:50.200071,Walmart,0,6.72
5288,555,184,2026-05-22 10:09:19.200073,Amazon,0,3.68
5289,373,38,2026-05-24 01:01:14.200075,Amazon,0,0.76
5290,484,103,2026-05-24 04:11:45.200077,Walmart,0,2.06
5291,973,94,2026-05-21 14:12:02.200079,BestBuy,0,1.88
5292,647,114,2026-05-21 16:09:15.200081,Amazon,0,2.28
5293,228,22,2026-05-23 13:04:44.200083,Amazon,0,0.44
5294,623,80,2026-05-22 08:59:12.200085,BestBuy,0,1.6
5295,307,45,2026-05-19 18:31:16.200087,Walmart,0,0.9
5296,457,39,2026-05-26 13:29:03.200089,Amazon,0,0.78
5297,160,145,2026-05-26 11:10:46.200091,Walmart,0,2.9
5298,331,218,2026-05-23 15:57:18.200094,Target,0,4.36
5299,776,151,2026-05-25 09:00:53.200096,Target,0,3.02
5300,225,242,2026-05-26 00:00:29.200098,BestBuy,1,48.4
5301,983,66,2026-05-24 11:06:11.200100,Walmart,0,1.32
5302,729,427,2026-05-23 10:18:13.200102,Amazon,0,8.54
5303,504,6,2026-05-20 19:15:29.200104,BestBuy,0,0.12
5304,456,263,2026-05-20 20:59:19.200105,Target,0,5.26
5305,45,89,2026-05-22 22:14:04.200107,Walmart,0,1.78
5306,214,91,2026-05-23 01:32:40.200109,BestBuy,0,1.82
5307,59,9,2026-05-25 21:01:02.200111,BestBuy,0,0.18
5308,644,73,2026-05-19 14:42:07.200113,Walmart,0,1.46
5309,616,45,2026-05-20 09:29:43.200115,Amazon,0,0.9
5310,195,23,2026-05-20 10:02:45.200117,Amazon,0,0.46
5311,925,114,2026-05-25 03:43:56.200119,Amazon,0,2.28
5312,489,170,2026-05-24 01:12:41.200121,Walmart,0,3.4
5313,157,67,2026-05-20 15:25:12.200123,Target,0,1.34
5314,610,47,2026-05-24 05:17:49.200125,BestBuy,0,0.94
5315,226,91,2026-05-25 11:41:24.200127,Walmart,0,1.82
5316,412,50,2026-05-23 07:39:34.200129,Amazon,0,1.0
5317,205,132,2026-05-22 08:36:43.200131,Amazon,0,2.64
5318,79,49,2026-05-21 17:27:47.200133,BestBuy,0,0.98
5319,124,154,2026-05-21 10:19:24.200135,BestBuy,0,3.08
5320,471,13,2026-05-22 11:30:17.200137,BestBuy,0,0.26
5321,940,80,2026-05-22 20:49:59.200139,BestBuy,0,1.6
5322,218,27,2026-05-21 17:20:30.200141,BestBuy,0,0.54
5323,516,68,2026-05-25 10:45:09.200143,Walmart,0,1.36
5324,602,63,2026-05-19 22:31:04.200145,Amazon,0,1.26
5325,104,272,2026-05-25 00:45:53.200147,Amazon,0,5.44
5326,393,54,2026-05-25 03:58:44.200149,Walmart,0,1.08
5327,631,69,2026-05-26 02:53:54.200151,Target,0,1.38
5328,645,161,2026-05-24 07:33:14.200153,Amazon,0,3.22
5329,824,20,2026-05-23 07:09:07.200155,Target,0,0.4
5330,608,18,2026-05-24 23:32:48.200157,Target,0,0.36
5331,980,33,2026-05-20 07:18:48.200159,Target,0,0.66
5332,434,7,2026-05-22 00:18:30.200161,Target,0,0.14
5333,331,36,2026-05-22 01:34:25.200164,Amazon,0,0.72
5334,143,109,2026-05-26 06:20:04.200167,Amazon,0,2.18
5335,800,37,2026-05-24 17:02:24.200169,Walmart,0,0.74
5336,540,180,2026-05-23 01:18:07.200171,Amazon,0,3.6
5337,278,60,2026-05-23 22:48:04.200173,Walmart,0,1.2
5338,233,96,2026-05-20 13:07:21.200175,Target,0,1.92
5339,529,136,2026-05-22 15:28:04.200177,Walmart,0,2.72
5340,571,59,2026-05-20 12:24:04.200179,Walmart,0,1.18
5341,90,129,2026-05-23 19:37:44.200181,Amazon,0,2.58
5342,492,141,2026-05-22 19:08:47.200182,Walmart,0,2.82
5343,199,297,2026-05-20 23:18:14.200185,Target,0,5.94
5344,362,73,2026-05-20 04:20:17.200187,Amazon,0,1.46
5345,441,9,2026-05-20 11:28:07.200189,Amazon,0,0.18
5346,26,70,2026-05-25 10:23:44.200190,Amazon,0,1.4
5347,25,6,2026-05-21 05:11:25.200192,BestBuy,0,0.12
5348,394,23,2026-05-21 08:36:40.200194,Target,0,0.46
5349,507,153,2026-05-19 13:57:07.200196,Walmart,0,3.06
5350,301,85,2026-05-24 01:48:34.200198,BestBuy,0,1.7
5351,339,327,2026-05-21 18:39:07.200200,Amazon,0,6.54
5352,267,112,2026-05-21 23:57:22.200202,BestBuy,0,2.24
5353,461,45,2026-05-25 10:32:20.200204,BestBuy,0,0.9
5354,693,72,2026-05-24 14:37:05.200206,Walmart,0,1.44
5355,456,75,2026-05-20 23:02:07.200208,Target,0,1.5
5356,360,29,2026-05-21 14:55:10.200210,BestBuy,0,0.58
5357,68,87,2026-05-22 00:46:37.200212,Target,0,1.74
5358,863,14,2026-05-22 05:26:18.200214,Target,0,0.28
5359,412,159,2026-05-22 21:21:26.200216,Amazon,0,3.18
5360,971,83,2026-05-21 21:52:39.200218,Amazon,0,1.66
5361,491,36,2026-05-21 03:19:58.200220,Walmart,0,0.72
5362,833,10,2026-05-22 04:45:41.200222,Walmart,0,0.2
5363,49,43,2026-05-20 02:16:51.200224,BestBuy,0,0.86
5364,687,70,2026-05-22 19:11:01.200226,Amazon,0,1.4
5365,564,108,2026-05-23 14:22:48.200228,Target,0,2.16
5366,102,196,2026-05-20 21:10:10.200230,Target,0,3.92
5367,216,91,2026-05-21 04:58:06.200232,BestBuy,0,1.82
5368,438,90,2026-05-24 14:46:52.200234,Amazon,0,1.8
5369,700,109,2026-05-26 11:41:39.200236,Walmart,0,2.18
5370,569,26,2026-05-23 18:05:45.200238,BestBuy,0,0.52
5371,559,38,2026-05-23 11:15:45.200240,Target,0,0.76
5372,159,80,2026-05-24 07:55:51.200242,Amazon,0,1.6
5373,489,22,2026-05-24 03:12:25.200244,Walmart,0,0.44
5374,686,141,2026-05-21 22:24:56.200246,Walmart,0,2.82
5375,242,24,2026-05-23 15:17:12.200248,Target,0,0.48
5376,794,8,2026-05-25 23:35:13.200250,Target,0,0.16
5377,753,231,2026-05-22 04:14:08.200252,Target,0,4.62
5378,882,40,2026-05-19 18:39:50.200254,Target,0,0.8
5379,5,164,2026-05-25 06:37:57.200256,Walmart,0,3.28
5380,596,133,2026-05-25 20:13:50.200258,Amazon,0,2.66
5381,820,135,2026-05-21 21:34:17.200260,Walmart,0,2.7
5382,361,158,2026-05-22 20:19:19.200262,Target,0,3.16
5383,459,29,2026-05-25 09:21:32.200264,Amazon,0,0.58
5384,248,253,2026-05-25 04:01:27.200266,Walmart,0,5.06
5385,566,78,2026-05-22 03:38:38.200268,Amazon,0,1.56
5386,673,93,2026-05-19 15:05:58.200270,Walmart,0,1.86
5387,946,99,2026-05-25 15:21:21.200272,Amazon,0,1.98
5388,422,32,2026-05-21 01:41:59.200274,Walmart,0,0.64
5389,923,48,2026-05-22 18:22:28.200276,Walmart,0,0.96
5390,738,95,2026-05-25 16:49:49.200278,BestBuy,0,1.9
5391,15,216,2026-05-19 21:52:58.200280,Target,0,4.32
5392,736,31,2026-05-19 16:40:21.200282,BestBuy,0,0.62
5393,573,65,2026-05-23 13:25:11.200284,Walmart,0,1.3
5394,122,81,2026-05-23 00:53:27.200286,Target,0,1.62
5395,277,93,2026-05-22 19:12:15.200288,Walmart,0,1.86
5396,558,195,2026-05-26 08:03:32.200290,BestBuy,0,3.9
5397,453,28,2026-05-21 01:20:31.200292,Amazon,0,0.56
5398,390,93,2026-05-21 12:05:39.200294,Amazon,0,1.86
5399,294,127,2026-05-19 21:05:01.200296,Target,0,2.54
5400,574,166,2026-05-23 13:15:08.200298,BestBuy,0,3.32
5401,598,92,2026-05-20 11:47:42.200300,BestBuy,0,1.84
5402,446,52,2026-05-19 19:01:08.200302,Walmart,0,1.04
5403,210,37,2026-05-25 15:52:18.200304,Target,0,0.74
5404,590,76,2026-05-23 19:10:09.200306,Amazon,0,1.52
5405,714,19,2026-05-24 21:25:25.200308,BestBuy,0,0.38
5406,302,111,2026-05-25 18:27:29.200309,Walmart,0,2.22
5407,909,138,2026-05-25 07:44:23.200311,Target,0,2.76
5408,223,216,2026-05-23 11:28:05.200314,BestBuy,1,43.2
5409,734,61,2026-05-25 09:48:41.200316,BestBuy,0,1.22
5410,3,124,2026-05-23 08:49:41.200318,Amazon,0,2.48
5411,990,180,2026-05-21 18:20:10.200320,BestBuy,0,3.6
5412,518,105,2026-05-20 20:24:10.200322,Amazon,0,2.1
5413,93,118,2026-05-24 02:41:31.200324,BestBuy,0,2.36
5414,520,118,2026-05-26 06:15:07.200326,Walmart,0,2.36
5415,428,42,2026-05-25 12:06:14.200328,Walmart,0,0.84
5416,493,115,2026-05-19 22:49:38.200330,Walmart,0,2.3
5417,235,64,2026-05-20 20:29:56.200333,Target,0,1.28
5418,620,244,2026-05-23 07:25:27.200335,Target,0,4.88
5419,161,21,2026-05-25 10:28:43.200337,Walmart,0,0.42
5420,721,211,2026-05-19 19:31:44.200339,Walmart,0,4.22
5421,752,86,2026-05-25 12:17:08.200341,Walmart,0,1.72
5422,331,70,2026-05-23 13:45:26.200343,Amazon,0,1.4
5423,333,121,2026-05-21 23:13:56.200345,Walmart,0,2.42
5424,50,23,2026-05-20 02:53:47.200347,Target,0,0.46
5425,523,48,2026-05-20 18:48:15.200349,Amazon,0,0.96
5426,863,40,2026-05-25 20:08:18.200351,Walmart,0,0.8
5427,668,56,2026-05-20 09:53:04.200353,Target,0,1.12
5428,492,257,2026-05-20 06:43:03.200355,Amazon,0,5.14
5429,582,16,2026-05-20 18:12:56.200357,Amazon,0,0.32
5430,681,168,2026-05-22 23:00:14.200359,Target,0,3.36
5431,272,38,2026-05-20 11:34:07.200361,Target,0,0.76
5432,580,76,2026-05-24 21:20:23.200363,Amazon,0,1.52
5433,867,107,2026-05-23 08:47:22.200365,Target,0,2.14
5434,252,22,2026-05-22 00:36:42.200367,Amazon,0,0.44
5435,560,35,2026-05-24 00:11:06.200369,Amazon,0,0.7
5436,696,61,2026-05-21 22:13:48.200371,Amazon,0,1.22
5437,832,49,2026-05-20 22:55:35.200373,Amazon,0,0.98
5438,699,153,2026-05-20 01:18:58.200375,Walmart,0,3.06
5439,90,113,2026-05-19 18:46:59.200377,Target,0,2.26
5440,446,19,2026-05-20 09:08:40.200379,Walmart,0,0.38
5441,332,54,2026-05-26 03:02:12.200380,Walmart,0,1.08
5442,139,76,2026-05-20 02:30:22.200382,Walmart,0,1.52
5443,357,101,2026-05-24 03:00:26.200384,Walmart,0,2.02
5444,601,68,2026-05-20 07:33:55.200386,Amazon,0,1.36
5445,274,115,2026-05-26 05:39:34.200388,Amazon,0,2.3
5446,19,50,2026-05-25 00:37:52.200390,Amazon,0,1.0
5447,983,122,2026-05-21 14:33:41.200392,BestBuy,0,2.44
5448,311,176,2026-05-24 15:04:09.200394,Amazon,0,3.52
5449,870,167,2026-05-24 19:55:08.200396,Walmart,0,3.34
5450,886,100,2026-05-23 06:01:47.200398,BestBuy,0,2.0
5451,978,81,2026-05-21 14:01:37.200400,BestBuy,0,1.62
5452,154,125,2026-05-21 03:18:33.200402,BestBuy,0,2.5
5453,390,90,2026-05-20 19:51:53.200404,Amazon,0,1.8
5454,260,99,2026-05-20 21:42:12.200406,Walmart,0,1.98
5455,620,103,2026-05-24 03:48:35.200408,Amazon,0,2.06
5456,883,201,2026-05-21 02:21:25.200410,Target,0,4.02
5457,797,56,2026-05-26 11:56:54.200412,BestBuy,0,1.12
5458,571,303,2026-05-24 04:36:36.200414,Target,0,6.06
5459,125,63,2026-05-21 20:42:54.200416,BestBuy,0,1.26
5460,354,30,2026-05-25 10:15:01.200418,BestBuy,0,0.6
5461,273,101,2026-05-23 00:00:33.200420,Target,0,2.02
5462,619,29,2026-05-19 16:49:33.200422,Target,0,0.58
5463,811,132,2026-05-22 00:27:28.200424,Amazon,0,2.64
5464,245,55,2026-05-25 13:08:39.200426,Target,0,1.1
5465,848,164,2026-05-22 06:41:10.200428,Target,0,3.28
5466,450,44,2026-05-22 17:37:39.200430,Walmart,0,0.88
5467,930,65,2026-05-21 14:41:34.200432,Target,0,1.3
5468,247,209,2026-05-20 06:53:39.200434,Amazon,0,4.18
5469,520,185,2026-05-22 00:43:17.200436,BestBuy,0,3.7
5470,141,86,2026-05-25 23:41:39.200438,BestBuy,0,1.72
5471,362,65,2026-05-21 00:44:24.200440,Walmart,0,1.3
5472,8,29,2026-05-25 20:43:49.200442,Amazon,0,0.58
5473,478,14,2026-05-25 13:12:27.200444,BestBuy,0,0.28
5474,352,31,2026-05-22 17:14:44.200446,Walmart,0,0.62
5475,996,203,2026-05-24 09:54:45.200448,BestBuy,1,40.6
5476,495,104,2026-05-22 04:26:58.200450,Amazon,0,2.08
5477,606,35,2026-05-20 20:49:32.200452,Target,0,0.7
5478,833,128,2026-05-25 15:59:09.200454,Walmart,0,2.56
5479,427,35,2026-05-24 18:54:41.200456,Target,0,0.7
5480,39,158,2026-05-26 08:35:16.200458,Amazon,0,3.16
5481,593,58,2026-05-21 09:18:51.200460,Amazon,0,1.16
5482,187,146,2026-05-19 18:26:57.200462,BestBuy,0,2.92
5483,596,14,2026-05-23 07:56:11.200464,BestBuy,0,0.28
5484,600,25,2026-05-23 21:27:19.200466,Walmart,0,0.5
5485,754,144,2026-05-19 19:25:38.200467,BestBuy,0,2.88
5486,854,152,2026-05-26 13:28:32.200469,BestBuy,0,3.04
5487,93,215,2026-05-24 14:55:43.200471,Amazon,0,4.3
5488,86,107,2026-05-20 06:24:33.200473,Amazon,0,2.14
5489,44,56,2026-05-23 15:00:24.200475,Walmart,0,1.12
5490,137,66,2026-05-23 15:16:23.200477,Target,0,1.32
5491,421,105,2026-05-24 19:07:28.200479,Walmart,0,2.1
5492,74,18,2026-05-25 09:03:29.200481,Amazon,0,0.36
5493,548,12,2026-05-24 02:38:55.200483,Amazon,0,0.24
5494,613,156,2026-05-23 04:56:15.200485,Walmart,0,3.12
5495,988,194,2026-05-25 17:50:56.200487,Walmart,0,3.88
5496,512,100,2026-05-25 12:38:53.200489,Target,0,2.0
5497,156,54,2026-05-20 10:34:29.200491,Amazon,0,1.08
5498,938,50,2026-05-20 12:29:09.200493,BestBuy,0,1.0
5499,255,74,2026-05-23 11:46:17.200495,Amazon,0,1.48
5500,171,73,2026-05-22 18:11:01.200497,BestBuy,0,1.46
5501,981,72,2026-05-25 05:18:40.200499,BestBuy,0,1.44
5502,728,105,2026-05-22 15:03:10.200502,BestBuy,0,2.1
5503,170,37,2026-05-21 07:22:42.200504,Target,0,0.74
5504,764,105,2026-05-20 07:28:21.200506,Walmart,0,2.1
5505,872,31,2026-05-25 18:39:08.200508,BestBuy,0,0.62
5506,322,99,2026-05-23 18:37:15.200510,Walmart,0,1.98
5507,567,14,2026-05-20 20:21:18.200512,BestBuy,0,0.28
5508,456,36,2026-05-25 23:41:14.200514,Target,0,0.72
5509,944,174,2026-05-26 11:42:25.200516,BestBuy,0,3.48
5510,603,121,2026-05-24 01:13:10.200518,Walmart,0,2.42
5511,790,131,2026-05-25 08:30:08.200520,Target,0,2.62
5512,613,287,2026-05-24 13:01:30.200522,Walmart,0,5.74
5513,155,74,2026-05-21 04:31:49.200524,Walmart,0,1.48
5514,889,116,2026-05-19 17:03:52.200526,Walmart,0,2.32
5515,349,56,2026-05-20 09:59:08.200528,BestBuy,0,1.12
5516,451,80,2026-05-24 06:00:32.200529,Target,0,1.6
5517,876,101,2026-05-26 08:02:17.200531,Target,0,2.02
5518,653,21,2026-05-20 05:47:04.200534,Target,0,0.42
5519,173,6,2026-05-22 11:11:36.200536,Amazon,0,0.12
5520,10,92,2026-05-25 07:53:01.200537,Amazon,0,1.84
5521,740,53,2026-05-25 23:19:36.200539,Target,0,1.06
5522,265,24,2026-05-20 04:32:00.200541,BestBuy,0,0.48
5523,438,129,2026-05-20 08:10:03.200543,Amazon,0,2.58
5524,760,79,2026-05-21 10:52:24.200545,BestBuy,0,1.58
5525,247,90,2026-05-22 13:41:26.200547,BestBuy,0,1.8
5526,667,38,2026-05-19 16:05:16.200549,Amazon,0,0.76
5527,546,82,2026-05-20 20:03:50.200551,Walmart,0,1.64
5528,499,125,2026-05-23 07:20:05.200553,Walmart,0,2.5
5529,129,36,2026-05-26 00:22:35.200555,Walmart,0,0.72
5530,672,28,2026-05-23 14:30:43.200557,Amazon,0,0.56
5531,601,254,2026-05-20 17:12:14.200559,BestBuy,1,50.8
5532,605,35,2026-05-20 03:27:09.200561,Amazon,0,0.7
5533,327,79,2026-05-26 01:04:03.200563,Target,0,1.58
5534,753,71,2026-05-24 00:10:28.200565,BestBuy,0,1.42
5535,835,22,2026-05-24 16:32:03.200567,Amazon,0,0.44
5536,980,137,2026-05-19 17:18:05.200568,BestBuy,0,2.74
5537,404,141,2026-05-22 04:47:58.200570,Amazon,0,2.82
5538,629,130,2026-05-26 03:14:11.200572,Target,0,2.6
5539,606,68,2026-05-24 05:36:56.200574,Target,0,1.36
5540,675,97,2026-05-22 07:42:44.200576,Target,0,1.94
5541,611,43,2026-05-23 06:34:02.200578,Walmart,0,0.86
5542,625,90,2026-05-23 04:57:36.200580,Target,0,1.8
5543,359,133,2026-05-22 05:32:22.200582,Walmart,0,2.66
5544,603,147,2026-05-19 15:05:15.200584,BestBuy,0,2.94
5545,858,102,2026-05-23 09:21:16.200586,BestBuy,0,2.04
5546,718,130,2026-05-22 12:12:05.200588,BestBuy,0,2.6
5547,17,108,2026-05-23 15:37:17.200590,Amazon,0,2.16
5548,274,146,2026-05-22 06:01:39.200592,Amazon,0,2.92
5549,685,71,2026-05-26 05:56:41.200594,Walmart,0,1.42
5550,116,33,2026-05-23 23:55:00.200596,Walmart,0,0.66
5551,861,41,2026-05-25 08:20:37.200598,Walmart,0,0.82
5552,980,47,2026-05-22 10:02:18.200600,Amazon,0,0.94
5553,693,255,2026-05-24 14:22:15.200602,Amazon,0,5.1
5554,91,113,2026-05-21 13:59:17.200604,BestBuy,0,2.26
5555,82,122,2026-05-25 14:00:18.200606,Target,0,2.44
5556,324,171,2026-05-20 05:11:08.200608,Target,0,3.42
5557,961,23,2026-05-25 09:34:24.200610,Amazon,0,0.46
5558,114,98,2026-05-24 02:33:09.200612,Target,0,1.96
5559,769,68,2026-05-20 05:56:58.200614,BestBuy,0,1.36
5560,58,178,2026-05-25 20:18:21.200616,Target,0,3.56
5561,154,140,2026-05-21 00:31:05.200617,Walmart,0,2.8
5562,877,105,2026-05-23 02:40:40.200619,BestBuy,0,2.1
5563,404,48,2026-05-19 19:55:42.200621,Amazon,0,0.96
5564,628,114,2026-05-26 08:39:22.200623,Walmart,0,2.28
5565,855,103,2026-05-23 03:39:54.200625,Amazon,0,2.06
5566,266,89,2026-05-21 19:11:47.200627,Amazon,0,1.78
5567,315,114,2026-05-24 13:58:25.200635,Walmart,0,2.28
5568,715,253,2026-05-20 11:05:52.200639,BestBuy,1,50.6
5569,41,128,2026-05-24 02:12:34.200641,Amazon,0,2.56
5570,105,63,2026-05-23 07:25:28.200643,Walmart,0,1.26
5571,901,44,2026-05-22 13:29:59.200645,Walmart,0,0.88
5572,890,0,2026-05-23 06:15:53.200647,Amazon,0,0.0
5573,193,40,2026-05-22 14:32:51.200649,Amazon,0,0.8
5574,401,116,2026-05-19 19:38:53.200651,BestBuy,0,2.32
5575,278,41,2026-05-20 18:05:02.200653,Walmart,0,0.82
5576,354,117,2026-05-26 13:17:05.200655,Target,0,2.34
5577,749,38,2026-05-25 08:22:07.200657,Target,0,0.76
5578,937,38,2026-05-21 20:38:59.200659,Amazon,0,0.76
5579,733,110,2026-05-25 14:06:50.200661,Amazon,0,2.2
5580,580,49,2026-05-25 16:08:03.200663,BestBuy,0,0.98
5581,709,67,2026-05-22 09:23:36.200665,Target,0,1.34
5582,256,212,2026-05-25 07:52:15.200667,Amazon,0,4.24
5583,651,36,2026-05-24 06:13:24.200669,Amazon,0,0.72
5584,824,114,2026-05-19 19:10:06.200670,Target,0,2.28
5585,947,26,2026-05-24 16:29:39.200672,Amazon,0,0.52
5586,661,84,2026-05-25 15:47:26.200674,Target,0,1.68
5587,99,76,2026-05-20 20:51:36.200678,Target,0,1.52
5588,588,77,2026-05-22 01:30:51.200680,BestBuy,0,1.54
5589,282,103,2026-05-20 07:29:17.200682,Target,0,2.06
5590,883,341,2026-05-20 23:19:42.200684,Amazon,0,6.82
5591,403,77,2026-05-23 13:40:25.200686,Walmart,0,1.54
5592,109,128,2026-05-26 05:04:50.200688,Walmart,0,2.56
5593,700,64,2026-05-26 11:24:39.200690,Walmart,0,1.28
5594,199,40,2026-05-25 05:50:21.200692,BestBuy,0,0.8
5595,303,36,2026-05-24 01:11:39.200694,Amazon,0,0.72
5596,327,259,2026-05-20 03:08:59.200696,BestBuy,1,51.8
5597,154,146,2026-05-26 12:56:35.200698,BestBuy,0,2.92
5598,552,50,2026-05-22 13:38:27.200700,BestBuy,0,1.0
5599,645,18,2026-05-26 04:31:32.200702,Amazon,0,0.36
5600,405,181,2026-05-26 05:00:56.200704,Amazon,0,3.62
5601,462,79,2026-05-24 21:43:40.200706,Amazon,0,1.58
5602,132,127,2026-05-26 12:19:17.200708,Walmart,0,2.54
5603,791,50,2026-05-22 19:18:15.200710,Target,0,1.0
5604,874,68,2026-05-24 16:56:38.200712,Amazon,0,1.36
5605,84,49,2026-05-25 12:36:18.200714,Amazon,0,0.98
5606,399,93,2026-05-23 21:54:18.200716,BestBuy,0,1.86
5607,754,149,2026-05-20 05:33:19.200718,Amazon,0,2.98
5608,628,119,2026-05-20 06:36:02.200720,Target,0,2.38
5609,109,135,2026-05-25 22:31:46.200722,Walmart,0,2.7
5610,221,270,2026-05-21 00:34:18.200724,Amazon,0,5.4
5611,904,126,2026-05-21 06:14:54.200726,Walmart,0,2.52
5612,553,51,2026-05-19 23:40:38.200728,Amazon,0,1.02
5613,368,48,2026-05-26 00:21:36.200730,Walmart,0,0.96
5614,147,148,2026-05-22 13:07:44.200732,Amazon,0,2.96
5615,112,134,2026-05-21 17:17:58.200734,BestBuy,0,2.68
5616,615,239,2026-05-26 02:12:50.200736,Walmart,0,4.78
5617,558,48,2026-05-21 21:19:34.200738,BestBuy,0,0.96
5618,924,107,2026-05-24 05:16:54.200740,BestBuy,0,2.14
5619,494,71,2026-05-21 00:41:31.200742,Amazon,0,1.42
5620,505,20,2026-05-20 13:09:34.200744,BestBuy,0,0.4
5621,475,40,2026-05-22 07:03:47.200746,BestBuy,0,0.8
5622,836,67,2026-05-20 12:07:22.200748,Amazon,0,1.34
5623,890,29,2026-05-20 19:37:39.200750,BestBuy,0,0.58
5624,271,51,2026-05-19 15:53:34.200752,Walmart,0,1.02
5625,995,206,2026-05-21 22:30:57.200754,Walmart,0,4.12
5626,421,173,2026-05-24 20:59:43.200756,Target,0,3.46
5627,897,62,2026-05-26 06:21:36.200758,Target,0,1.24
5628,707,50,2026-05-21 23:13:46.200760,Target,0,1.0
5629,367,1,2026-05-26 10:39:14.200762,Target,0,0.02
5630,280,20,2026-05-23 02:15:26.200764,BestBuy,0,0.4
5631,283,81,2026-05-24 14:53:23.200766,Walmart,0,1.62
5632,40,87,2026-05-26 13:04:45.200768,Target,0,1.74
5633,959,8,2026-05-21 10:26:24.200770,BestBuy,0,0.16
5634,189,78,2026-05-22 05:39:27.200772,Amazon,0,1.56
5635,164,151,2026-05-22 04:45:39.200774,Walmart,0,3.02
5636,994,100,2026-05-20 04:17:38.200776,Amazon,0,2.0
5637,989,102,2026-05-24 06:57:41.200778,Target,0,2.04
5638,536,79,2026-05-26 02:56:09.200780,Target,0,1.58
5639,536,103,2026-05-24 09:07:44.200782,Target,0,2.06
5640,4,188,2026-05-21 08:48:54.200784,Walmart,0,3.76
5641,835,114,2026-05-20 19:44:56.200786,Amazon,0,2.28
5642,290,37,2026-05-25 03:18:54.200788,Amazon,0,0.74
5643,953,145,2026-05-25 23:40:51.200790,Walmart,0,2.9
5644,433,66,2026-05-24 04:20:58.200792,Target,0,1.32
5645,471,46,2026-05-23 09:54:38.200794,Target,0,0.92
5646,181,350,2026-05-25 14:44:49.200796,BestBuy,1,70.0
5647,248,78,2026-05-23 10:13:36.200798,Walmart,0,1.56
5648,628,40,2026-05-24 04:31:12.200800,Amazon,0,0.8
5649,279,59,2026-05-21 11:16:24.200801,BestBuy,0,1.18
5650,877,66,2026-05-23 02:31:39.200803,Amazon,0,1.32
5651,581,126,2026-05-24 22:48:53.200805,Amazon,0,2.52
5652,863,109,2026-05-22 13:11:51.200808,BestBuy,0,2.18
5653,254,136,2026-05-24 02:23:44.200810,Amazon,0,2.72
5654,181,177,2026-05-22 11:34:03.200812,BestBuy,0,3.54
5655,830,209,2026-05-25 14:12:42.200813,BestBuy,1,41.8
5656,681,197,2026-05-24 01:06:22.200815,BestBuy,0,3.94
5657,825,13,2026-05-24 17:28:14.200817,Target,0,0.26
5658,509,261,2026-05-24 08:26:36.200820,Target,0,5.22
5659,761,48,2026-05-25 05:07:59.200822,Walmart,0,0.96
5660,700,121,2026-05-24 20:35:51.200823,Walmart,0,2.42
5661,566,124,2026-05-24 09:12:41.200826,BestBuy,0,2.48
5662,326,74,2026-05-22 10:12:38.200828,Walmart,0,1.48
5663,357,49,2026-05-22 04:47:01.200829,Target,0,0.98
5664,825,23,2026-05-25 05:03:30.200831,Target,0,0.46
5665,650,86,2026-05-21 08:54:14.200833,BestBuy,0,1.72
5666,680,76,2026-05-23 14:29:10.200835,Target,0,1.52
5667,391,31,2026-05-23 22:05:07.200838,BestBuy,0,0.62
5668,615,81,2026-05-26 11:41:55.200839,Walmart,0,1.62
5669,934,116,2026-05-25 18:57:14.200841,Target,0,2.32
5670,85,297,2026-05-24 22:39:31.200843,BestBuy,1,59.4
5671,317,53,2026-05-23 00:55:45.200845,BestBuy,0,1.06
5672,212,56,2026-05-22 07:47:00.200847,Amazon,0,1.12
5673,515,177,2026-05-19 22:37:54.200851,BestBuy,0,3.54
5674,384,90,2026-05-22 20:19:23.200853,BestBuy,0,1.8
5675,691,19,2026-05-25 01:21:19.200855,Target,0,0.38
5676,342,50,2026-05-21 04:59:33.200857,Amazon,0,1.0
5677,815,55,2026-05-24 02:47:46.200859,Amazon,0,1.1
5678,964,100,2026-05-22 14:56:42.200861,Amazon,0,2.0
5679,988,30,2026-05-25 18:33:26.200863,Target,0,0.6
5680,844,23,2026-05-20 14:19:59.200865,Walmart,0,0.46
5681,38,57,2026-05-22 00:43:19.200867,BestBuy,0,1.14
5682,511,59,2026-05-25 11:49:54.200869,Amazon,0,1.18
5683,420,35,2026-05-19 14:36:29.200870,Amazon,0,0.7
5684,751,30,2026-05-21 19:48:32.200872,Target,0,0.6
5685,169,154,2026-05-21 09:24:22.200874,Target,0,3.08
5686,965,64,2026-05-25 11:12:30.200876,Amazon,0,1.28
5687,909,150,2026-05-23 04:27:29.200878,Walmart,0,3.0
5688,343,125,2026-05-21 11:32:12.200880,Target,0,2.5
5689,826,48,2026-05-20 12:12:36.200882,Amazon,0,0.96
5690,306,41,2026-05-23 05:44:23.200884,Walmart,0,0.82
5691,542,187,2026-05-19 15:18:46.200886,Target,0,3.74
5692,702,126,2026-05-22 01:57:25.200888,Walmart,0,2.52
5693,869,79,2026-05-25 16:37:13.200890,Amazon,0,1.58
5694,537,160,2026-05-23 22:20:03.200892,Walmart,0,3.2
5695,112,29,2026-05-22 09:14:37.200894,Amazon,0,0.58
5696,411,245,2026-05-24 16:22:33.200896,Target,0,4.9
5697,947,53,2026-05-21 12:56:04.200898,BestBuy,0,1.06
5698,206,26,2026-05-22 19:21:38.200900,BestBuy,0,0.52
5699,185,66,2026-05-20 09:47:44.200902,Amazon,0,1.32
5700,382,32,2026-05-25 07:55:32.200904,BestBuy,0,0.64
5701,496,94,2026-05-19 20:48:21.200906,Amazon,0,1.88
5702,379,64,2026-05-23 10:25:04.200908,BestBuy,0,1.28
5703,47,64,2026-05-23 00:14:47.200910,BestBuy,0,1.28
5704,886,272,2026-05-24 03:56:08.200912,Target,0,5.44
5705,740,115,2026-05-22 17:38:42.200914,Amazon,0,2.3
5706,551,46,2026-05-24 19:05:34.200916,Walmart,0,0.92
5707,528,84,2026-05-22 16:28:47.200918,Target,0,1.68
5708,504,188,2026-05-22 16:39:52.200920,Walmart,0,3.76
5709,22,62,2026-05-21 08:53:26.200922,Target,0,1.24
5710,213,87,2026-05-25 22:28:38.200923,Amazon,0,1.74
5711,310,52,2026-05-25 22:18:50.200925,Walmart,0,1.04
5712,661,158,2026-05-20 21:39:47.200927,Target,0,3.16
5713,968,84,2026-05-24 20:02:23.200929,BestBuy,0,1.68
5714,753,202,2026-05-21 09:58:48.200931,Walmart,0,4.04
5715,272,98,2026-05-23 15:11:06.200933,Target,0,1.96
5716,571,67,2026-05-25 05:39:48.200935,Target,0,1.34
5717,799,73,2026-05-21 15:32:49.200937,Walmart,0,1.46
5718,938,249,2026-05-22 23:19:38.200939,BestBuy,1,49.8
5719,202,90,2026-05-20 22:35:57.200941,Walmart,0,1.8
5720,32,45,2026-05-22 12:31:06.200943,Walmart,0,0.9
5721,443,64,2026-05-22 02:38:37.200945,Walmart,0,1.28
5722,162,240,2026-05-25 01:38:51.200947,Target,0,4.8
5723,767,29,2026-05-23 22:20:33.200949,BestBuy,0,0.58
5724,254,50,2026-05-23 10:20:28.200951,Walmart,0,1.0
5725,521,176,2026-05-20 14:33:46.200953,Walmart,0,3.52
5726,977,132,2026-05-21 04:16:11.200955,Walmart,0,2.64
5727,651,41,2026-05-25 17:20:03.200957,Walmart,0,0.82
5728,480,68,2026-05-21 04:27:09.200959,Walmart,0,1.36
5729,10,52,2026-05-20 03:17:29.200961,Walmart,0,1.04
5730,726,239,2026-05-21 08:15:51.200963,BestBuy,1,47.8
5731,505,106,2026-05-20 04:52:31.200965,BestBuy,0,2.12
5732,785,69,2026-05-20 04:08:36.200967,BestBuy,0,1.38
5733,836,72,2026-05-25 11:07:17.200969,Amazon,0,1.44
5734,560,53,2026-05-22 23:18:21.200971,Amazon,0,1.06
5735,436,173,2026-05-25 05:59:26.200973,Target,0,3.46
5736,111,129,2026-05-26 04:05:42.200975,BestBuy,0,2.58
5737,153,171,2026-05-25 04:43:22.200977,BestBuy,0,3.42
5738,635,72,2026-05-24 18:35:08.200979,BestBuy,0,1.44
5739,917,56,2026-05-21 06:03:11.200980,Walmart,0,1.12
5740,869,117,2026-05-23 03:06:00.200982,Walmart,0,2.34
5741,102,93,2026-05-22 07:11:53.200984,Target,0,1.86
5742,753,298,2026-05-19 17:54:46.200986,BestBuy,1,59.6
5743,833,69,2026-05-24 19:08:04.200988,Walmart,0,1.38
5744,191,57,2026-05-22 17:33:03.200990,BestBuy,0,1.14
5745,729,90,2026-05-21 01:01:56.200992,BestBuy,0,1.8
5746,563,43,2026-05-21 09:59:57.200994,Walmart,0,0.86
5747,804,118,2026-05-24 16:25:10.200996,Walmart,0,2.36
5748,81,36,2026-05-25 17:17:37.200998,Amazon,0,0.72
5749,489,107,2026-05-23 21:38:05.201000,Walmart,0,2.14
5750,895,92,2026-05-25 08:50:25.201002,Amazon,0,1.84
5751,88,253,2026-05-25 00:03:05.201004,Walmart,0,5.06
5752,194,103,2026-05-22 06:56:46.201006,BestBuy,0,2.06
5753,104,45,2026-05-24 06:47:42.201008,Walmart,0,0.9
5754,783,130,2026-05-25 04:42:38.201010,Target,0,2.6
5755,96,47,2026-05-20 18:38:33.201012,BestBuy,0,0.94
5756,423,121,2026-05-22 09:42:48.201014,Target,0,2.42
5757,891,69,2026-05-22 12:12:18.201017,BestBuy,0,1.38
5758,198,38,2026-05-19 17:03:55.201019,Walmart,0,0.76
5759,1,30,2026-05-26 12:06:18.201021,Walmart,0,0.6
5760,407,221,2026-05-23 10:43:10.201023,Walmart,0,4.42
5761,378,27,2026-05-19 21:47:26.201025,Amazon,0,0.54
5762,167,97,2026-05-21 08:07:55.201027,Walmart,0,1.94
5763,509,179,2026-05-24 09:26:24.201029,Target,0,3.58
5764,638,45,2026-05-20 21:39:32.201031,Amazon,0,0.9
5765,313,70,2026-05-22 02:00:46.201033,Walmart,0,1.4
5766,593,226,2026-05-24 14:55:00.201035,Amazon,0,4.52
5767,418,64,2026-05-23 05:59:12.201037,Amazon,0,1.28
5768,763,56,2026-05-19 19:30:41.201039,BestBuy,0,1.12
5769,681,52,2026-05-22 08:30:28.201041,Amazon,0,1.04
5770,477,155,2026-05-25 07:41:59.201043,Amazon,0,3.1
5771,73,101,2026-05-25 15:58:09.201045,BestBuy,0,2.02
5772,141,74,2026-05-20 12:16:28.201047,Walmart,0,1.48
5773,582,151,2026-05-23 02:07:06.201049,Target,0,3.02
5774,262,176,2026-05-20 10:10:23.201051,Amazon,0,3.52
5775,340,49,2026-05-21 21:53:06.201053,Target,0,0.98
5776,308,35,2026-05-25 14:03:31.201055,Amazon,0,0.7
5777,245,84,2026-05-21 00:04:11.201057,Target,0,1.68
5778,515,188,2026-05-23 01:36:01.201059,BestBuy,0,3.76
5779,337,75,2026-05-19 18:43:26.201061,Amazon,0,1.5
5780,575,124,2026-05-20 04:45:11.201063,Amazon,0,2.48
5781,561,34,2026-05-20 14:25:42.201065,Walmart,0,0.68
5782,76,84,2026-05-22 19:57:38.201067,Walmart,0,1.68
5783,880,160,2026-05-21 05:21:38.201069,Amazon,0,3.2
5784,175,198,2026-05-20 05:46:17.201071,BestBuy,0,3.96
5785,109,114,2026-05-25 16:50:23.201073,Target,0,2.28
5786,183,89,2026-05-24 06:41:14.201075,Walmart,0,1.78
5787,192,97,2026-05-25 14:48:35.201077,Walmart,0,1.94
5788,65,145,2026-05-21 22:11:04.201078,Walmart,0,2.9
5789,849,113,2026-05-24 17:52:20.201080,Walmart,0,2.26
5790,963,38,2026-05-25 20:16:55.201082,BestBuy,0,0.76
5791,474,29,2026-05-25 18:41:12.201084,Amazon,0,0.58
5792,783,45,2026-05-25 16:47:51.201086,Target,0,0.9
5793,100,59,2026-05-20 06:38:56.201088,Walmart,0,1.18
5794,544,244,2026-05-24 14:05:49.201090,BestBuy,1,48.8
5795,864,193,2026-05-19 13:44:56.201092,BestBuy,0,3.86
5796,128,79,2026-05-19 16:45:12.201094,Walmart,0,1.58
5797,452,99,2026-05-22 22:24:28.201096,Target,0,1.98
5798,914,65,2026-05-20 06:21:48.201098,Walmart,0,1.3
5799,369,50,2026-05-20 15:09:34.201100,BestBuy,0,1.0
5800,851,158,2026-05-26 06:26:36.201102,Target,0,3.16
5801,43,27,2026-05-22 01:07:26.201104,BestBuy,0,0.54
5802,884,150,2026-05-20 20:10:27.201106,Amazon,0,3.0
5803,419,73,2026-05-20 07:03:13.201108,BestBuy,0,1.46
5804,488,47,2026-05-25 17:19:08.201110,Walmart,0,0.94
5805,78,23,2026-05-24 19:42:48.201112,Target,0,0.46
5806,826,63,2026-05-21 13:16:27.201114,Walmart,0,1.26
5807,801,62,2026-05-22 07:28:13.201116,Amazon,0,1.24
5808,270,116,2026-05-23 00:43:32.201118,Target,0,2.32
5809,674,117,2026-05-26 01:53:06.201120,Target,0,2.34
5810,701,36,2026-05-25 04:55:14.201121,Target,0,0.72
5811,759,79,2026-05-22 00:18:41.201123,BestBuy,0,1.58
5812,900,213,2026-05-26 01:34:25.201125,Walmart,0,4.26
5813,728,65,2026-05-26 10:57:51.201127,Target,0,1.3
5814,315,31,2026-05-24 13:19:57.201129,Target,0,0.62
5815,925,340,2026-05-25 14:01:21.201131,Target,0,6.8
5816,851,34,2026-05-25 00:46:20.201133,Amazon,0,0.68
5817,902,172,2026-05-21 05:38:52.201135,Target,0,3.44
5818,889,122,2026-05-22 20:55:28.201137,BestBuy,0,2.44
5819,993,66,2026-05-24 20:55:59.201139,BestBuy,0,1.32
5820,945,31,2026-05-25 15:56:18.201141,Target,0,0.62
5821,168,107,2026-05-20 14:03:01.201143,BestBuy,0,2.14
5822,339,109,2026-05-21 12:58:17.201145,BestBuy,0,2.18
5823,193,131,2026-05-24 06:31:38.201147,Target,0,2.62
5824,453,66,2026-05-25 15:18:24.201149,BestBuy,0,1.32
5825,283,32,2026-05-26 11:23:46.201151,Amazon,0,0.64
5826,336,159,2026-05-26 08:23:20.201153,Target,0,3.18
5827,390,50,2026-05-19 19:19:41.201155,Walmart,0,1.0
5828,1000,44,2026-05-24 19:16:01.201157,BestBuy,0,0.88
5829,525,135,2026-05-24 18:08:26.201159,Target,0,2.7
5830,240,68,2026-05-21 07:20:10.201161,Walmart,0,1.36
5831,832,101,2026-05-21 09:58:02.201163,Amazon,0,2.02
5832,958,118,2026-05-23 03:05:26.201165,Amazon,0,2.36
5833,483,205,2026-05-21 14:58:34.201167,Target,0,4.1
5834,659,85,2026-05-25 17:02:52.201169,Target,0,1.7
5835,716,156,2026-05-25 06:17:24.201171,Amazon,0,3.12
5836,592,69,2026-05-26 00:37:38.201173,Amazon,0,1.38
5837,891,195,2026-05-20 11:34:34.201175,Amazon,0,3.9
5838,555,252,2026-05-21 05:12:01.201176,Walmart,0,5.04
5839,458,396,2026-05-24 22:02:29.201178,Walmart,0,7.92
5840,89,87,2026-05-24 11:01:46.201180,Target,0,1.74
5841,660,160,2026-05-22 21:37:21.201182,Walmart,0,3.2
5842,95,113,2026-05-21 01:24:24.201186,BestBuy,0,2.26
5843,452,81,2026-05-21 16:52:44.201188,Amazon,0,1.62
5844,428,47,2026-05-25 04:26:12.201190,Target,0,0.94
5845,151,53,2026-05-21 19:49:20.201192,Walmart,0,1.06
5846,514,72,2026-05-24 07:41:50.201194,Target,0,1.44
5847,376,171,2026-05-21 10:59:01.201196,Walmart,0,3.42
5848,22,37,2026-05-24 00:41:20.201198,Target,0,0.74
5849,883,80,2026-05-20 10:46:29.201200,Amazon,0,1.6
5850,313,79,2026-05-25 12:26:31.201202,Amazon,0,1.58
5851,997,59,2026-05-24 16:39:00.201204,Amazon,0,1.18
5852,840,38,2026-05-22 10:01:37.201206,Walmart,0,0.76
5853,519,80,2026-05-22 08:15:10.201208,Target,0,1.6
5854,206,4,2026-05-26 01:09:48.201210,Target,0,0.08
5855,952,218,2026-05-23 00:39:39.201212,Target,0,4.36
5856,375,13,2026-05-22 23:57:13.201214,BestBuy,0,0.26
5857,451,27,2026-05-25 16:45:04.201216,Walmart,0,0.54
5858,626,158,2026-05-25 16:22:09.201218,Amazon,0,3.16
5859,784,57,2026-05-21 21:37:03.201220,Amazon,0,1.14
5860,595,100,2026-05-25 01:14:28.201222,Target,0,2.0
5861,179,176,2026-05-19 23:39:30.201224,Target,0,3.52
5862,210,30,2026-05-23 13:58:06.201225,BestBuy,0,0.6
5863,500,25,2026-05-24 19:17:15.201227,Walmart,0,0.5
5864,464,80,2026-05-23 06:32:29.201229,Target,0,1.6
5865,840,60,2026-05-23 00:45:36.201231,Target,0,1.2
5866,124,33,2026-05-26 06:14:15.201233,Walmart,0,0.66
5867,993,48,2026-05-22 07:26:16.201235,Target,0,0.96
5868,113,11,2026-05-20 12:59:44.201237,Amazon,0,0.22
5869,12,150,2026-05-24 19:16:18.201239,Walmart,0,3.0
5870,126,150,2026-05-26 05:07:46.201241,Amazon,0,3.0
5871,565,55,2026-05-23 16:34:55.201243,BestBuy,0,1.1
5872,331,84,2026-05-24 16:25:29.201245,Target,0,1.68
5873,901,105,2026-05-23 09:58:09.201247,Target,0,2.1
5874,283,96,2026-05-23 03:41:43.201249,Walmart,0,1.92
5875,140,131,2026-05-22 05:37:00.201251,BestBuy,0,2.62
5876,401,52,2026-05-22 18:09:26.201253,Walmart,0,1.04
5877,902,167,2026-05-20 18:46:10.201255,BestBuy,0,3.34
5878,97,157,2026-05-22 07:09:38.201257,Walmart,0,3.14
5879,517,66,2026-05-26 11:53:52.201259,Walmart,0,1.32
5880,569,88,2026-05-22 21:11:33.201261,Target,0,1.76
5881,924,188,2026-05-20 14:27:54.201263,Target,0,3.76
5882,846,93,2026-05-25 13:28:37.201265,BestBuy,0,1.86
5883,69,88,2026-05-21 13:04:42.201267,Amazon,0,1.76
5884,118,61,2026-05-23 21:50:17.201269,Amazon,0,1.22
5885,888,117,2026-05-20 13:19:53.201271,Walmart,0,2.34
5886,59,51,2026-05-19 17:17:31.201273,Target,0,1.02
5887,33,170,2026-05-21 21:33:06.201275,Walmart,0,3.4
5888,318,25,2026-05-25 03:49:23.201277,BestBuy,0,0.5
5889,50,105,2026-05-25 11:17:23.201279,Walmart,0,2.1
5890,880,56,2026-05-23 21:22:57.201281,Walmart,0,1.12
5891,489,44,2026-05-25 08:23:10.201283,Walmart,0,0.88
5892,19,210,2026-05-20 09:29:57.201285,BestBuy,1,42.0
5893,726,159,2026-05-21 20:22:30.201287,BestBuy,0,3.18
5894,197,38,2026-05-22 07:20:56.201289,Walmart,0,0.76
5895,891,113,2026-05-21 09:19:45.201291,Target,0,2.26
5896,450,124,2026-05-23 00:54:33.201293,BestBuy,0,2.48
5897,990,18,2026-05-26 07:15:14.201295,Amazon,0,0.36
5898,559,105,2026-05-22 08:45:59.201297,Walmart,0,2.1
5899,679,152,2026-05-26 04:59:36.201299,Target,0,3.04
5900,452,115,2026-05-20 07:53:26.201301,BestBuy,0,2.3
5901,289,43,2026-05-23 09:08:45.201303,Walmart,0,0.86
5902,141,153,2026-05-22 17:11:22.201305,Target,0,3.06
5903,84,73,2026-05-25 16:55:47.201307,Amazon,0,1.46
5904,694,54,2026-05-26 04:59:56.201309,BestBuy,0,1.08
5905,391,58,2026-05-20 15:29:53.201311,BestBuy,0,1.16
5906,591,61,2026-05-23 12:33:18.201313,Amazon,0,1.22
5907,215,63,2026-05-25 00:51:30.201315,BestBuy,0,1.26
5908,526,229,2026-05-24 02:00:37.201317,Target,0,4.58
5909,215,186,2026-05-21 06:46:40.201319,BestBuy,0,3.72
5910,403,102,2026-05-26 00:51:51.201321,Walmart,0,2.04
5911,128,40,2026-05-21 05:21:03.201323,Amazon,0,0.8
5912,822,147,2026-05-23 01:52:58.201325,Walmart,0,2.94
5913,477,36,2026-05-20 00:30:41.201327,BestBuy,0,0.72
5914,760,304,2026-05-22 18:23:32.201329,Walmart,0,6.08
5915,404,190,2026-05-26 00:31:32.201331,Target,0,3.8
5916,29,130,2026-05-20 09:10:59.201333,Walmart,0,2.6
5917,792,91,2026-05-21 20:02:00.201335,Target,0,1.82
5918,338,98,2026-05-22 16:47:59.201337,Target,0,1.96
5919,831,76,2026-05-24 03:10:09.201339,Target,0,1.52
5920,714,151,2026-05-20 01:04:13.201341,Amazon,0,3.02
5921,361,91,2026-05-22 14:04:48.201343,Walmart,0,1.82
5922,569,121,2026-05-23 22:42:44.201345,Target,0,2.42
5923,392,228,2026-05-23 03:39:38.201347,Target,0,4.56
5924,218,91,2026-05-19 16:36:25.201349,Walmart,0,1.82
5925,574,226,2026-05-23 08:50:07.201351,BestBuy,1,45.2
5926,669,126,2026-05-20 15:28:02.201353,Amazon,0,2.52
5927,202,127,2026-05-22 14:19:45.201356,Target,0,2.54
5928,17,38,2026-05-26 00:10:10.201358,BestBuy,0,0.76
5929,322,177,2026-05-20 17:31:59.201360,BestBuy,0,3.54
5930,518,49,2026-05-24 13:51:54.201362,BestBuy,0,0.98
5931,570,71,2026-05-23 09:34:17.201364,Target,0,1.42
5932,325,193,2026-05-21 18:22:20.201366,Target,0,3.86
5933,412,61,2026-05-24 09:29:02.201368,Target,0,1.22
5934,318,107,2026-05-26 01:28:28.201370,Walmart,0,2.14
5935,681,74,2026-05-22 20:59:58.201371,Target,0,1.48
5936,965,32,2026-05-21 05:07:08.201373,Amazon,0,0.64
5937,82,51,2026-05-19 21:50:58.201375,Walmart,0,1.02
5938,474,57,2026-05-21 03:59:29.201377,Amazon,0,1.14
5939,468,89,2026-05-23 09:28:34.201380,BestBuy,0,1.78
5940,425,38,2026-05-25 11:07:24.201381,Walmart,0,0.76
5941,945,50,2026-05-22 20:33:33.201383,Walmart,0,1.0
5942,731,43,2026-05-19 16:52:43.201385,Walmart,0,0.86
5943,689,101,2026-05-20 12:45:10.201387,Amazon,0,2.02
5944,204,69,2026-05-19 20:24:47.201389,Amazon,0,1.38
5945,583,26,2026-05-21 18:36:44.201391,BestBuy,0,0.52
5946,387,52,2026-05-20 10:09:08.201393,Target,0,1.04
5947,778,156,2026-05-26 05:15:38.201395,Amazon,0,3.12
5948,98,94,2026-05-21 13:08:25.201397,BestBuy,0,1.88
5949,345,28,2026-05-25 08:46:29.201399,Target,0,0.56
5950,803,67,2026-05-24 19:27:24.201401,Walmart,0,1.34
5951,208,0,2026-05-19 19:11:48.201403,Target,0,0.0
5952,514,107,2026-05-23 01:45:46.201405,Amazon,0,2.14
5953,636,6,2026-05-22 20:49:09.201407,BestBuy,0,0.12
5954,792,46,2026-05-19 16:08:54.201409,Walmart,0,0.92
5955,586,9,2026-05-25 23:03:33.201411,Walmart,0,0.18
5956,166,97,2026-05-20 17:01:56.201413,Target,0,1.94
5957,22,189,2026-05-24 06:26:34.201415,Target,0,3.78
5958,154,26,2026-05-22 19:08:43.201417,Amazon,0,0.52
5959,939,145,2026-05-25 09:45:22.201419,Walmart,0,2.9
5960,439,44,2026-05-21 22:55:32.201421,Target,0,0.88
5961,295,108,2026-05-19 16:57:50.201423,Walmart,0,2.16
5962,219,226,2026-05-25 08:13:24.201425,BestBuy,1,45.2
5963,669,159,2026-05-20 17:11:40.201427,BestBuy,0,3.18
5964,495,36,2026-05-22 10:47:10.201429,Amazon,0,0.72
5965,230,200,2026-05-22 17:01:22.201431,Walmart,0,4.0
5966,20,114,2026-05-21 08:47:17.201433,Target,0,2.28
5967,987,54,2026-05-20 11:14:27.201435,BestBuy,0,1.08
5968,553,86,2026-05-22 13:37:08.201437,BestBuy,0,1.72
5969,950,36,2026-05-20 23:28:24.201439,Amazon,0,0.72
5970,148,172,2026-05-20 05:50:28.201441,BestBuy,0,3.44
5971,108,7,2026-05-19 15:31:24.201443,Amazon,0,0.14
5972,403,182,2026-05-22 01:45:21.201445,Walmart,0,3.64
5973,596,10,2026-05-24 12:01:15.201447,Target,0,0.2
5974,483,76,2026-05-22 15:35:13.201449,Walmart,0,1.52
5975,367,190,2026-05-25 16:17:12.201451,Walmart,0,3.8
5976,834,188,2026-05-25 15:08:41.201453,Walmart,0,3.76
5977,414,67,2026-05-22 03:26:41.201455,Target,0,1.34
5978,309,139,2026-05-19 13:41:49.201457,Walmart,0,2.78
5979,802,52,2026-05-23 14:31:18.201459,Walmart,0,1.04
5980,918,44,2026-05-22 03:35:07.201461,Amazon,0,0.88
5981,835,47,2026-05-26 06:23:18.201463,Amazon,0,0.94
5982,134,74,2026-05-23 02:14:13.201465,Amazon,0,1.48
5983,719,13,2026-05-19 18:21:42.201467,Target,0,0.26
5984,283,189,2026-05-19 22:35:47.201469,BestBuy,0,3.78
5985,778,134,2026-05-26 06:22:07.201471,BestBuy,0,2.68
5986,73,123,2026-05-24 01:30:58.201472,Walmart,0,2.46
5987,481,81,2026-05-24 05:22:47.201474,BestBuy,0,1.62
5988,352,223,2026-05-24 09:52:09.201476,Walmart,0,4.46
5989,560,51,2026-05-22 16:49:36.201478,Amazon,0,1.02
5990,326,138,2026-05-21 11:41:30.201480,Walmart,0,2.76
5991,745,119,2026-05-26 00:16:04.201482,Target,0,2.38
5992,443,45,2026-05-21 05:41:48.201484,BestBuy,0,0.9
5993,100,36,2026-05-22 09:00:47.201486,Walmart,0,0.72
5994,59,93,2026-05-22 04:24:59.201488,Amazon,0,1.86
5995,508,130,2026-05-24 20:52:50.201490,Target,0,2.6
5996,258,65,2026-05-19 14:46:03.201492,Walmart,0,1.3
5997,413,23,2026-05-21 08:12:52.201494,Walmart,0,0.46
5998,452,105,2026-05-25 15:50:32.201496,Walmart,0,2.1
5999,65,101,2026-05-23 07:25:28.201498,Target,0,2.02
6000,595,65,2026-05-23 20:17:14.201500,Walmart,0,1.3
6001,154,4,2026-05-23 11:49:11.201502,Amazon,0,0.08
6002,985,116,2026-05-21 00:35:02.201504,Amazon,0,2.32
6003,266,99,2026-05-22 12:28:02.201506,Amazon,0,1.98
6004,821,108,2026-05-23 23:52:32.201508,Amazon,0,2.16
6005,79,147,2026-05-23 14:14:33.201510,Target,0,2.94
6006,315,84,2026-05-22 00:00:50.201512,Amazon,0,1.68
6007,662,33,2026-05-23 07:10:46.201514,Amazon,0,0.66
6008,947,114,2026-05-19 23:35:46.201516,BestBuy,0,2.28
6009,560,107,2026-05-23 02:56:39.201518,Amazon,0,2.14
6010,917,25,2026-05-20 22:46:26.201520,Target,0,0.5
6011,891,86,2026-05-25 05:51:40.201522,BestBuy,0,1.72
6012,248,30,2026-05-20 06:22:33.201524,BestBuy,0,0.6
6013,790,157,2026-05-25 05:19:30.201527,Target,0,3.14
6014,868,59,2026-05-21 05:26:22.201529,BestBuy,0,1.18
6015,610,31,2026-05-25 10:32:19.201531,Walmart,0,0.62
6016,414,44,2026-05-25 09:48:52.201533,Amazon,0,0.88
6017,25,71,2026-05-25 06:23:46.201535,Walmart,0,1.42
6018,284,139,2026-05-20 14:32:52.201537,Target,0,2.78
6019,449,99,2026-05-20 09:33:45.201539,Walmart,0,1.98
6020,881,49,2026-05-22 00:05:31.201541,Target,0,0.98
6021,301,106,2026-05-20 08:46:33.201543,Walmart,0,2.12
6022,68,71,2026-05-20 09:05:29.201545,Amazon,0,1.42
6023,7,96,2026-05-21 21:30:54.201547,Target,0,1.92
6024,817,12,2026-05-24 12:25:36.201549,Target,0,0.24
6025,137,53,2026-05-22 00:05:10.201551,Target,0,1.06
6026,164,19,2026-05-21 02:51:21.201553,BestBuy,0,0.38
6027,83,39,2026-05-23 05:31:54.201555,Amazon,0,0.78
6028,897,80,2026-05-26 02:30:40.201556,BestBuy,0,1.6
6029,650,127,2026-05-21 20:23:09.201558,BestBuy,0,2.54
6030,420,160,2026-05-25 13:22:30.201560,Amazon,0,3.2
6031,73,163,2026-05-21 14:05:27.201562,Target,0,3.26
6032,237,113,2026-05-20 13:43:49.201564,BestBuy,0,2.26
6033,46,78,2026-05-24 16:50:45.201566,BestBuy,0,1.56
6034,618,86,2026-05-24 20:01:44.201568,Target,0,1.72
6035,928,59,2026-05-24 08:56:42.201570,Amazon,0,1.18
6036,800,145,2026-05-23 22:07:54.201572,Amazon,0,2.9
6037,262,215,2026-05-25 19:25:16.201574,Amazon,0,4.3
6038,176,199,2026-05-21 16:37:33.201576,BestBuy,0,3.98
6039,166,93,2026-05-20 09:30:44.201578,Amazon,0,1.86
6040,657,48,2026-05-23 20:16:53.201580,Amazon,0,0.96
6041,842,120,2026-05-22 18:06:49.201582,BestBuy,0,2.4
6042,370,44,2026-05-23 18:17:07.201584,Amazon,0,0.88
6043,795,83,2026-05-19 18:32:44.201586,Walmart,0,1.66
6044,54,62,2026-05-26 05:35:47.201588,Amazon,0,1.24
6045,690,114,2026-05-26 09:18:29.201590,Amazon,0,2.28
6046,419,94,2026-05-22 09:25:54.201592,Target,0,1.88
6047,756,60,2026-05-24 03:39:40.201594,BestBuy,0,1.2
6048,507,315,2026-05-21 18:34:18.201595,Target,0,6.3
6049,341,25,2026-05-24 17:16:20.201597,Walmart,0,0.5
6050,127,49,2026-05-24 16:41:51.201599,Amazon,0,0.98
6051,409,108,2026-05-24 16:32:59.201601,Target,0,2.16
6052,924,179,2026-05-19 16:52:52.201603,Target,0,3.58
6053,367,159,2026-05-20 15:22:00.201605,Walmart,0,3.18
6054,271,32,2026-05-26 00:38:21.201607,Amazon,0,0.64
6055,644,238,2026-05-23 05:16:18.201609,Target,0,4.76
6056,605,117,2026-05-21 19:42:53.201611,Amazon,0,2.34
6057,379,88,2026-05-20 17:11:18.201613,Walmart,0,1.76
6058,73,97,2026-05-26 00:46:23.201615,Walmart,0,1.94
6059,923,312,2026-05-22 11:37:53.201617,Amazon,0,6.24
6060,922,211,2026-05-26 01:13:38.201619,Walmart,0,4.22
6061,915,36,2026-05-21 08:06:57.201621,BestBuy,0,0.72
6062,248,81,2026-05-23 17:58:31.201623,Target,0,1.62
6063,860,155,2026-05-21 13:28:31.201625,BestBuy,0,3.1
6064,785,248,2026-05-22 22:42:02.201627,BestBuy,1,49.6
6065,43,56,2026-05-20 13:53:04.201629,Walmart,0,1.12
6066,377,82,2026-05-23 03:11:46.201631,Walmart,0,1.64
6067,41,100,2026-05-22 23:16:59.201632,Amazon,0,2.0
6068,170,270,2026-05-19 21:35:38.201635,BestBuy,1,54.0
6069,946,101,2026-05-20 10:23:50.201636,Target,0,2.02
6070,212,77,2026-05-22 14:21:07.201639,Amazon,0,1.54
6071,493,90,2026-05-20 03:27:14.201641,Amazon,0,1.8
6072,680,172,2026-05-23 02:19:57.201642,Amazon,0,3.44
6073,39,26,2026-05-21 06:50:32.201644,Walmart,0,0.52
6074,369,211,2026-05-23 08:31:21.201646,Walmart,0,4.22
6075,757,55,2026-05-25 00:32:56.201649,Amazon,0,1.1
6076,151,86,2026-05-24 17:14:35.201651,Walmart,0,1.72
6077,111,48,2026-05-26 05:18:11.201653,Walmart,0,0.96
6078,480,53,2026-05-20 20:41:53.201654,Amazon,0,1.06
6079,436,187,2026-05-22 20:49:33.201656,Target,0,3.74
6080,47,63,2026-05-25 05:52:05.201658,Target,0,1.26
6081,575,152,2026-05-20 22:58:38.201660,Walmart,0,3.04
6082,737,151,2026-05-26 05:55:20.201662,Target,0,3.02
6083,366,122,2026-05-24 23:52:26.201664,Target,0,2.44
6084,69,162,2026-05-21 13:19:00.201666,Walmart,0,3.24
6085,299,44,2026-05-19 22:13:13.201668,Target,0,0.88
6086,944,5,2026-05-22 03:00:12.201670,Walmart,0,0.1
6087,802,72,2026-05-23 14:53:09.201672,BestBuy,0,1.44
6088,296,147,2026-05-23 22:36:34.201674,Amazon,0,2.94
6089,203,363,2026-05-20 13:50:43.201676,Target,0,7.26
6090,61,124,2026-05-20 06:31:01.201678,Amazon,0,2.48
6091,946,135,2026-05-23 12:01:50.201680,Amazon,0,2.7
6092,963,88,2026-05-23 12:17:04.201682,Walmart,0,1.76
6093,830,139,2026-05-26 02:31:43.201684,Target,0,2.78
6094,314,82,2026-05-26 11:00:43.201686,Target,0,1.64
6095,161,34,2026-05-25 17:14:28.201688,BestBuy,0,0.68
6096,331,184,2026-05-20 12:23:50.201690,Target,0,3.68
6097,528,160,2026-05-25 07:57:03.201693,Target,0,3.2
6098,338,118,2026-05-24 02:08:03.201695,Walmart,0,2.36
6099,606,54,2026-05-22 10:19:32.201697,Amazon,0,1.08
6100,304,97,2026-05-22 17:28:03.201699,BestBuy,0,1.94
6101,503,43,2026-05-21 03:16:14.201701,Target,0,0.86
6102,650,60,2026-05-22 15:02:34.201703,Target,0,1.2
6103,338,117,2026-05-24 01:08:35.201705,BestBuy,0,2.34
6104,550,93,2026-05-25 23:18:34.201707,Walmart,0,1.86
6105,639,31,2026-05-25 03:12:48.201709,Target,0,0.62
6106,275,154,2026-05-25 16:57:16.201711,Target,0,3.08
6107,164,277,2026-05-20 12:32:47.201713,BestBuy,1,55.4
6108,443,59,2026-05-23 05:43:10.201715,Amazon,0,1.18
6109,319,161,2026-05-19 15:53:54.201717,Target,0,3.22
6110,589,78,2026-05-23 07:45:09.201719,Target,0,1.56
6111,504,212,2026-05-19 21:56:17.201721,Amazon,0,4.24
6112,686,129,2026-05-20 21:04:36.201723,Target,0,2.58
6113,387,55,2026-05-21 11:57:39.201725,Amazon,0,1.1
6114,970,273,2026-05-20 23:14:22.201727,Walmart,0,5.46
6115,870,142,2026-05-25 05:25:50.201729,Amazon,0,2.84
6116,833,122,2026-05-23 06:33:59.201731,Amazon,0,2.44
6117,888,34,2026-05-22 14:12:09.201733,Target,0,0.68
6118,603,63,2026-05-24 22:37:58.201736,Target,0,1.26
6119,750,230,2026-05-25 19:09:30.201738,BestBuy,1,46.0
6120,776,112,2026-05-24 17:46:41.201740,Target,0,2.24
6121,691,130,2026-05-25 17:33:45.201742,Target,0,2.6
6122,494,135,2026-05-24 02:40:05.201744,Amazon,0,2.7
6123,490,88,2026-05-23 09:08:42.201746,Walmart,0,1.76
6124,721,47,2026-05-23 14:42:09.201749,Target,0,0.94
6125,73,56,2026-05-21 12:48:17.201751,Amazon,0,1.12
6126,509,268,2026-05-20 20:07:51.201753,BestBuy,1,53.6
6127,390,26,2026-05-26 01:03:31.201755,BestBuy,0,0.52
6128,619,26,2026-05-25 14:33:50.201758,Walmart,0,0.52
6129,857,55,2026-05-21 20:10:49.201760,Walmart,0,1.1
6130,295,77,2026-05-26 03:10:50.201762,Walmart,0,1.54
6131,369,43,2026-05-24 10:44:19.201765,Amazon,0,0.86
6132,956,137,2026-05-21 13:10:33.201767,Target,0,2.74
6133,796,90,2026-05-24 13:05:07.201769,Amazon,0,1.8
6134,865,122,2026-05-21 02:38:34.201771,BestBuy,0,2.44
6135,694,65,2026-05-22 16:33:58.201773,BestBuy,0,1.3
6136,549,161,2026-05-22 19:53:37.201775,Target,0,3.22
6137,649,48,2026-05-20 13:42:24.201777,Walmart,0,0.96
6138,850,134,2026-05-19 22:01:42.201779,BestBuy,0,2.68
6139,568,94,2026-05-21 00:22:28.201781,Walmart,0,1.88
6140,187,307,2026-05-25 22:16:51.201783,Amazon,0,6.14
6141,853,213,2026-05-20 14:13:56.201785,Walmart,0,4.26
6142,770,148,2026-05-24 05:40:43.201787,Amazon,0,2.96
6143,445,53,2026-05-23 07:47:50.201789,Target,0,1.06
6144,570,247,2026-05-25 11:07:16.201790,Walmart,0,4.94
6145,363,91,2026-05-24 02:48:29.201792,Target,0,1.82
6146,123,61,2026-05-22 03:59:20.201794,Walmart,0,1.22
6147,188,100,2026-05-25 20:19:54.201796,BestBuy,0,2.0
6148,742,287,2026-05-23 05:16:02.201799,Target,0,5.74
6149,680,26,2026-05-23 19:10:19.201800,Walmart,0,0.52
6150,420,52,2026-05-22 19:52:18.201803,Target,0,1.04
6151,626,35,2026-05-21 18:45:07.201804,Walmart,0,0.7
6152,252,43,2026-05-21 05:48:53.201806,Amazon,0,0.86
6153,619,19,2026-05-19 23:30:55.201808,Target,0,0.38
6154,549,8,2026-05-23 23:43:11.201810,BestBuy,0,0.16
6155,335,131,2026-05-19 17:24:07.201812,Target,0,2.62
6156,92,62,2026-05-20 05:39:41.201814,Amazon,0,1.24
6157,530,11,2026-05-20 11:06:05.201817,Amazon,0,0.22
6158,866,152,2026-05-25 08:14:18.201819,BestBuy,0,3.04
6159,63,88,2026-05-25 07:21:25.201821,Amazon,0,1.76
6160,662,91,2026-05-20 01:12:51.201823,BestBuy,0,1.82
6161,512,31,2026-05-25 04:27:53.201825,Walmart,0,0.62
6162,139,57,2026-05-20 14:17:50.201827,Amazon,0,1.14
6163,698,98,2026-05-22 22:48:43.201829,Walmart,0,1.96
6164,185,46,2026-05-21 01:42:32.201831,Walmart,0,0.92
6165,205,40,2026-05-22 08:52:56.201833,Amazon,0,0.8
6166,772,237,2026-05-24 08:33:42.201834,BestBuy,1,47.4
6167,214,19,2026-05-19 16:03:03.201836,BestBuy,0,0.38
6168,256,201,2026-05-19 19:38:39.201838,BestBuy,1,40.2
6169,135,81,2026-05-19 20:33:43.201840,Amazon,0,1.62
6170,573,66,2026-05-25 13:22:59.201842,Walmart,0,1.32
6171,875,111,2026-05-25 05:53:37.201844,Target,0,2.22
6172,822,210,2026-05-25 16:46:12.201846,Target,0,4.2
6173,88,98,2026-05-25 18:38:55.201848,Amazon,0,1.96
6174,836,180,2026-05-23 06:19:42.201850,Target,0,3.6
6175,988,99,2026-05-21 05:20:31.201852,Walmart,0,1.98
6176,207,45,2026-05-20 01:30:12.201853,Target,0,0.9
6177,129,77,2026-05-19 21:38:12.201855,BestBuy,0,1.54
6178,823,6,2026-05-19 17:41:12.201857,Walmart,0,0.12
6179,3,183,2026-05-24 19:02:43.201859,Amazon,0,3.66
6180,974,153,2026-05-22 04:04:50.201861,Amazon,0,3.06
6181,934,58,2026-05-20 11:20:15.201863,BestBuy,0,1.16
6182,754,183,2026-05-24 14:55:08.201866,Target,0,3.66
6183,121,181,2026-05-20 11:47:32.201868,Amazon,0,3.62
6184,385,16,2026-05-26 02:29:19.201870,Amazon,0,0.32
6185,614,91,2026-05-21 02:26:05.201872,Walmart,0,1.82
6186,38,26,2026-05-21 08:11:55.201874,Walmart,0,0.52
6187,341,144,2026-05-26 00:57:10.201876,Walmart,0,2.88
6188,925,94,2026-05-23 18:26:59.201878,Walmart,0,1.88
6189,645,43,2026-05-26 02:09:41.201880,Amazon,0,0.86
6190,714,140,2026-05-23 03:57:21.201882,Walmart,0,2.8
6191,860,73,2026-05-20 18:37:54.201884,BestBuy,0,1.46
6192,21,63,2026-05-25 08:51:03.201886,BestBuy,0,1.26
6193,242,70,2026-05-23 07:50:50.201888,Walmart,0,1.4
6194,455,35,2026-05-19 15:24:49.201890,Walmart,0,0.7
6195,963,127,2026-05-22 20:06:40.201892,Target,0,2.54
6196,621,123,2026-05-20 10:25:39.201894,Walmart,0,2.46
6197,303,76,2026-05-26 10:14:50.201896,Amazon,0,1.52
6198,596,28,2026-05-21 22:58:40.201898,BestBuy,0,0.56
6199,595,25,2026-05-24 03:46:59.201900,BestBuy,0,0.5
6200,803,54,2026-05-25 02:30:09.201902,Amazon,0,1.08
6201,964,102,2026-05-25 09:05:35.201904,Walmart,0,2.04
6202,69,207,2026-05-23 19:49:20.201906,Target,0,4.14
6203,129,89,2026-05-24 17:14:07.201907,BestBuy,0,1.78
6204,196,97,2026-05-25 19:57:35.201909,Target,0,1.94
6205,140,87,2026-05-21 23:44:25.201911,BestBuy,0,1.74
6206,444,88,2026-05-20 10:25:53.201913,Target,0,1.76
6207,283,30,2026-05-25 14:22:17.201915,BestBuy,0,0.6
6208,312,246,2026-05-23 10:37:01.201917,Target,0,4.92
6209,746,25,2026-05-22 03:53:24.201919,Walmart,0,0.5
6210,535,139,2026-05-21 19:33:11.201921,Walmart,0,2.78
6211,665,93,2026-05-25 05:17:55.201923,Amazon,0,1.86
6212,277,75,2026-05-23 21:53:04.201925,Amazon,0,1.5
6213,61,43,2026-05-24 10:36:09.201927,Target,0,0.86
6214,319,53,2026-05-23 23:11:45.201929,Target,0,1.06
6215,890,511,2026-05-22 03:26:31.201931,BestBuy,1,
6216,52,38,2026-05-22 05:15:26.201933,Amazon,0,0.76
6217,856,121,2026-05-24 13:45:47.201935,Amazon,0,2.42
6218,153,112,2026-05-22 21:14:01.201937,BestBuy,0,2.24
6219,749,67,2026-05-25 18:31:59.201938,Target,0,1.34
6220,311,91,2026-05-22 10:54:28.201940,Amazon,0,1.82
6221,814,125,2026-05-25 03:14:27.201942,Target,0,2.5
6222,544,156,2026-05-20 01:05:19.201944,Walmart,0,3.12
6223,567,63,2026-05-26 04:49:32.201946,Target,0,1.26
6224,864,127,2026-05-24 12:48:54.201948,Walmart,0,2.54
6225,389,70,2026-05-21 07:53:12.201950,Walmart,0,1.4
6226,548,27,2026-05-24 15:12:34.201952,BestBuy,0,0.54
6227,622,58,2026-05-20 00:57:11.201954,BestBuy,0,1.16
6228,177,82,2026-05-26 12:17:19.201956,Walmart,0,1.64
6229,362,163,2026-05-21 18:41:54.201958,BestBuy,0,3.26
6230,314,67,2026-05-24 21:00:47.201960,Amazon,0,1.34
6231,807,89,2026-05-24 08:45:23.201961,Amazon,0,1.78
6232,848,108,2026-05-23 11:28:20.201963,Target,0,2.16
6233,97,86,2026-05-20 01:10:58.201965,Walmart,0,1.72
6234,881,37,2026-05-25 05:26:12.201967,Target,0,0.74
6235,213,191,2026-05-20 13:34:10.201969,Walmart,0,3.82
6236,829,185,2026-05-22 10:05:39.201971,Walmart,0,3.7
6237,137,83,2026-05-22 21:19:36.201973,Target,0,1.66
6238,6,37,2026-05-25 14:33:44.201975,Target,0,0.74
6239,109,24,2026-05-24 19:08:57.201977,Target,0,0.48
6240,547,63,2026-05-23 10:55:45.201979,Target,0,1.26
6241,39,77,2026-05-21 10:07:40.201981,Amazon,0,1.54
6242,662,131,2026-05-24 06:42:30.201983,Walmart,0,2.62
6243,425,150,2026-05-22 12:58:58.201985,BestBuy,0,3.0
6244,630,162,2026-05-20 08:44:19.201987,Walmart,0,3.24
6245,261,65,2026-05-21 10:32:09.201989,Amazon,0,1.3
6246,426,63,2026-05-22 20:19:04.201991,Walmart,0,1.26
6247,87,110,2026-05-19 13:40:57.201993,Amazon,0,2.2
6248,465,38,2026-05-21 06:34:19.201995,Walmart,0,0.76
6249,76,150,2026-05-19 16:43:30.201997,Amazon,0,3.0
6250,471,91,2026-05-25 19:29:58.201999,BestBuy,0,1.82
6251,976,111,2026-05-24 18:53:17.202001,BestBuy,0,2.22
6252,963,8,2026-05-24 23:56:35.202003,BestBuy,0,0.16
6253,414,19,2026-05-25 18:49:30.202005,BestBuy,0,0.38
6254,825,29,2026-05-21 08:50:26.202007,Amazon,0,0.58
6255,895,7,2026-05-21 06:37:44.202008,Walmart,0,0.14
6256,726,59,2026-05-24 20:15:24.202010,BestBuy,0,1.18
6257,457,62,2026-05-26 00:37:52.202012,BestBuy,0,1.24
6258,285,44,2026-05-23 20:20:46.202014,Walmart,0,0.88
6259,239,204,2026-05-21 08:47:01.202016,Walmart,0,4.08
6260,677,228,2026-05-22 19:12:32.202018,Target,0,4.56
6261,599,61,2026-05-21 23:49:03.202020,Walmart,0,1.22
6262,653,78,2026-05-22 17:56:30.202022,Walmart,0,1.56
6263,672,109,2026-05-20 10:18:26.202024,Walmart,0,2.18
6264,558,348,2026-05-19 22:18:07.202026,Target,0,6.96
6265,372,203,2026-05-20 00:18:32.202028,Walmart,0,4.06
6266,495,156,2026-05-21 18:28:00.202030,Amazon,0,3.12
6267,624,68,2026-05-20 19:21:50.202033,BestBuy,0,1.36
6268,919,28,2026-05-23 12:20:37.202035,Amazon,0,0.56
6269,45,66,2026-05-21 14:50:34.202037,Target,0,1.32
6270,401,38,2026-05-20 05:57:02.202039,Target,0,0.76
6271,247,60,2026-05-21 20:57:22.202041,Target,0,1.2
6272,616,19,2026-05-23 15:22:40.202043,Target,0,0.38
6273,597,133,2026-05-20 01:17:00.202045,Target,0,2.66
6274,450,115,2026-05-21 01:03:56.202047,BestBuy,0,2.3
6275,485,44,2026-05-25 17:29:24.202049,Walmart,0,0.88
6276,646,235,2026-05-21 18:26:13.202051,Amazon,0,4.7
6277,620,20,2026-05-23 14:18:15.202053,Amazon,0,0.4
6278,18,14,2026-05-23 12:09:02.202055,Walmart,0,0.28
6279,606,74,2026-05-26 06:11:53.202057,Target,0,1.48
6280,662,63,2026-05-24 02:31:30.202058,Walmart,0,1.26
6281,758,112,2026-05-26 00:00:50.202060,Target,0,2.24
6282,289,179,2026-05-24 05:46:13.202062,BestBuy,0,3.58
6283,414,192,2026-05-22 15:01:04.202064,Amazon,0,3.84
6284,721,72,2026-05-26 09:12:13.202066,Amazon,0,1.44
6285,638,66,2026-05-24 05:54:39.202068,BestBuy,0,1.32
6286,235,129,2026-05-26 00:04:56.202070,BestBuy,0,2.58
6287,416,38,2026-05-21 07:41:45.202072,Target,0,0.76
6288,938,38,2026-05-25 11:05:32.202074,Walmart,0,0.76
6289,499,150,2026-05-20 19:53:01.202076,Target,0,3.0
6290,974,14,2026-05-25 02:05:40.202078,Target,0,0.28
6291,634,102,2026-05-23 11:25:53.202080,Amazon,0,2.04
6292,650,59,2026-05-19 14:11:50.202082,Target,0,1.18
6293,115,56,2026-05-24 01:31:08.202084,Walmart,0,1.12
6294,932,95,2026-05-24 04:27:35.202086,Target,0,1.9
6295,674,118,2026-05-25 01:09:36.202088,Amazon,0,2.36
6296,713,26,2026-05-24 23:00:18.202090,Walmart,0,0.52
6297,234,77,2026-05-21 18:29:19.202092,Walmart,0,1.54
6298,540,130,2026-05-22 18:35:52.202094,Amazon,0,2.6
6299,11,89,2026-05-25 16:46:15.202096,Amazon,0,1.78
6300,206,150,2026-05-21 05:54:35.202098,Target,0,3.0
6301,679,80,2026-05-21 19:07:54.202100,Amazon,0,1.6
6302,247,73,2026-05-26 10:09:58.202102,BestBuy,0,1.46
6303,559,26,2026-05-25 18:25:47.202104,Amazon,0,0.52
6304,758,369,2026-05-24 01:55:26.202106,BestBuy,1,73.8
6305,127,104,2026-05-19 23:08:51.202107,Amazon,0,2.08
6306,147,91,2026-05-21 04:23:19.202109,BestBuy,0,1.82
6307,118,145,2026-05-26 00:57:57.202111,BestBuy,0,2.9
6308,911,83,2026-05-23 02:43:13.202113,Amazon,0,1.66
6309,382,84,2026-05-25 08:46:58.202115,Walmart,0,1.68
6310,412,39,2026-05-24 13:29:09.202117,Walmart,0,0.78
6311,664,28,2026-05-19 21:13:49.202119,BestBuy,0,0.56
6312,584,31,2026-05-23 01:57:44.202121,Walmart,0,0.62
6313,363,175,2026-05-21 14:18:05.202123,Amazon,0,3.5
6314,509,10,2026-05-22 14:57:44.202125,BestBuy,0,0.2
6315,137,65,2026-05-20 10:39:49.202126,Target,0,1.3
6316,175,201,2026-05-23 04:39:42.202128,BestBuy,1,40.2
6317,289,17,2026-05-22 20:27:42.202130,Target,0,0.34
6318,958,201,2026-05-25 22:52:08.202132,Target,0,4.02
6319,481,37,2026-05-22 20:41:28.202134,BestBuy,0,0.74
6320,19,215,2026-05-25 03:03:00.202136,Target,0,4.3
6321,195,195,2026-05-25 17:18:56.202138,Walmart,0,3.9
6322,330,51,2026-05-25 02:19:26.202140,Target,0,1.02
6323,936,20,2026-05-25 10:33:17.202142,Walmart,0,0.4
6324,175,120,2026-05-21 10:04:31.202144,BestBuy,0,2.4
6325,449,33,2026-05-22 13:14:24.202146,Target,0,0.66
6326,925,47,2026-05-20 06:38:04.202148,Target,0,0.94
6327,946,34,2026-05-19 22:37:00.202150,Walmart,0,0.68
6328,354,26,2026-05-21 03:44:23.202152,Walmart,0,0.52
6329,499,32,2026-05-21 02:53:59.202154,BestBuy,0,0.64
6330,141,45,2026-05-21 16:46:35.202155,BestBuy,0,0.9
6331,758,119,2026-05-26 07:01:21.202157,Target,0,2.38
6332,897,156,2026-05-26 10:06:02.202159,Amazon,0,3.12
6333,930,79,2026-05-21 04:51:20.202161,Target,0,1.58
6334,93,72,2026-05-21 17:09:45.202163,Target,0,1.44
6335,944,73,2026-05-20 19:11:53.202165,BestBuy,0,1.46
6336,239,122,2026-05-25 12:14:41.202167,BestBuy,0,2.44
6337,205,26,2026-05-20 11:27:36.202169,Target,0,0.52
6338,560,151,2026-05-23 03:55:50.202171,Walmart,0,3.02
6339,433,173,2026-05-25 17:17:12.202173,BestBuy,0,3.46
6340,245,26,2026-05-23 19:08:52.202175,Target,0,0.52
6341,832,110,2026-05-23 20:45:12.202177,Amazon,0,2.2
6342,317,27,2026-05-21 05:25:45.202179,Target,0,0.54
6343,925,101,2026-05-20 02:07:52.202181,Amazon,0,2.02
6344,295,360,2026-05-23 04:15:32.202183,Amazon,0,7.2
6345,640,21,2026-05-20 06:52:08.202184,Amazon,0,0.42
6346,856,5,2026-05-20 01:40:18.202186,Target,0,0.1
6347,282,281,2026-05-24 21:48:44.202188,BestBuy,1,56.2
6348,17,62,2026-05-24 21:39:33.202190,Walmart,0,1.24
6349,71,60,2026-05-21 15:30:02.202192,Walmart,0,1.2
6350,269,150,2026-05-20 19:16:33.202194,Target,0,3.0
6351,325,69,2026-05-22 21:28:00.202196,Target,0,1.38
6352,794,16,2026-05-20 22:37:35.202198,Amazon,0,0.32
6353,305,53,2026-05-23 02:34:27.202206,BestBuy,0,1.06
6354,451,47,2026-05-23 16:12:51.202208,Target,0,0.94
6355,7,56,2026-05-20 09:04:33.202210,Walmart,0,1.12
6356,314,2,2026-05-25 05:56:15.202212,Target,0,0.04
6357,817,63,2026-05-26 02:24:18.202214,BestBuy,0,1.26
6358,103,29,2026-05-24 08:44:16.202216,BestBuy,0,0.58
6359,821,48,2026-05-19 21:36:42.202218,Target,0,0.96
6360,193,67,2026-05-23 11:25:14.202220,Target,0,1.34
6361,753,9,2026-05-23 10:39:35.202222,BestBuy,0,0.18
6362,574,79,2026-05-22 10:24:37.202224,BestBuy,0,1.58
6363,529,11,2026-05-23 04:48:52.202226,Amazon,0,0.22
6364,171,38,2026-05-23 07:48:46.202228,Target,0,0.76
6365,537,39,2026-05-23 09:40:28.202230,Target,0,0.78
6366,251,10,2026-05-25 15:16:40.202232,Target,0,0.2
6367,765,67,2026-05-22 16:52:23.202234,Walmart,0,1.34
6368,387,129,2026-05-23 06:20:33.202236,Amazon,0,2.58
6369,207,101,2026-05-22 12:04:13.202238,BestBuy,0,2.02
6370,541,68,2026-05-20 20:58:05.202240,Amazon,0,1.36
6371,629,129,2026-05-25 01:40:55.202242,Walmart,0,2.58
6372,416,102,2026-05-21 01:03:24.202244,Amazon,0,2.04
6373,794,22,2026-05-19 18:30:35.202245,Walmart,0,0.44
6374,380,106,2026-05-22 19:06:38.202247,Amazon,0,2.12
6375,144,290,2026-05-23 21:48:14.202249,Amazon,0,5.8
6376,25,144,2026-05-23 07:37:45.202251,Amazon,0,2.88
6377,822,50,2026-05-24 11:23:41.202253,Target,0,1.0
6378,668,119,2026-05-25 02:14:42.202255,BestBuy,0,2.38
6379,73,249,2026-05-24 20:58:14.202257,Amazon,0,4.98
6380,632,192,2026-05-23 19:34:24.202259,Target,0,3.84
6381,824,28,2026-05-24 04:33:35.202261,Target,0,0.56
6382,833,116,2026-05-22 22:05:45.202263,Target,0,2.32
6383,93,86,2026-05-20 06:19:53.202265,Walmart,0,1.72
6384,505,245,2026-05-19 15:46:57.202267,Amazon,0,4.9
6385,598,167,2026-05-22 10:58:02.202269,BestBuy,0,3.34
6386,336,58,2026-05-20 07:43:15.202271,Amazon,0,1.16
6387,425,51,2026-05-19 18:46:55.202273,Amazon,0,1.02
6388,499,261,2026-05-20 04:51:36.202275,BestBuy,1,52.2
6389,364,44,2026-05-21 01:29:38.202277,Target,0,0.88
6390,947,24,2026-05-23 22:51:21.202278,Amazon,0,0.48
6391,630,162,2026-05-25 03:38:25.202280,Target,0,3.24
6392,745,79,2026-05-25 14:54:45.202282,Target,0,1.58
6393,199,120,2026-05-21 05:06:55.202284,Target,0,2.4
6394,718,95,2026-05-21 03:38:59.202286,BestBuy,0,1.9
6395,413,124,2026-05-20 19:50:18.202288,Target,0,2.48
6396,339,59,2026-05-23 20:49:42.202290,Amazon,0,1.18
6397,659,79,2026-05-22 22:15:35.202292,Target,0,1.58
6398,962,75,2026-05-19 19:07:39.202294,Walmart,0,1.5
6399,937,51,2026-05-25 02:51:13.202296,Walmart,0,1.02
6400,429,180,2026-05-20 04:01:39.202298,Walmart,0,3.6
6401,783,45,2026-05-26 07:26:04.202300,Target,0,0.9
6402,899,46,2026-05-23 02:30:16.202302,Amazon,0,0.92
6403,139,74,2026-05-21 10:11:42.202304,Amazon,0,1.48
6404,693,117,2026-05-21 19:19:16.202306,Target,0,2.34
6405,942,59,2026-05-26 07:20:41.202308,Target,0,1.18
6406,542,62,2026-05-25 13:50:44.202310,BestBuy,0,1.24
6407,57,221,2026-05-22 15:54:20.202311,Target,0,4.42
6408,232,253,2026-05-24 15:39:21.202313,Walmart,0,5.06
6409,658,151,2026-05-24 02:21:47.202315,BestBuy,0,3.02
6410,435,71,2026-05-24 01:09:43.202317,BestBuy,0,1.42
6411,384,47,2026-05-25 06:30:50.202319,Target,0,0.94
6412,560,107,2026-05-23 21:04:31.202321,Target,0,2.14
6413,194,20,2026-05-21 03:17:53.202323,BestBuy,0,0.4
6414,736,6,2026-05-23 06:18:52.202325,BestBuy,0,0.12
6415,648,54,2026-05-21 15:46:11.202327,BestBuy,0,1.08
6416,534,51,2026-05-24 07:02:06.202329,BestBuy,0,1.02
6417,518,132,2026-05-22 12:21:08.202331,BestBuy,0,2.64
6418,716,82,2026-05-22 18:07:53.202333,Amazon,0,1.64
6419,751,83,2026-05-21 06:51:05.202335,BestBuy,0,1.66
6420,185,25,2026-05-19 18:55:29.202337,BestBuy,0,0.5
6421,872,53,2026-05-21 00:26:02.202338,Amazon,0,1.06
6422,292,158,2026-05-25 00:04:48.202340,Walmart,0,3.16
6423,335,92,2026-05-21 05:18:21.202342,Walmart,0,1.84
6424,732,61,2026-05-23 18:44:59.202344,Walmart,0,1.22
6425,116,69,2026-05-26 08:23:05.202346,Walmart,0,1.38
6426,825,71,2026-05-21 13:00:00.202348,Target,0,1.42
6427,49,105,2026-05-23 00:03:13.202350,Target,0,2.1
6428,685,364,2026-05-22 04:16:05.202352,BestBuy,1,72.8
6429,82,15,2026-05-23 16:10:25.202354,BestBuy,0,0.3
6430,834,32,2026-05-22 16:07:15.202356,Walmart,0,0.64
6431,333,68,2026-05-24 23:00:19.202357,Walmart,0,1.36
6432,557,59,2026-05-25 03:59:11.202359,Amazon,0,1.18
6433,335,84,2026-05-22 21:29:26.202361,Amazon,0,1.68
6434,532,37,2026-05-20 09:11:10.202363,Amazon,0,0.74
6435,960,114,2026-05-19 15:23:50.202365,Walmart,0,2.28
6436,221,29,2026-05-23 10:15:13.202367,Amazon,0,0.58
6437,635,72,2026-05-21 19:37:27.202369,BestBuy,0,1.44
6438,746,141,2026-05-22 00:13:46.202371,Walmart,0,2.82
6439,733,188,2026-05-23 02:49:57.202377,Target,0,3.76
6440,323,61,2026-05-24 01:58:03.202380,Walmart,0,1.22
6441,851,150,2026-05-23 11:44:24.202382,Target,0,3.0
6442,3,49,2026-05-21 05:24:43.202384,Target,0,0.98
6443,694,87,2026-05-19 15:49:57.202386,Walmart,0,1.74
6444,206,35,2026-05-20 18:20:49.202389,Amazon,0,0.7
6445,832,66,2026-05-20 20:23:29.202391,BestBuy,0,1.32
6446,40,70,2026-05-22 12:18:19.202393,Walmart,0,1.4
6447,59,140,2026-05-25 19:01:25.202394,Amazon,0,2.8
6448,951,44,2026-05-21 09:05:53.202396,Target,0,0.88
6449,574,43,2026-05-24 14:13:52.202398,Target,0,0.86
6450,644,112,2026-05-19 14:28:05.202400,Target,0,2.24
6451,507,104,2026-05-23 03:06:55.202402,Target,0,2.08
6452,572,125,2026-05-22 16:46:11.202404,Walmart,0,2.5
6453,884,36,2026-05-19 23:48:05.202406,BestBuy,0,0.72
6454,843,15,2026-05-25 14:28:03.202408,Target,0,0.3
6455,122,110,2026-05-20 09:02:18.202410,Amazon,0,2.2
6456,479,21,2026-05-26 08:31:29.202412,Amazon,0,0.42
6457,619,33,2026-05-20 01:19:58.202414,BestBuy,0,0.66
6458,96,66,2026-05-20 05:22:01.202416,BestBuy,0,1.32
6459,859,27,2026-05-24 16:55:38.202418,BestBuy,0,0.54
6460,414,74,2026-05-20 15:23:00.202420,Target,0,1.48
6461,235,66,2026-05-26 07:03:33.202422,Walmart,0,1.32
6462,898,40,2026-05-24 22:11:00.202424,Target,0,0.8
6463,62,168,2026-05-24 07:25:42.202426,Target,0,3.36
6464,256,11,2026-05-19 14:04:50.202427,Amazon,0,0.22
6465,561,38,2026-05-26 05:04:07.202429,Walmart,0,0.76
6466,905,112,2026-05-26 11:38:15.202431,Walmart,0,2.24
6467,348,62,2026-05-23 03:11:22.202433,Amazon,0,1.24
6468,671,49,2026-05-25 01:04:13.202435,Amazon,0,0.98
6469,124,85,2026-05-23 18:01:53.202437,Amazon,0,1.7
6470,482,57,2026-05-26 06:21:28.202439,BestBuy,0,1.14
6471,317,122,2026-05-26 09:37:20.202441,Walmart,0,2.44
6472,504,131,2026-05-20 05:33:00.202443,Amazon,0,2.62
6473,719,193,2026-05-26 11:58:54.202445,Amazon,0,3.86
6474,48,136,2026-05-23 01:35:28.202447,Amazon,0,2.72
6475,409,28,2026-05-24 11:33:10.202449,Target,0,0.56
6476,932,127,2026-05-23 13:16:41.202451,Walmart,0,2.54
6477,136,50,2026-05-22 04:37:42.202453,Walmart,0,1.0
6478,201,92,2026-05-19 16:59:17.202455,BestBuy,0,1.84
6479,250,106,2026-05-22 19:26:58.202457,Target,0,2.12
6480,314,42,2026-05-24 03:52:47.202458,Walmart,0,0.84
6481,869,64,2026-05-19 16:09:24.202460,BestBuy,0,1.28
6482,368,58,2026-05-23 06:40:58.202462,BestBuy,0,1.16
6483,429,51,2026-05-19 23:34:23.202464,Amazon,0,1.02
6484,830,126,2026-05-25 01:34:35.202466,BestBuy,0,2.52
6485,807,13,2026-05-22 11:45:57.202468,BestBuy,0,0.26
6486,480,36,2026-05-21 23:48:32.202470,Target,0,0.72
6487,314,137,2026-05-21 16:14:34.202472,Amazon,0,2.74
6488,500,76,2026-05-25 02:16:46.202474,Amazon,0,1.52
6489,721,69,2026-05-24 12:18:22.202476,Amazon,0,1.38
6490,355,186,2026-05-24 11:49:37.202478,BestBuy,0,3.72
6491,485,84,2026-05-21 01:07:12.202480,Amazon,0,1.68
6492,211,63,2026-05-20 21:31:24.202482,Walmart,0,1.26
6493,704,133,2026-05-25 02:05:56.202484,Target,0,2.66
6494,44,125,2026-05-20 08:19:14.202486,Target,0,2.5
6495,541,176,2026-05-23 15:54:19.202488,BestBuy,0,3.52
6496,571,130,2026-05-24 19:03:52.202490,Amazon,0,2.6
6497,583,37,2026-05-19 22:45:30.202492,Target,0,0.74
6498,92,194,2026-05-25 20:37:21.202494,BestBuy,0,3.88
6499,265,35,2026-05-20 10:45:40.202495,BestBuy,0,0.7
6500,895,280,2026-05-26 02:23:44.202497,Target,0,5.6
6501,220,140,2026-05-25 20:43:04.202499,Amazon,0,2.8
6502,902,170,2026-05-26 08:44:46.202501,Amazon,0,3.4
6503,925,30,2026-05-20 18:13:51.202503,Walmart,0,0.6
6504,442,134,2026-05-23 10:18:07.202505,Walmart,0,2.68
6505,401,30,2026-05-23 19:22:06.202507,Amazon,0,0.6
6506,400,63,2026-05-20 17:33:12.202509,Walmart,0,1.26
6507,727,8,2026-05-20 02:05:04.202511,Walmart,0,0.16
6508,991,38,2026-05-20 07:02:59.202513,Target,0,0.76
6509,899,21,2026-05-22 21:06:46.202515,Amazon,0,0.42
6510,789,56,2026-05-25 07:23:30.202517,Target,0,1.12
6511,576,91,2026-05-26 09:41:17.202519,Target,0,1.82
6512,858,78,2026-05-21 10:52:03.202521,BestBuy,0,1.56
6513,804,334,2026-05-22 14:59:33.202523,Amazon,0,6.68
6514,490,103,2026-05-23 11:26:45.202525,Target,0,2.06
6515,485,113,2026-05-24 03:44:04.202527,Walmart,0,2.26
6516,757,108,2026-05-21 01:31:32.202529,BestBuy,0,2.16
6517,470,51,2026-05-20 10:22:22.202530,Walmart,0,1.02
6518,574,46,2026-05-23 02:48:41.202532,BestBuy,0,0.92
6519,938,76,2026-05-20 11:55:38.202534,Walmart,0,1.52
6520,844,81,2026-05-23 23:36:30.202536,Walmart,0,1.62
6521,682,68,2026-05-22 04:49:30.202538,Walmart,0,1.36
6522,445,153,2026-05-23 22:38:23.202540,Target,0,3.06
6523,269,126,2026-05-21 16:09:56.202542,Amazon,0,2.52
6524,267,93,2026-05-20 08:51:30.202544,BestBuy,0,1.86
6525,54,51,2026-05-24 11:11:03.202546,Target,0,1.02
6526,528,32,2026-05-23 13:33:53.202548,BestBuy,0,0.64
6527,520,113,2026-05-25 04:05:22.202550,Target,0,2.26
6528,616,84,2026-05-24 18:52:52.202552,BestBuy,0,1.68
6529,59,113,2026-05-26 10:37:45.202554,BestBuy,0,2.26
6530,825,159,2026-05-26 11:54:41.202556,Walmart,0,3.18
6531,40,26,2026-05-23 17:51:08.202558,BestBuy,0,0.52
6532,237,127,2026-05-26 02:48:57.202560,BestBuy,0,2.54
6533,955,24,2026-05-23 08:05:08.202562,Walmart,0,0.48
6534,386,137,2026-05-21 20:42:49.202564,Target,0,2.74
6535,606,80,2026-05-21 06:15:56.202566,Target,0,1.6
6536,734,92,2026-05-21 07:50:55.202568,Amazon,0,1.84
6537,716,154,2026-05-25 06:27:51.202570,Amazon,0,3.08
6538,650,23,2026-05-21 15:50:25.202571,Amazon,0,0.46
6539,300,7,2026-05-23 22:44:38.202573,Amazon,0,0.14
6540,395,178,2026-05-22 10:50:43.202575,BestBuy,0,3.56
6541,207,210,2026-05-21 22:43:07.202577,BestBuy,1,42.0
6542,336,126,2026-05-24 03:28:14.202579,Amazon,0,2.52
6543,593,91,2026-05-25 05:33:57.202581,Walmart,0,1.82
6544,730,49,2026-05-20 17:13:12.202583,Amazon,0,0.98
6545,514,99,2026-05-23 03:56:37.202585,Target,0,1.98
6546,178,73,2026-05-20 07:16:19.202587,BestBuy,0,1.46
6547,396,159,2026-05-26 06:54:11.202589,Walmart,0,3.18
6548,371,70,2026-05-19 19:13:52.202591,Target,0,1.4
6549,858,105,2026-05-24 16:43:36.202593,Walmart,0,2.1
6550,791,10,2026-05-22 15:12:38.202595,Walmart,0,0.2
6551,658,98,2026-05-22 04:41:07.202597,Amazon,0,1.96
6552,318,249,2026-05-21 06:01:03.202599,Target,0,4.98
6553,736,57,2026-05-26 00:49:49.202601,Amazon,0,1.14
6554,369,21,2026-05-20 21:10:01.202602,Target,0,0.42
6555,384,87,2026-05-20 07:19:30.202604,BestBuy,0,1.74
6556,62,157,2026-05-21 18:16:46.202606,Target,0,3.14
6557,806,127,2026-05-23 05:54:50.202608,BestBuy,0,2.54
6558,505,316,2026-05-26 06:31:21.202610,BestBuy,1,63.2
6559,239,89,2026-05-23 16:42:30.202612,Amazon,0,1.78
6560,195,170,2026-05-22 02:33:32.202614,BestBuy,0,3.4
6561,678,46,2026-05-20 06:30:43.202616,Amazon,0,0.92
6562,963,13,2026-05-24 17:22:22.202618,Walmart,0,0.26
6563,222,39,2026-05-20 16:54:28.202620,Walmart,0,0.78
6564,61,51,2026-05-24 19:12:52.202622,Walmart,0,1.02
6565,129,70,2026-05-21 22:10:01.202624,Target,0,1.4
6566,990,152,2026-05-25 16:13:58.202626,BestBuy,0,3.04
6567,685,58,2026-05-24 22:55:50.202628,Amazon,0,1.16
6568,992,114,2026-05-25 11:53:14.202630,Walmart,0,2.28
6569,156,95,2026-05-21 23:08:02.202632,Amazon,0,1.9
6570,917,94,2026-05-22 21:53:09.202634,Walmart,0,1.88
6571,378,113,2026-05-23 05:08:27.202636,BestBuy,0,2.26
6572,622,104,2026-05-20 01:16:50.202637,Walmart,0,2.08
6573,781,32,2026-05-26 13:36:07.202639,Amazon,0,0.64
6574,923,62,2026-05-23 08:28:43.202642,Walmart,0,1.24
6575,868,29,2026-05-22 13:33:26.202644,Amazon,0,0.58
6576,903,65,2026-05-22 04:42:28.202646,Walmart,0,1.3
6577,790,68,2026-05-24 07:02:55.202648,Amazon,0,1.36
6578,586,121,2026-05-23 10:24:14.202650,Walmart,0,2.42
6579,999,109,2026-05-20 14:49:34.202652,BestBuy,0,2.18
6580,437,165,2026-05-19 16:43:21.202654,Walmart,0,3.3
6581,975,4,2026-05-22 09:56:27.202656,Target,0,0.08
6582,207,97,2026-05-26 08:20:16.202658,Amazon,0,1.94
6583,388,142,2026-05-25 09:17:29.202660,Walmart,0,2.84
6584,480,94,2026-05-20 15:07:18.202662,Target,0,1.88
6585,791,13,2026-05-26 03:01:12.202664,Amazon,0,0.26
6586,887,155,2026-05-22 10:00:23.202666,Walmart,0,3.1
6587,838,140,2026-05-24 04:46:27.202668,Walmart,0,2.8
6588,984,43,2026-05-23 01:30:12.202670,BestBuy,0,0.86
6589,340,30,2026-05-20 07:58:51.202672,Walmart,0,0.6
6590,869,71,2026-05-25 06:50:08.202674,Amazon,0,1.42
6591,340,179,2026-05-20 14:53:27.202676,Target,0,3.58
6592,204,238,2026-05-19 14:02:40.202678,Walmart,0,4.76
6593,161,195,2026-05-25 19:49:57.202680,Target,0,3.9
6594,540,60,2026-05-26 12:17:05.202682,Amazon,0,1.2
6595,392,49,2026-05-24 06:47:18.202684,Amazon,0,0.98
6596,769,114,2026-05-20 12:02:18.202686,Walmart,0,2.28
6597,677,119,2026-05-23 14:14:12.202688,BestBuy,0,2.38
6598,575,156,2026-05-20 15:07:03.202690,Walmart,0,3.12
6599,534,135,2026-05-23 15:04:20.202692,BestBuy,0,2.7
6600,70,29,2026-05-25 20:44:47.202693,Walmart,0,0.58
6601,893,31,2026-05-22 18:37:10.202695,Target,0,0.62
6602,405,36,2026-05-22 23:22:26.202697,BestBuy,0,0.72
6603,608,100,2026-05-21 22:23:53.202699,BestBuy,0,2.0
6604,675,148,2026-05-21 06:11:08.202701,Target,0,2.96
6605,591,148,2026-05-24 13:50:22.202703,Walmart,0,2.96
6606,517,76,2026-05-22 21:52:15.202705,Amazon,0,1.52
6607,828,4,2026-05-22 21:16:38.202707,Amazon,0,0.08
6608,120,87,2026-05-23 12:10:14.202709,Walmart,0,1.74
6609,814,104,2026-05-19 16:10:09.202711,Target,0,2.08
6610,690,116,2026-05-25 02:01:31.202713,Amazon,0,2.32
6611,688,24,2026-05-23 06:56:30.202715,Target,0,0.48
6612,902,263,2026-05-23 12:01:00.202717,Walmart,0,5.26
6613,217,22,2026-05-21 01:03:22.202719,Target,0,0.44
6614,56,74,2026-05-25 14:48:08.202721,Target,0,1.48
6615,366,34,2026-05-23 13:08:16.202723,Target,0,0.68
6616,699,27,2026-05-26 08:43:53.202725,Amazon,0,0.54
6617,504,152,2026-05-22 16:47:07.202727,Target,0,3.04
6618,744,188,2026-05-23 02:34:27.202729,BestBuy,0,3.76
6619,767,172,2026-05-20 18:00:28.202730,Target,0,3.44
6620,925,53,2026-05-22 05:17:11.202732,Target,0,1.06
6621,455,62,2026-05-20 13:26:47.202734,Walmart,0,1.24
6622,104,96,2026-05-25 10:58:00.202736,Target,0,1.92
6623,77,94,2026-05-22 04:43:20.202738,Target,0,1.88
6624,230,44,2026-05-22 21:31:59.202740,Amazon,0,0.88
6625,914,17,2026-05-24 04:10:19.202742,BestBuy,0,0.34
6626,258,236,2026-05-24 13:58:43.202744,Walmart,0,4.72
6627,264,75,2026-05-19 14:32:03.202746,BestBuy,0,1.5
6628,331,99,2026-05-25 11:57:03.202748,Target,0,1.98
6629,993,199,2026-05-23 21:25:00.202750,Amazon,0,3.98
6630,182,28,2026-05-26 01:11:04.202752,BestBuy,0,0.56
6631,893,51,2026-05-21 06:50:26.202754,BestBuy,0,1.02
6632,768,9,2026-05-19 20:37:28.202756,BestBuy,0,0.18
6633,550,80,2026-05-22 03:12:00.202758,BestBuy,0,1.6
6634,688,45,2026-05-19 18:59:39.202760,BestBuy,0,0.9
6635,27,42,2026-05-22 18:41:51.202762,Amazon,0,0.84
6636,276,67,2026-05-24 05:46:11.202764,Target,0,1.34
6637,652,119,2026-05-23 19:42:02.202766,Amazon,0,2.38
6638,299,31,2026-05-23 22:02:00.202768,Amazon,0,0.62
6639,957,236,2026-05-21 20:53:56.202770,Amazon,0,4.72
6640,799,123,2026-05-21 17:59:09.202772,Amazon,0,2.46
6641,91,112,2026-05-22 09:46:32.202774,Target,0,2.24
6642,480,65,2026-05-19 20:24:14.202776,Target,0,1.3
6643,573,138,2026-05-23 09:40:47.202778,Amazon,0,2.76
6644,458,44,2026-05-19 18:58:50.202780,BestBuy,0,0.88
6645,451,48,2026-05-24 17:12:08.202782,Target,0,0.96
6646,365,127,2026-05-24 03:43:15.202784,Target,0,2.54
6647,859,210,2026-05-26 13:36:52.202786,Amazon,0,4.2
6648,675,26,2026-05-23 14:46:35.202788,BestBuy,0,0.52
6649,351,148,2026-05-24 03:32:36.202790,BestBuy,0,2.96
6650,655,35,2026-05-26 01:07:26.202792,Amazon,0,0.7
6651,400,62,2026-05-25 00:00:51.202794,Amazon,0,1.24
6652,253,36,2026-05-22 09:00:04.202796,Target,0,0.72
6653,781,8,2026-05-22 14:02:54.202798,Target,0,0.16
6654,881,103,2026-05-22 11:47:25.202800,Walmart,0,2.06
6655,803,225,2026-05-23 01:39:39.202802,Walmart,0,4.5
6656,459,76,2026-05-23 15:40:52.202804,Amazon,0,1.52
6657,699,183,2026-05-25 14:24:48.202806,Walmart,0,3.66
6658,917,24,2026-05-22 07:29:27.202808,BestBuy,0,0.48
6659,499,187,2026-05-20 10:13:34.202810,BestBuy,0,3.74
6660,950,5,2026-05-24 18:48:03.202812,BestBuy,0,0.1
6661,971,60,2026-05-23 19:17:26.202814,Target,0,1.2
6662,926,8,2026-05-23 23:05:16.202816,Walmart,0,0.16
6663,508,87,2026-05-24 10:43:56.202818,Walmart,0,1.74
6664,304,50,2026-05-24 01:41:41.202820,Amazon,0,1.0
6665,501,130,2026-05-22 20:00:25.202821,Target,0,2.6
6666,803,102,2026-05-26 05:28:05.202823,Target,0,2.04
6667,598,111,2026-05-22 09:13:43.202825,Target,0,2.22
6668,166,69,2026-05-24 10:35:52.202827,BestBuy,0,1.38
6669,415,220,2026-05-23 20:35:05.202829,Target,0,4.4
6670,462,24,2026-05-20 09:54:25.202831,Walmart,0,0.48
6671,920,165,2026-05-22 15:46:46.202833,Amazon,0,3.3
6672,114,102,2026-05-21 15:39:18.202835,Walmart,0,2.04
6673,433,137,2026-05-24 17:03:22.202837,Target,0,2.74
6674,992,235,2026-05-23 15:52:56.202839,Amazon,0,4.7
6675,356,154,2026-05-22 13:27:24.202841,BestBuy,0,3.08
6676,928,115,2026-05-23 00:09:01.202843,Amazon,0,2.3
6677,695,158,2026-05-19 19:34:25.202845,Target,0,3.16
6678,207,157,2026-05-24 12:58:42.202847,Target,0,3.14
6679,768,46,2026-05-23 20:28:02.202849,Amazon,0,0.92
6680,235,33,2026-05-23 17:48:41.202851,Target,0,0.66
6681,442,75,2026-05-21 15:21:49.202853,Target,0,1.5
6682,355,110,2026-05-22 06:49:39.202855,Target,0,2.2
6683,515,102,2026-05-22 12:37:55.202857,Target,0,2.04
6684,208,131,2026-05-20 09:25:45.202859,Amazon,0,2.62
6685,709,133,2026-05-20 19:12:31.202861,Amazon,0,2.66
6686,853,158,2026-05-23 05:43:12.202863,Walmart,0,3.16
6687,125,76,2026-05-22 20:13:25.202865,BestBuy,0,1.52
6688,138,231,2026-05-20 12:45:02.202867,BestBuy,1,46.2
6689,339,27,2026-05-21 04:01:47.202869,Walmart,0,0.54
6690,537,84,2026-05-24 23:42:36.202871,Amazon,0,1.68
6691,68,55,2026-05-21 10:55:07.202873,Walmart,0,1.1
6692,573,108,2026-05-20 00:07:02.202875,Target,0,2.16
6693,541,123,2026-05-21 15:45:50.202877,Target,0,2.46
6694,383,111,2026-05-26 11:40:41.202879,BestBuy,0,2.22
6695,19,69,2026-05-23 04:20:38.202881,Amazon,0,1.38
6696,683,97,2026-05-22 11:41:25.202883,BestBuy,0,1.94
6697,450,12,2026-05-21 18:47:03.202885,Walmart,0,0.24
6698,74,102,2026-05-20 05:15:53.202887,BestBuy,0,2.04
6699,573,204,2026-05-25 07:07:16.202889,BestBuy,1,40.8
6700,939,36,2026-05-21 08:39:56.202891,Target,0,0.72
6701,665,40,2026-05-21 00:51:27.202893,BestBuy,0,0.8
6702,276,6,2026-05-23 17:35:51.202894,Walmart,0,0.12
6703,48,63,2026-05-23 21:34:19.202896,Amazon,0,1.26
6704,211,129,2026-05-25 22:00:48.202898,BestBuy,0,2.58
6705,855,39,2026-05-20 03:27:09.202900,Amazon,0,0.78
6706,920,244,2026-05-24 08:57:39.202902,Walmart,0,4.88
6707,651,40,2026-05-21 18:15:21.202904,BestBuy,0,0.8
6708,622,41,2026-05-23 14:38:41.202906,Amazon,0,0.82
6709,994,38,2026-05-20 22:49:36.202908,Target,0,0.76
6710,695,211,2026-05-25 06:33:30.202910,Target,0,4.22
6711,540,124,2026-05-25 22:16:53.202912,Walmart,0,2.48
6712,709,66,2026-05-25 11:22:47.202914,BestBuy,0,1.32
6713,191,32,2026-05-23 08:56:19.202916,Walmart,0,0.64
6714,315,100,2026-05-24 08:16:21.202918,Amazon,0,2.0
6715,901,134,2026-05-25 10:00:27.202920,Amazon,0,2.68
6716,563,347,2026-05-21 18:51:02.202921,Walmart,0,6.94
6717,661,79,2026-05-21 06:36:51.202923,Amazon,0,1.58
6718,780,50,2026-05-24 07:32:28.202925,Walmart,0,1.0
6719,562,39,2026-05-22 20:37:03.202927,Walmart,0,0.78
6720,900,240,2026-05-25 04:44:27.202929,Target,0,4.8
6721,758,117,2026-05-21 02:31:46.202931,Amazon,0,2.34
6722,113,50,2026-05-20 08:46:32.202933,Walmart,0,1.0
6723,170,42,2026-05-21 12:40:16.202935,Target,0,0.84
6724,468,129,2026-05-23 21:07:27.202937,Walmart,0,2.58
6725,678,74,2026-05-26 13:35:20.202939,Amazon,0,1.48
6726,921,212,2026-05-23 14:00:12.202941,Target,0,4.24
6727,14,20,2026-05-25 18:28:05.202943,Amazon,0,0.4
6728,715,55,2026-05-20 16:08:59.202945,BestBuy,0,1.1
6729,288,133,2026-05-23 09:57:32.202947,BestBuy,0,2.66
6730,907,97,2026-05-21 09:16:42.202949,BestBuy,0,1.94
6731,189,56,2026-05-24 08:31:42.202951,BestBuy,0,1.12
6732,914,48,2026-05-26 11:54:16.202953,Target,0,0.96
6733,155,52,2026-05-25 23:30:41.202955,Amazon,0,1.04
6734,567,182,2026-05-20 02:49:54.202957,Walmart,0,3.64
6735,694,67,2026-05-24 13:34:50.202959,Walmart,0,1.34
6736,722,122,2026-05-22 23:29:48.202961,Walmart,0,2.44
6737,888,131,2026-05-19 16:02:00.202963,Amazon,0,2.62
6738,471,20,2026-05-21 00:13:58.202965,Target,0,0.4
6739,75,38,2026-05-22 22:52:22.202967,Amazon,0,0.76
6740,277,47,2026-05-23 11:34:18.202969,BestBuy,0,0.94
6741,940,70,2026-05-26 03:17:36.202971,Walmart,0,1.4
6742,645,45,2026-05-20 19:19:06.202973,Amazon,0,0.9
6743,343,52,2026-05-20 07:03:24.202974,BestBuy,0,1.04
6744,425,104,2026-05-22 00:21:00.202976,BestBuy,0,2.08
6745,571,41,2026-05-24 14:54:33.202978,Target,0,0.82
6746,511,164,2026-05-22 12:04:29.202980,Walmart,0,3.28
6747,857,169,2026-05-24 22:27:47.202982,Amazon,0,3.38
6748,182,93,2026-05-22 16:11:56.202984,BestBuy,0,1.86
6749,458,217,2026-05-24 20:25:26.202986,BestBuy,1,43.4
6750,918,56,2026-05-20 04:33:33.202988,Walmart,0,1.12
6751,851,187,2026-05-20 23:41:04.202990,Amazon,0,3.74
6752,833,38,2026-05-25 14:23:34.202992,Amazon,0,0.76
6753,64,126,2026-05-21 08:21:04.202994,Walmart,0,2.52
6754,839,134,2026-05-20 10:45:06.202996,BestBuy,0,2.68
6755,260,152,2026-05-24 22:41:43.202998,Target,0,3.04
6756,193,148,2026-05-19 18:06:05.202999,Walmart,0,2.96
6757,655,91,2026-05-24 22:59:41.203001,BestBuy,0,1.82
6758,616,23,2026-05-26 07:46:05.203003,Target,0,0.46
6759,972,295,2026-05-22 18:00:09.203005,Walmart,0,5.9
6760,406,101,2026-05-21 16:13:48.203007,Walmart,0,2.02
6761,726,32,2026-05-20 18:42:58.203009,BestBuy,0,0.64
6762,754,117,2026-05-23 00:25:47.203011,Walmart,0,2.34
6763,943,76,2026-05-24 12:22:30.203013,Amazon,0,1.52
6764,721,71,2026-05-19 23:02:23.203015,Amazon,0,1.42
6765,93,114,2026-05-21 23:08:49.203017,Target,0,2.28
6766,430,18,2026-05-21 18:43:45.203019,Walmart,0,0.36
6767,654,91,2026-05-25 06:08:10.203021,Amazon,0,1.82
6768,434,107,2026-05-25 12:05:05.203023,BestBuy,0,2.14
6769,404,31,2026-05-26 02:06:59.203025,BestBuy,0,0.62
6770,434,113,2026-05-20 21:39:50.203027,BestBuy,0,2.26
6771,112,146,2026-05-25 06:03:23.203029,Amazon,0,2.92
6772,929,100,2026-05-26 03:43:57.203031,Walmart,0,2.0
6773,375,69,2026-05-23 19:28:02.203033,Walmart,0,1.38
6774,59,114,2026-05-26 09:18:17.203034,Walmart,0,2.28
6775,43,33,2026-05-23 16:41:43.203036,Target,0,0.66
6776,207,102,2026-05-23 16:59:59.203038,Walmart,0,2.04
6777,780,263,2026-05-21 01:22:19.203040,Amazon,0,5.26
6778,296,14,2026-05-23 14:46:32.203042,Amazon,0,0.28
6779,118,76,2026-05-22 04:50:48.203044,Walmart,0,1.52
6780,532,100,2026-05-22 01:38:26.203046,BestBuy,0,2.0
6781,222,77,2026-05-22 20:41:40.203048,Target,0,1.54
6782,166,83,2026-05-26 01:11:16.203050,Target,0,1.66
6783,643,155,2026-05-23 17:26:49.203052,Amazon,0,3.1
6784,156,20,2026-05-26 11:45:11.203054,Target,0,0.4
6785,184,215,2026-05-20 21:23:30.203056,BestBuy,1,43.0
6786,90,3,2026-05-26 02:42:05.203058,Walmart,0,0.06
6787,94,105,2026-05-24 21:09:24.203060,Target,0,2.1
6788,13,223,2026-05-20 13:44:21.203062,Target,0,4.46
6789,973,115,2026-05-26 09:02:59.203064,Amazon,0,2.3
6790,834,5,2026-05-24 23:28:50.203066,BestBuy,0,0.1
6791,805,161,2026-05-22 04:09:46.203067,Amazon,0,3.22
6792,945,198,2026-05-26 03:29:44.203070,Amazon,0,3.96
6793,742,270,2026-05-23 13:01:20.203071,Target,0,5.4
6794,834,125,2026-05-19 23:01:02.203073,Amazon,0,2.5
6795,804,155,2026-05-21 00:39:16.203075,Amazon,0,3.1
6796,438,89,2026-05-19 23:37:39.203077,Target,0,1.78
6797,538,28,2026-05-24 11:55:39.203079,Target,0,0.56
6798,587,22,2026-05-21 10:05:01.203081,Target,0,0.44
6799,968,139,2026-05-21 22:33:52.203083,Walmart,0,2.78
6800,876,59,2026-05-24 22:01:53.203085,BestBuy,0,1.18
6801,936,37,2026-05-25 20:45:06.203087,Walmart,0,0.74
6802,811,66,2026-05-20 23:48:02.203089,Target,0,1.32
6803,150,18,2026-05-22 08:01:14.203091,BestBuy,0,0.36
6804,660,399,2026-05-23 09:55:12.203093,Amazon,0,7.98
6805,8,75,2026-05-25 23:52:08.203095,BestBuy,0,1.5
6806,29,51,2026-05-23 10:59:29.203097,Target,0,1.02
6807,296,68,2026-05-25 21:16:42.203098,Walmart,0,1.36
6808,986,84,2026-05-24 10:23:30.203100,BestBuy,0,1.68
6809,926,124,2026-05-21 13:32:33.203102,Amazon,0,2.48
6810,721,66,2026-05-20 09:39:47.203104,Walmart,0,1.32
6811,640,212,2026-05-23 15:31:38.203106,Walmart,0,4.24
6812,340,98,2026-05-21 11:40:13.203108,Walmart,0,1.96
6813,628,64,2026-05-24 15:53:58.203110,Walmart,0,1.28
6814,439,98,2026-05-20 14:30:18.203112,Amazon,0,1.96
6815,144,105,2026-05-20 12:52:29.203114,Target,0,2.1
6816,942,27,2026-05-21 17:13:40.203116,Amazon,0,0.54
6817,830,34,2026-05-23 14:58:18.203118,Target,0,0.68
6818,747,81,2026-05-25 01:40:40.203120,Target,0,1.62
6819,519,7,2026-05-21 22:20:47.203122,BestBuy,0,0.14
6820,976,145,2026-05-23 01:06:32.203124,Amazon,0,2.9
6821,45,68,2026-05-20 10:48:58.203126,Target,0,1.36
6822,955,96,2026-05-26 08:26:27.203128,Amazon,0,1.92
6823,239,183,2026-05-20 02:20:32.203130,Amazon,0,3.66
6824,952,50,2026-05-23 23:35:42.203132,Target,0,1.0
6825,944,138,2026-05-22 05:34:32.203134,Target,0,2.76
6826,155,59,2026-05-19 16:24:24.203136,Walmart,0,1.18
6827,181,150,2026-05-26 04:12:40.203138,BestBuy,0,3.0
6828,215,183,2026-05-23 16:28:39.203140,Target,0,3.66
6829,88,64,2026-05-21 12:55:14.203142,Target,0,1.28
6830,256,55,2026-05-20 23:46:24.203144,Target,0,1.1
6831,511,144,2026-05-24 02:53:08.203146,BestBuy,0,2.88
6832,73,56,2026-05-22 12:07:52.203148,Amazon,0,1.12
6833,931,16,2026-05-23 10:48:57.203149,Walmart,0,0.32
6834,179,177,2026-05-22 06:13:21.203151,Walmart,0,3.54
6835,212,57,2026-05-24 07:40:43.203153,Amazon,0,1.14
6836,805,153,2026-05-22 08:10:18.203155,BestBuy,0,3.06
6837,234,29,2026-05-24 07:46:16.203157,BestBuy,0,0.58
6838,465,126,2026-05-21 01:05:07.203159,Target,0,2.52
6839,751,144,2026-05-23 16:47:25.203161,BestBuy,0,2.88
6840,223,99,2026-05-23 13:37:18.203163,BestBuy,0,1.98
6841,631,113,2026-05-23 21:07:23.203165,Target,0,2.26
6842,825,51,2026-05-20 13:18:46.203167,Amazon,0,1.02
6843,264,249,2026-05-20 19:21:54.203169,Walmart,0,4.98
6844,207,139,2026-05-23 15:18:01.203171,Amazon,0,2.78
6845,607,76,2026-05-21 10:50:58.203173,Amazon,0,1.52
6846,885,184,2026-05-20 19:40:51.203174,Target,0,3.68
6847,734,44,2026-05-23 09:06:38.203176,Amazon,0,0.88
6848,366,46,2026-05-23 12:50:37.203178,BestBuy,0,0.92
6849,276,104,2026-05-24 23:27:52.203180,Amazon,0,2.08
6850,380,141,2026-05-25 20:58:04.203182,Amazon,0,2.82
6851,743,46,2026-05-22 08:50:50.203184,Target,0,0.92
6852,309,52,2026-05-19 14:43:50.203186,Target,0,1.04
6853,631,15,2026-05-24 12:01:01.203188,Walmart,0,0.3
6854,268,43,2026-05-24 19:09:58.203190,BestBuy,0,0.86
6855,945,204,2026-05-20 23:52:35.203192,BestBuy,1,40.8
6856,785,20,2026-05-23 20:56:21.203194,Walmart,0,0.4
6857,64,59,2026-05-21 11:29:56.203196,Walmart,0,1.18
6858,810,71,2026-05-24 17:45:31.203198,Target,0,1.42
6859,350,49,2026-05-23 05:38:12.203200,Walmart,0,0.98
6860,925,67,2026-05-24 15:45:56.203202,Amazon,0,1.34
6861,915,150,2026-05-26 09:31:21.203204,Walmart,0,3.0
6862,494,88,2026-05-20 11:53:55.203206,Amazon,0,1.76
6863,523,70,2026-05-22 13:30:45.203208,Walmart,0,1.4
6864,98,132,2026-05-25 02:41:16.203210,Target,0,2.64
6865,946,88,2026-05-24 20:03:21.203212,BestBuy,0,1.76
6866,71,160,2026-05-23 04:18:52.203214,Amazon,0,3.2
6867,364,46,2026-05-24 00:54:26.203216,BestBuy,0,0.92
6868,570,229,2026-05-20 20:35:13.203218,Amazon,0,4.58
6869,802,30,2026-05-25 13:47:38.203220,BestBuy,0,0.6
6870,763,35,2026-05-22 17:33:48.203222,Target,0,0.7
6871,276,84,2026-05-20 12:58:24.203224,Amazon,0,1.68
6872,50,9,2026-05-25 00:59:54.203226,Walmart,0,0.18
6873,358,113,2026-05-21 23:48:41.203228,Target,0,2.26
6874,728,40,2026-05-23 03:53:13.203230,BestBuy,0,0.8
6875,906,68,2026-05-21 15:20:56.203232,Amazon,0,1.36
6876,928,42,2026-05-20 05:16:01.203234,Target,0,0.84
6877,564,5,2026-05-20 12:29:51.203236,BestBuy,0,0.1
6878,783,89,2026-05-25 21:47:27.203238,Amazon,0,1.78
6879,485,306,2026-05-19 19:36:29.203240,Amazon,0,6.12
6880,84,64,2026-05-19 19:49:41.203241,Target,0,1.28
6881,899,105,2026-05-26 06:00:33.203244,BestBuy,0,2.1
6882,805,88,2026-05-21 06:28:30.203246,BestBuy,0,1.76
6883,638,123,2026-05-25 16:27:36.203248,Amazon,0,2.46
6884,808,4,2026-05-24 02:57:24.203250,BestBuy,0,0.08
6885,584,110,2026-05-19 18:26:24.203251,Walmart,0,2.2
6886,296,83,2026-05-25 21:14:43.203253,Walmart,0,1.66
6887,236,98,2026-05-22 00:32:51.203255,Amazon,0,1.96
6888,56,26,2026-05-25 01:08:23.203257,BestBuy,0,0.52
6889,919,148,2026-05-20 17:16:32.203259,Amazon,0,2.96
6890,360,39,2026-05-24 17:19:52.203261,Walmart,0,0.78
6891,907,69,2026-05-20 21:08:14.203263,Amazon,0,1.38
6892,110,78,2026-05-19 16:32:46.203265,Amazon,0,1.56
6893,192,109,2026-05-26 10:05:27.203267,Target,0,2.18
6894,904,77,2026-05-21 16:16:19.203269,Target,0,1.54
6895,93,153,2026-05-25 01:41:08.203271,Walmart,0,3.06
6896,862,40,2026-05-20 15:38:38.203273,BestBuy,0,0.8
6897,568,259,2026-05-25 13:41:13.203275,Walmart,0,5.18
6898,60,252,2026-05-25 03:48:14.203277,BestBuy,1,50.4
6899,650,121,2026-05-20 11:58:33.203279,BestBuy,0,2.42
6900,39,29,2026-05-25 17:05:05.203281,Target,0,0.58
6901,540,29,2026-05-25 08:49:28.203282,Target,0,0.58
6902,49,188,2026-05-21 11:07:44.203284,Walmart,0,3.76
6903,420,37,2026-05-25 21:17:38.203286,Walmart,0,0.74
6904,637,242,2026-05-22 14:18:23.203288,Walmart,0,4.84
6905,13,182,2026-05-22 19:59:44.203290,Target,0,3.64
6906,992,37,2026-05-22 01:31:04.203292,Target,0,0.74
6907,36,64,2026-05-21 14:16:11.203294,Amazon,0,1.28
6908,101,173,2026-05-23 11:20:45.203296,Walmart,0,3.46
6909,794,102,2026-05-26 01:10:31.203298,Amazon,0,2.04
6910,86,52,2026-05-20 14:04:15.203300,BestBuy,0,1.04
6911,516,127,2026-05-25 19:20:25.203302,Walmart,0,2.54
6912,223,171,2026-05-23 08:25:03.203304,Target,0,3.42
6913,338,16,2026-05-20 20:31:46.203306,Walmart,0,0.32
6914,960,144,2026-05-21 10:48:09.203307,Walmart,0,2.88
6915,166,164,2026-05-25 13:51:03.203309,Target,0,3.28
6916,383,10,2026-05-24 22:35:58.203311,Target,0,0.2
6917,856,72,2026-05-20 12:53:04.203313,BestBuy,0,1.44
6918,895,66,2026-05-21 06:28:45.203315,Walmart,0,1.32
6919,376,41,2026-05-21 08:03:10.203317,Walmart,0,0.82
6920,471,155,2026-05-25 07:29:06.203319,Walmart,0,3.1
6921,790,29,2026-05-24 10:23:54.203321,Walmart,0,0.58
6922,642,47,2026-05-23 11:47:55.203323,BestBuy,0,0.94
6923,31,183,2026-05-21 14:26:43.203325,Walmart,0,3.66
6924,375,82,2026-05-22 16:30:38.203327,BestBuy,0,1.64
6925,11,100,2026-05-19 16:30:00.203329,BestBuy,0,2.0
6926,988,22,2026-05-25 05:44:07.203331,Target,0,0.44
6927,302,26,2026-05-24 23:38:01.203333,Walmart,0,0.52
6928,96,103,2026-05-24 17:54:12.203335,Target,0,2.06
6929,190,36,2026-05-22 21:25:25.203337,BestBuy,0,0.72
6930,453,274,2026-05-25 04:14:02.203338,Amazon,0,5.48
6931,192,61,2026-05-25 16:31:20.203340,Amazon,0,1.22
6932,486,70,2026-05-21 01:28:53.203342,Walmart,0,1.4
6933,266,113,2026-05-20 12:13:08.203344,Amazon,0,2.26
6934,424,77,2026-05-20 20:15:50.203346,Target,0,1.54
6935,128,181,2026-05-24 05:31:06.203348,Amazon,0,3.62
6936,238,135,2026-05-20 03:52:41.203350,Amazon,0,2.7
6937,920,188,2026-05-23 13:49:20.203352,BestBuy,0,3.76
6938,355,121,2026-05-20 11:50:48.203354,Target,0,2.42
6939,940,137,2026-05-19 21:42:58.203356,Walmart,0,2.74
6940,112,54,2026-05-21 21:55:21.203358,Target,0,1.08
6941,828,93,2026-05-21 01:26:53.203360,Target,0,1.86
6942,446,150,2026-05-22 22:06:36.203362,Walmart,0,3.0
6943,343,102,2026-05-20 08:56:15.203364,Target,0,2.04
6944,145,60,2026-05-20 12:56:51.203366,BestBuy,0,1.2
6945,65,135,2026-05-25 22:20:07.203368,Walmart,0,2.7
6946,247,40,2026-05-19 13:43:20.203369,BestBuy,0,0.8
6947,735,77,2026-05-24 22:46:42.203372,Target,0,1.54
6948,991,159,2026-05-25 23:44:31.203373,Amazon,0,3.18
6949,490,310,2026-05-22 03:14:27.203375,Walmart,0,6.2
6950,825,14,2026-05-22 23:13:08.203377,Walmart,0,0.28
6951,439,155,2026-05-22 14:50:25.203379,Amazon,0,3.1
6952,106,159,2026-05-25 12:41:02.203381,Amazon,0,3.18
6953,181,51,2026-05-22 19:38:27.203383,Walmart,0,1.02
6954,184,39,2026-05-24 03:06:14.203385,Amazon,0,0.78
6955,226,34,2026-05-26 06:00:07.203387,BestBuy,0,0.68
6956,777,177,2026-05-19 21:33:42.203389,Target,0,3.54
6957,790,45,2026-05-25 22:54:26.203391,BestBuy,0,0.9
6958,909,18,2026-05-20 00:36:41.203393,Target,0,0.36
6959,89,112,2026-05-21 19:54:58.203395,Target,0,2.24
6960,688,77,2026-05-21 02:04:53.203397,Amazon,0,1.54
6961,530,68,2026-05-23 23:00:54.203399,Amazon,0,1.36
6962,371,8,2026-05-21 10:37:59.203401,BestBuy,0,0.16
6963,972,71,2026-05-21 02:39:54.203403,Amazon,0,1.42
6964,936,94,2026-05-23 21:12:15.203405,BestBuy,0,1.88
6965,913,85,2026-05-22 03:44:49.203406,Walmart,0,1.7
6966,399,22,2026-05-22 15:13:52.203408,BestBuy,0,0.44
6967,106,83,2026-05-22 10:03:18.203410,Target,0,1.66
6968,271,47,2026-05-25 06:50:27.203412,Walmart,0,0.94
6969,975,198,2026-05-25 11:01:09.203414,BestBuy,0,3.96
6970,831,65,2026-05-24 07:52:11.203416,BestBuy,0,1.3
6971,503,53,2026-05-22 08:02:07.203418,Walmart,0,1.06
6972,679,49,2026-05-24 02:19:30.203420,Walmart,0,0.98
6973,525,53,2026-05-24 03:10:13.203422,Target,0,1.06
6974,849,24,2026-05-26 12:49:18.203424,Target,0,0.48
6975,32,81,2026-05-22 17:41:53.203426,Target,0,1.62
6976,393,28,2026-05-23 00:50:38.203428,Amazon,0,0.56
6977,40,48,2026-05-24 19:46:38.203430,Target,0,0.96
6978,660,126,2026-05-23 22:31:45.203432,Amazon,0,2.52
6979,218,136,2026-05-19 18:55:22.203434,BestBuy,0,2.72
6980,731,74,2026-05-25 19:53:00.203436,BestBuy,0,1.48
6981,981,167,2026-05-24 19:40:50.203438,BestBuy,0,3.34
6982,82,84,2026-05-22 07:57:06.203440,Amazon,0,1.68
6983,845,191,2026-05-25 18:42:56.203441,BestBuy,0,3.82
6984,720,87,2026-05-24 20:36:35.203443,BestBuy,0,1.74
6985,201,37,2026-05-20 18:22:29.203445,Amazon,0,0.74
6986,447,291,2026-05-25 01:47:46.203447,Target,0,5.82
6987,844,43,2026-05-25 04:02:25.203449,Target,0,0.86
6988,428,156,2026-05-23 11:50:00.203451,Target,0,3.12
6989,38,139,2026-05-21 15:09:38.203453,Target,0,2.78
6990,211,95,2026-05-24 07:58:55.203455,Walmart,0,1.9
6991,444,47,2026-05-21 03:08:25.203457,BestBuy,0,0.94
6992,327,89,2026-05-20 08:50:04.203459,Target,0,1.78
6993,761,69,2026-05-22 13:57:59.203461,Target,0,1.38
6994,227,35,2026-05-25 07:17:23.203462,Target,0,0.7
6995,48,77,2026-05-26 01:09:37.203464,Target,0,1.54
6996,18,54,2026-05-25 16:03:37.203466,Target,0,1.08
6997,912,87,2026-05-24 22:56:01.203468,Walmart,0,1.74
6998,439,36,2026-05-24 11:34:36.203470,Walmart,0,0.72
6999,807,71,2026-05-22 00:59:08.203472,Amazon,0,1.42
7000,708,125,2026-05-23 21:51:20.203474,Amazon,0,2.5
7001,187,79,2026-05-24 23:21:48.203476,Target,0,1.58
7002,345,124,2026-05-25 06:46:14.203478,Amazon,0,2.48
7003,224,141,2026-05-19 21:37:21.203480,Walmart,0,2.82
7004,830,50,2026-05-22 10:19:23.203482,Target,0,1.0
7005,488,31,2026-05-22 17:22:53.203484,Amazon,0,0.62
7006,909,103,2026-05-20 01:32:54.203486,Amazon,0,2.06
7007,877,30,2026-05-25 05:48:08.203488,Walmart,0,0.6
7008,849,37,2026-05-26 03:55:47.203490,BestBuy,0,0.74
7009,229,87,2026-05-22 22:47:59.203492,Target,0,1.74
7010,390,88,2026-05-21 07:53:18.203493,Amazon,0,1.76
7011,979,47,2026-05-24 06:34:42.203495,Walmart,0,0.94
7012,589,53,2026-05-22 10:39:08.203498,Target,0,1.06
7013,188,71,2026-05-24 18:29:04.203500,Walmart,0,1.42
7014,858,223,2026-05-19 20:33:25.203502,Target,0,4.46
7015,270,30,2026-05-26 02:33:27.203504,BestBuy,0,0.6
7016,607,46,2026-05-21 03:51:33.203506,BestBuy,0,0.92
7017,310,63,2026-05-22 04:39:29.203507,Target,0,1.26
7018,132,145,2026-05-21 15:56:00.203509,Target,0,2.9
7019,551,86,2026-05-21 02:33:31.203512,Walmart,0,1.72
7020,72,143,2026-05-22 09:30:25.203514,Target,0,2.86
7021,793,134,2026-05-22 00:44:24.203515,Amazon,0,2.68
7022,845,339,2026-05-22 19:27:51.203517,Target,0,6.78
7023,672,69,2026-05-22 19:15:59.203519,Target,0,1.38
7024,187,113,2026-05-23 14:08:10.203521,BestBuy,0,2.26
7025,486,50,2026-05-20 15:54:47.203523,BestBuy,0,1.0
7026,191,172,2026-05-20 16:17:15.203525,Walmart,0,3.44
7027,422,171,2026-05-25 02:31:52.203528,Target,0,3.42
7028,120,57,2026-05-21 18:07:15.203530,Amazon,0,1.14
7029,220,74,2026-05-20 06:48:42.203531,Amazon,0,1.48
7030,53,132,2026-05-23 07:33:09.203534,Target,0,2.64
7031,734,135,2026-05-23 21:25:48.203535,Walmart,0,2.7
7032,451,30,2026-05-23 06:49:52.203537,Amazon,0,0.6
7033,412,25,2026-05-19 21:16:08.203540,Walmart,0,0.5
7034,643,128,2026-05-25 09:42:31.203542,Target,0,2.56
7035,237,382,2026-05-24 07:25:20.203543,Walmart,0,7.64
7036,758,34,2026-05-21 12:57:20.203545,Target,0,0.68
7037,738,163,2026-05-20 12:19:46.203547,BestBuy,0,3.26
7038,720,109,2026-05-21 08:48:16.203549,Target,0,2.18
7039,406,53,2026-05-24 22:20:21.203551,Walmart,0,1.06
7040,608,91,2026-05-21 21:06:28.203553,Amazon,0,1.82
7041,422,63,2026-05-21 20:15:32.203555,Target,0,1.26
7042,712,81,2026-05-21 09:30:38.203557,Target,0,1.62
7043,247,153,2026-05-22 03:18:54.203559,Target,0,3.06
7044,72,131,2026-05-26 04:35:09.203561,BestBuy,0,2.62
7045,830,137,2026-05-24 11:25:45.203563,BestBuy,0,2.74
7046,185,76,2026-05-25 14:23:40.203565,BestBuy,0,1.52
7047,6,105,2026-05-21 16:29:20.203567,Amazon,0,2.1
7048,206,299,2026-05-24 11:44:16.203569,Amazon,0,5.98
7049,544,54,2026-05-21 19:48:05.203571,Target,0,1.08
7050,611,91,2026-05-26 06:14:12.203573,Amazon,0,1.82
7051,906,116,2026-05-22 01:00:37.203575,Walmart,0,2.32
7052,387,27,2026-05-22 12:41:59.203577,Walmart,0,0.54
7053,768,94,2026-05-21 08:00:10.203579,BestBuy,0,1.88
7054,699,133,2026-05-25 13:17:30.203581,Walmart,0,2.66
7055,76,48,2026-05-21 09:09:32.203583,Walmart,0,0.96
7056,177,157,2026-05-24 11:53:57.203585,Target,0,3.14
7057,827,76,2026-05-24 21:22:34.203586,BestBuy,0,1.52
7058,799,88,2026-05-21 13:10:27.203588,BestBuy,0,1.76
7059,349,53,2026-05-23 07:33:08.203590,BestBuy,0,1.06
7060,255,148,2026-05-20 18:34:02.203592,Walmart,0,2.96
7061,837,40,2026-05-20 06:09:46.203594,Amazon,0,0.8
7062,702,65,2026-05-20 07:52:40.203596,Target,0,1.3
7063,308,64,2026-05-20 00:15:05.203598,Amazon,0,1.28
7064,345,106,2026-05-22 07:19:25.203600,BestBuy,0,2.12
7065,127,340,2026-05-25 10:12:36.203602,BestBuy,1,68.0
7066,937,58,2026-05-24 16:04:54.203604,Walmart,0,1.16
7067,287,47,2026-05-26 05:50:44.203606,Target,0,0.94
7068,766,116,2026-05-25 20:57:04.203608,Target,0,2.32
7069,725,68,2026-05-22 01:51:06.203610,Target,0,1.36
7070,762,45,2026-05-22 10:21:01.203612,Walmart,0,0.9
7071,596,55,2026-05-25 21:43:56.203613,Amazon,0,1.1
7072,487,113,2026-05-20 12:10:15.203615,Target,0,2.26
7073,383,214,2026-05-23 01:45:06.203617,Amazon,0,4.28
7074,406,125,2026-05-22 15:18:06.203619,Walmart,0,2.5
7075,388,15,2026-05-26 08:33:49.203621,Walmart,0,0.3
7076,525,74,2026-05-22 13:29:18.203623,Amazon,0,1.48
7077,557,40,2026-05-26 04:34:32.203625,Target,0,0.8
7078,639,152,2026-05-25 07:16:09.203627,Amazon,0,3.04
7079,938,86,2026-05-26 00:37:36.203629,Target,0,1.72
7080,626,48,2026-05-20 08:09:25.203631,BestBuy,0,0.96
7081,945,102,2026-05-20 17:15:01.203633,BestBuy,0,2.04
7082,276,90,2026-05-22 07:14:14.203635,Target,0,1.8
7083,500,31,2026-05-23 20:43:47.203637,Amazon,0,0.62
7084,717,41,2026-05-20 12:49:13.203639,Target,0,0.82
7085,337,146,2026-05-26 12:03:07.203640,Target,0,2.92
7086,950,157,2026-05-20 14:45:55.203642,Target,0,3.14
7087,932,135,2026-05-21 14:08:38.203644,BestBuy,0,2.7
7088,481,40,2026-05-21 20:57:22.203646,Walmart,0,0.8
7089,897,44,2026-05-25 21:41:03.203648,BestBuy,0,0.88
7090,911,75,2026-05-23 21:21:56.203650,Target,0,1.5
7091,973,101,2026-05-22 09:13:39.203652,Amazon,0,2.02
7092,273,165,2026-05-21 03:54:03.203654,Walmart,0,3.3
7093,920,143,2026-05-25 03:04:09.203656,Target,0,2.86
7094,58,95,2026-05-24 09:38:38.203658,Walmart,0,1.9
7095,328,146,2026-05-26 00:32:13.203660,Amazon,0,2.92
7096,731,73,2026-05-24 17:58:20.203662,Walmart,0,1.46
7097,109,156,2026-05-24 14:51:58.203664,Walmart,0,3.12
7098,279,95,2026-05-20 20:37:46.203666,Target,0,1.9
7099,686,48,2026-05-25 10:59:47.203668,Amazon,0,0.96
7100,328,24,2026-05-24 03:46:38.203670,Amazon,0,0.48
7101,776,147,2026-05-22 11:04:27.203672,BestBuy,0,2.94
7102,315,5,2026-05-25 16:02:59.203674,Walmart,0,0.1
7103,474,110,2026-05-19 15:20:21.203676,Target,0,2.2
7104,111,47,2026-05-22 12:19:55.203678,Walmart,0,0.94
7105,699,43,2026-05-24 03:06:23.203679,Walmart,0,0.86
7106,781,84,2026-05-20 08:58:40.203681,Walmart,0,1.68
7107,935,82,2026-05-26 00:01:27.203683,Target,0,1.64
7108,229,167,2026-05-21 22:51:41.203685,Walmart,0,3.34
7109,497,105,2026-05-22 06:04:01.203687,Target,0,2.1
7110,156,65,2026-05-25 15:39:04.203689,Amazon,0,1.3
7111,473,191,2026-05-21 11:42:06.203691,Walmart,0,3.82
7112,701,42,2026-05-25 08:55:43.203693,BestBuy,0,0.84
7113,272,21,2026-05-21 08:23:32.203695,Amazon,0,0.42
7114,887,89,2026-05-20 11:15:49.203697,BestBuy,0,1.78
7115,2,51,2026-05-24 01:42:40.203699,Walmart,0,1.02
7116,758,95,2026-05-20 00:26:43.203701,Amazon,0,1.9
7117,722,30,2026-05-26 05:29:04.203703,Target,0,0.6
7118,511,57,2026-05-25 08:47:14.203705,Walmart,0,1.14
7119,913,130,2026-05-25 10:12:45.203707,Walmart,0,2.6
7120,286,154,2026-05-25 07:09:41.203709,Target,0,3.08
7121,871,177,2026-05-20 12:10:56.203711,BestBuy,0,3.54
7122,13,37,2026-05-26 02:31:56.203712,Amazon,0,0.74
7123,608,143,2026-05-25 19:27:00.203714,Amazon,0,2.86
7124,498,79,2026-05-22 23:48:08.203716,Target,0,1.58
7125,733,65,2026-05-20 05:02:13.203718,Amazon,0,1.3
7126,238,119,2026-05-19 19:34:32.203720,Target,0,2.38
7127,94,151,2026-05-20 23:52:20.203722,BestBuy,0,3.02
7128,338,29,2026-05-21 22:07:26.203724,BestBuy,0,0.58
7129,781,76,2026-05-26 09:24:09.203726,Amazon,0,1.52
7130,171,45,2026-05-23 10:36:34.203728,Target,0,0.9
7131,981,128,2026-05-21 21:15:34.203730,Target,0,2.56
7132,606,94,2026-05-24 06:57:48.203732,Target,0,1.88
7133,661,121,2026-05-25 02:20:17.203734,Target,0,2.42
7134,624,113,2026-05-25 06:52:52.203736,Amazon,0,2.26
7135,567,52,2026-05-20 09:27:02.203738,Walmart,0,1.04
7136,849,20,2026-05-21 23:12:45.203740,Amazon,0,0.4
7137,936,99,2026-05-25 09:01:10.203741,Target,0,1.98
7138,467,105,2026-05-21 18:27:23.203743,Walmart,0,2.1
7139,628,100,2026-05-24 02:04:42.203745,Walmart,0,2.0
7140,143,214,2026-05-23 08:47:37.203747,Amazon,0,4.28
7141,201,142,2026-05-22 11:48:07.203749,Target,0,2.84
7142,180,95,2026-05-25 04:02:00.203751,Target,0,1.9
7143,714,85,2026-05-19 20:24:10.203753,Target,0,1.7
7144,364,191,2026-05-26 12:17:06.203755,Target,0,3.82
7145,479,107,2026-05-26 10:31:57.203757,Target,0,2.14
7146,565,64,2026-05-23 15:28:38.203759,Walmart,0,1.28
7147,471,142,2026-05-23 10:44:01.203761,Amazon,0,2.84
7148,384,43,2026-05-24 18:09:48.203763,Amazon,0,0.86
7149,692,22,2026-05-21 09:56:12.203765,BestBuy,0,0.44
7150,926,109,2026-05-25 08:05:12.203767,Amazon,0,2.18
7151,417,69,2026-05-19 23:43:35.203769,Walmart,0,1.38
7152,825,45,2026-05-23 01:23:31.203771,BestBuy,0,0.9
7153,308,34,2026-05-25 10:01:12.203773,Walmart,0,0.68
7154,649,34,2026-05-19 19:21:24.203775,Amazon,0,0.68
7155,694,122,2026-05-19 20:02:25.203777,Walmart,0,2.44
7156,367,22,2026-05-26 00:52:23.203778,Walmart,0,0.44
7157,1,134,2026-05-25 21:54:59.203780,Amazon,0,2.68
7158,44,75,2026-05-21 07:43:38.203782,Walmart,0,1.5
7159,739,36,2026-05-23 11:36:37.203784,BestBuy,0,0.72
7160,843,237,2026-05-25 10:53:24.203786,BestBuy,1,47.4
7161,98,57,2026-05-19 20:58:14.203788,Target,0,1.14
7162,720,73,2026-05-21 11:48:28.203790,BestBuy,0,1.46
7163,265,182,2026-05-24 06:03:21.203792,BestBuy,0,3.64
7164,800,51,2026-05-22 21:56:54.203794,Amazon,0,1.02
7165,783,122,2026-05-26 06:39:26.203796,BestBuy,0,2.44
7166,140,266,2026-05-22 05:07:46.203798,Amazon,0,5.32
7167,481,157,2026-05-23 14:59:36.203800,BestBuy,0,3.14
7168,237,5,2026-05-25 04:12:32.203802,Amazon,0,0.1
7169,974,198,2026-05-22 15:59:45.203804,Amazon,0,3.96
7170,953,33,2026-05-22 20:49:06.203806,Walmart,0,0.66
7171,904,207,2026-05-24 21:47:01.203808,BestBuy,1,41.4
7172,72,92,2026-05-23 06:32:57.203810,Amazon,0,1.84
7173,667,100,2026-05-21 15:09:28.203812,BestBuy,0,2.0
7174,190,175,2026-05-26 03:23:22.203814,Target,0,3.5
7175,268,87,2026-05-26 11:02:44.203816,Walmart,0,1.74
7176,321,35,2026-05-21 11:51:00.203818,Walmart,0,0.7
7177,107,47,2026-05-23 11:43:48.203820,Amazon,0,0.94
7178,232,27,2026-05-26 02:32:36.203822,BestBuy,0,0.54
7179,42,88,2026-05-19 13:58:54.203824,Walmart,0,1.76
7180,702,47,2026-05-25 10:01:12.203826,Walmart,0,0.94
7181,883,62,2026-05-22 23:36:18.203828,Walmart,0,1.24
7182,139,109,2026-05-22 07:42:19.203829,Amazon,0,2.18
7183,615,194,2026-05-21 23:56:20.203831,Target,0,3.88
7184,683,224,2026-05-24 14:27:36.203833,Amazon,0,4.48
7185,863,198,2026-05-23 07:01:24.203835,Target,0,3.96
7186,273,28,2026-05-26 05:36:44.203837,Walmart,0,0.56
7187,481,116,2026-05-24 19:05:46.203839,Target,0,2.32
7188,416,79,2026-05-23 08:20:48.203841,Amazon,0,1.58
7189,506,93,2026-05-24 21:41:04.203843,Amazon,0,1.86
7190,733,210,2026-05-21 14:20:24.203845,BestBuy,1,42.0
7191,725,246,2026-05-21 10:53:01.203847,BestBuy,1,49.2
7192,853,191,2026-05-21 10:03:03.203849,Amazon,0,3.82
7193,424,265,2026-05-23 07:05:38.203851,BestBuy,1,53.0
7194,407,31,2026-05-20 14:37:22.203853,Walmart,0,0.62
7195,568,129,2026-05-21 14:44:30.203855,Target,0,2.58
7196,390,102,2026-05-20 18:30:28.203857,Amazon,0,2.04
7197,342,58,2026-05-22 08:00:17.203859,Amazon,0,1.16
7198,946,111,2026-05-21 17:41:59.203861,BestBuy,0,2.22
7199,614,61,2026-05-25 05:58:41.203862,Amazon,0,1.22
7200,933,137,2026-05-19 23:37:25.203864,BestBuy,0,2.74
7201,493,36,2026-05-21 02:09:11.203866,Walmart,0,0.72
7202,192,62,2026-05-21 11:58:29.203868,Amazon,0,1.24
7203,499,68,2026-05-20 18:20:24.203870,Walmart,0,1.36
7204,822,53,2026-05-24 23:34:52.203872,Walmart,0,1.06
7205,712,145,2026-05-21 05:25:21.203874,Amazon,0,2.9
7206,233,89,2026-05-23 02:45:56.203876,BestBuy,0,1.78
7207,945,11,2026-05-24 10:03:46.203878,BestBuy,0,0.22
7208,227,107,2026-05-20 11:31:19.203880,Walmart,0,2.14
7209,371,51,2026-05-20 12:58:08.203882,BestBuy,0,1.02
7210,139,55,2026-05-25 20:07:22.203884,BestBuy,0,1.1
7211,856,169,2026-05-25 00:34:18.203886,Walmart,0,3.38
7212,817,50,2026-05-21 00:44:16.203888,Amazon,0,1.0
7213,149,202,2026-05-26 08:02:22.203890,Amazon,0,4.04
7214,115,62,2026-05-19 15:18:31.203892,Target,0,1.24
7215,450,36,2026-05-25 05:53:14.203894,Amazon,0,0.72
7216,63,43,2026-05-21 13:03:50.203896,BestBuy,0,0.86
7217,104,136,2026-05-21 00:18:37.203898,Target,0,2.72
7218,851,46,2026-05-24 14:55:13.203900,Target,0,0.92
7219,871,228,2026-05-25 03:24:58.203902,Target,0,4.56
7220,668,115,2026-05-23 20:27:58.203903,Amazon,0,2.3
7221,273,81,2026-05-24 16:36:18.203905,Target,0,1.62
7222,6,100,2026-05-24 15:17:28.203907,Target,0,2.0
7223,147,91,2026-05-20 08:41:35.203909,Target,0,1.82
7224,184,282,2026-05-21 23:47:33.203911,Amazon,0,5.64
7225,998,58,2026-05-23 23:51:30.203913,Amazon,0,1.16
7226,28,159,2026-05-24 20:35:52.203915,Amazon,0,3.18
7227,962,46,2026-05-21 20:19:40.203917,Amazon,0,0.92
7228,550,164,2026-05-20 14:50:26.203919,Walmart,0,3.28
7229,119,18,2026-05-20 10:10:42.203921,Amazon,0,0.36
7230,293,123,2026-05-19 15:28:41.203923,BestBuy,0,2.46
7231,371,245,2026-05-25 02:11:18.203925,Target,0,4.9
7232,244,62,2026-05-24 04:36:36.203927,Amazon,0,1.24
7233,580,78,2026-05-23 16:56:10.203929,BestBuy,0,1.56
7234,726,66,2026-05-20 16:03:38.203931,BestBuy,0,1.32
7235,218,173,2026-05-23 00:33:16.203933,BestBuy,0,3.46
7236,177,38,2026-05-20 03:51:48.203934,Walmart,0,0.76
7237,299,168,2026-05-24 02:45:48.203937,Walmart,0,3.36
7238,676,11,2026-05-25 07:54:37.203938,Walmart,0,0.22
7239,58,161,2026-05-20 20:02:30.203940,BestBuy,0,3.22
7240,269,42,2026-05-26 05:07:06.203942,Amazon,0,0.84
7241,308,31,2026-05-20 17:20:47.203944,BestBuy,0,0.62
7242,570,86,2026-05-20 07:54:09.203946,Walmart,0,1.72
7243,288,283,2026-05-20 19:11:15.203948,Walmart,0,5.66
7244,977,24,2026-05-22 11:47:52.203950,Walmart,0,0.48
7245,105,211,2026-05-20 20:12:41.203952,Amazon,0,4.22
7246,228,67,2026-05-24 11:28:37.203954,BestBuy,0,1.34
7247,247,88,2026-05-21 22:15:22.203956,Walmart,0,1.76
7248,700,49,2026-05-22 00:00:44.203958,BestBuy,0,0.98
7249,494,142,2026-05-20 17:36:16.203960,BestBuy,0,2.84
7250,83,20,2026-05-23 05:56:58.203961,Walmart,0,0.4
7251,186,59,2026-05-23 14:18:34.203963,Target,0,1.18
7252,252,87,2026-05-24 03:03:44.203965,Target,0,1.74
7253,355,153,2026-05-20 18:34:16.203967,Target,0,3.06
7254,750,72,2026-05-20 22:00:36.203969,Walmart,0,1.44
7255,872,92,2026-05-21 04:21:24.203971,BestBuy,0,1.84
7256,696,25,2026-05-21 14:46:28.203973,Target,0,0.5
7257,796,76,2026-05-21 06:43:49.203975,Amazon,0,1.52
7258,897,259,2026-05-21 20:18:23.203977,Target,0,5.18
7259,938,195,2026-05-24 05:13:49.203979,Amazon,0,3.9
7260,210,121,2026-05-20 13:11:10.203981,Target,0,2.42
7261,816,132,2026-05-24 20:32:10.203983,Target,0,2.64
7262,808,200,2026-05-19 14:41:59.203985,Target,0,4.0
7263,609,37,2026-05-24 11:21:09.203987,Amazon,0,0.74
7264,447,30,2026-05-23 18:28:35.203989,Amazon,0,0.6
7265,460,251,2026-05-23 10:32:18.203991,Target,0,5.02
7266,968,63,2026-05-23 17:28:43.203993,Amazon,0,1.26
7267,472,82,2026-05-23 16:30:25.203995,BestBuy,0,1.64
7268,720,113,2026-05-26 06:48:35.203997,Target,0,2.26
7269,370,120,2026-05-23 03:37:25.203999,BestBuy,0,2.4
7270,900,52,2026-05-23 07:48:04.204001,Walmart,0,1.04
7271,934,17,2026-05-22 08:07:13.204003,Walmart,0,0.34
7272,492,76,2026-05-24 20:04:13.204004,Walmart,0,1.52
7273,923,68,2026-05-20 10:32:40.204006,BestBuy,0,1.36
7274,137,97,2026-05-21 20:22:00.204008,Amazon,0,1.94
7275,367,53,2026-05-24 00:12:59.204010,Walmart,0,1.06
7276,912,48,2026-05-24 16:38:23.204012,Target,0,0.96
7277,184,50,2026-05-21 11:28:18.204014,Target,0,1.0
7278,588,131,2026-05-22 09:49:11.204016,Amazon,0,2.62
7279,287,133,2026-05-20 20:18:59.204018,Target,0,2.66
7280,472,93,2026-05-22 21:44:40.204020,BestBuy,0,1.86
7281,375,78,2026-05-24 09:39:50.204022,Walmart,0,1.56
7282,654,136,2026-05-22 16:00:58.204024,BestBuy,0,2.72
7283,749,60,2026-05-20 11:25:25.204026,Target,0,1.2
7284,537,233,2026-05-23 03:27:31.204028,BestBuy,1,46.6
7285,511,25,2026-05-20 19:24:32.204030,Amazon,0,0.5
7286,802,148,2026-05-23 06:28:03.204032,BestBuy,0,2.96
7287,579,97,2026-05-24 20:16:24.204034,Target,0,1.94
7288,250,38,2026-05-25 09:32:58.204036,Target,0,0.76
7289,920,11,2026-05-25 14:23:08.204038,Walmart,0,0.22
7290,510,153,2026-05-21 03:55:11.204040,BestBuy,0,3.06
7291,630,31,2026-05-20 10:58:12.204042,Amazon,0,0.62
7292,73,186,2026-05-22 05:33:58.204044,Walmart,0,3.72
7293,282,45,2026-05-25 08:11:08.204046,Target,0,0.9
7294,916,91,2026-05-25 14:58:56.204048,BestBuy,0,1.82
7295,960,82,2026-05-25 04:44:14.204049,Amazon,0,1.64
7296,360,83,2026-05-20 21:56:16.204052,Target,0,1.66
7297,10,57,2026-05-24 18:21:37.204054,Target,0,1.14
7298,211,98,2026-05-22 12:49:27.204056,Walmart,0,1.96
7299,835,77,2026-05-23 17:28:45.204058,Target,0,1.54
7300,152,53,2026-05-24 15:25:10.204060,Amazon,0,1.06
7301,5,84,2026-05-24 22:34:20.204062,Amazon,0,1.68
7302,195,194,2026-05-22 11:04:27.204064,Walmart,0,3.88
7303,954,46,2026-05-22 17:35:31.204066,Walmart,0,0.92
7304,283,84,2026-05-24 09:13:05.204068,Amazon,0,1.68
7305,464,190,2026-05-25 01:38:36.204070,Walmart,0,3.8
7306,113,130,2026-05-25 00:43:34.204071,Target,0,2.6
7307,271,78,2026-05-22 11:27:17.204073,Amazon,0,1.56
7308,163,105,2026-05-19 15:36:06.204075,Walmart,0,2.1
7309,460,17,2026-05-23 07:02:27.204077,Amazon,0,0.34
7310,105,62,2026-05-22 19:25:45.204079,Target,0,1.24
7311,693,17,2026-05-20 11:59:08.204081,Walmart,0,0.34
7312,556,31,2026-05-26 13:35:50.204083,Amazon,0,0.62
7313,282,85,2026-05-26 10:30:45.204085,Target,0,1.7
7314,687,73,2026-05-23 03:03:27.204087,Walmart,0,1.46
7315,162,90,2026-05-22 08:32:06.204089,Amazon,0,1.8
7316,983,52,2026-05-24 17:25:29.204091,Target,0,1.04
7317,351,56,2026-05-20 18:13:58.204093,Target,0,1.12
7318,434,148,2026-05-22 05:47:56.204095,Target,0,2.96
7319,852,80,2026-05-19 21:12:29.204097,BestBuy,0,1.6
7320,140,357,2026-05-25 23:16:34.204099,Target,0,7.14
7321,471,77,2026-05-24 19:00:43.204101,Target,0,1.54
7322,132,45,2026-05-23 03:01:40.204103,Walmart,0,0.9
7323,87,37,2026-05-19 17:07:05.204105,BestBuy,0,0.74
7324,688,134,2026-05-23 15:58:22.204107,Target,0,2.68
7325,183,71,2026-05-25 02:21:04.204109,Walmart,0,1.42
7326,368,259,2026-05-22 11:16:57.204111,Walmart,0,5.18
7327,129,39,2026-05-21 11:33:17.204117,Amazon,0,0.78
7328,246,166,2026-05-25 04:07:31.204121,Amazon,0,3.32
7329,601,216,2026-05-26 01:24:29.204123,BestBuy,1,43.2
7330,578,127,2026-05-23 08:27:54.204125,Walmart,0,2.54
7331,670,58,2026-05-23 01:33:17.204127,Target,0,1.16
7332,899,104,2026-05-23 06:17:38.204129,Target,0,2.08
7333,378,34,2026-05-21 09:47:03.204131,Walmart,0,0.68
7334,149,108,2026-05-22 23:46:25.204133,BestBuy,0,2.16
7335,985,28,2026-05-25 04:15:27.204135,Target,0,0.56
7336,852,272,2026-05-20 09:27:30.204137,BestBuy,1,54.4
7337,433,421,2026-05-23 21:27:14.204139,Walmart,0,8.42
7338,628,54,2026-05-25 20:44:08.204141,BestBuy,0,1.08
7339,726,79,2026-05-19 17:48:09.204143,Amazon,0,1.58
7340,469,244,2026-05-20 00:02:11.204145,BestBuy,1,48.8
7341,446,43,2026-05-23 19:34:36.204147,BestBuy,0,0.86
7342,481,157,2026-05-23 13:06:47.204148,Target,0,3.14
7343,884,111,2026-05-20 05:37:21.204151,BestBuy,0,2.22
7344,294,27,2026-05-25 07:19:23.204153,Target,0,0.54
7345,765,158,2026-05-25 12:01:02.204154,Target,0,3.16
7346,143,76,2026-05-21 00:28:20.204156,Amazon,0,1.52
7347,250,83,2026-05-20 10:10:21.204158,Target,0,1.66
7348,878,8,2026-05-21 17:10:28.204160,Walmart,0,0.16
7349,948,86,2026-05-23 11:20:08.204162,Target,0,1.72
7350,975,199,2026-05-20 03:33:03.204164,Walmart,0,3.98
7351,302,172,2026-05-22 13:31:22.204166,Target,0,3.44
7352,25,26,2026-05-26 08:47:05.204168,Walmart,0,0.52
7353,789,114,2026-05-23 08:54:41.204170,Amazon,0,2.28
7354,984,222,2026-05-20 02:13:50.204172,BestBuy,1,44.4
7355,889,109,2026-05-22 20:35:14.204174,Target,0,2.18
7356,890,13,2026-05-20 11:52:57.204176,Amazon,0,0.26
7357,901,77,2026-05-20 13:57:07.204178,Amazon,0,1.54
7358,70,191,2026-05-25 14:22:40.204180,Target,0,3.82
7359,625,90,2026-05-25 06:09:53.204182,Target,0,1.8
7360,875,84,2026-05-22 23:00:49.204184,Walmart,0,1.68
7361,112,65,2026-05-22 21:14:59.204186,Target,0,1.3
7362,364,164,2026-05-24 17:46:57.204188,Target,0,3.28
7363,303,106,2026-05-24 06:46:50.204189,Walmart,0,2.12
7364,471,57,2026-05-25 12:01:44.204191,Walmart,0,1.14
7365,964,73,2026-05-23 05:20:13.204193,Target,0,1.46
7366,91,311,2026-05-20 18:36:36.204195,Target,0,6.22
7367,530,40,2026-05-26 01:20:55.204197,Target,0,0.8
7368,661,26,2026-05-24 08:17:20.204199,BestBuy,0,0.52
7369,988,5,2026-05-22 05:02:00.204201,BestBuy,0,0.1
7370,739,15,2026-05-22 07:08:03.204203,Amazon,0,0.3
7371,726,78,2026-05-20 05:05:24.204205,Amazon,0,1.56
7372,872,160,2026-05-22 18:12:57.204207,Target,0,3.2
7373,663,254,2026-05-20 19:34:29.204209,Walmart,0,5.08
7374,192,63,2026-05-20 16:54:29.204211,Target,0,1.26
7375,963,69,2026-05-25 19:49:03.204213,Target,0,1.38
7376,552,117,2026-05-24 03:56:58.204215,Amazon,0,2.34
7377,242,67,2026-05-26 05:31:52.204217,Target,0,1.34
7378,138,92,2026-05-22 21:03:14.204219,Target,0,1.84
7379,345,106,2026-05-25 14:55:11.204221,Amazon,0,2.12
7380,180,164,2026-05-23 03:25:04.204223,Amazon,0,3.28
7381,712,37,2026-05-25 19:06:55.204225,Walmart,0,0.74
7382,503,72,2026-05-24 08:59:06.204227,Walmart,0,1.44
7383,203,166,2026-05-25 01:52:25.204229,Walmart,0,3.32
7384,573,53,2026-05-24 23:06:39.204231,BestBuy,0,1.06
7385,192,52,2026-05-20 09:22:42.204233,BestBuy,0,1.04
7386,5,18,2026-05-21 12:09:20.204235,Target,0,0.36
7387,890,107,2026-05-23 12:22:04.204237,Walmart,0,2.14
7388,237,111,2026-05-19 14:13:28.204239,Amazon,0,2.22
7389,693,42,2026-05-25 17:08:13.204241,Walmart,0,0.84
7390,311,6,2026-05-25 13:17:28.204243,Target,0,0.12
7391,549,80,2026-05-23 03:36:18.204245,BestBuy,0,1.6
7392,56,364,2026-05-20 23:33:33.204247,BestBuy,1,72.8
7393,443,148,2026-05-25 16:44:14.204249,Target,0,2.96
7394,237,77,2026-05-20 14:29:17.204251,Walmart,0,1.54
7395,870,100,2026-05-23 20:11:45.204252,Target,0,2.0
7396,861,66,2026-05-23 17:13:24.204254,Target,0,1.32
7397,197,21,2026-05-24 11:24:32.204257,BestBuy,0,0.42
7398,585,72,2026-05-24 17:05:04.204259,BestBuy,0,1.44
7399,571,60,2026-05-25 17:17:58.204261,BestBuy,0,1.2
7400,752,59,2026-05-25 09:36:48.204262,Target,0,1.18
7401,514,47,2026-05-20 13:24:31.204264,Walmart,0,0.94
7402,449,60,2026-05-24 00:36:23.204266,Target,0,1.2
7403,360,23,2026-05-25 12:03:07.204268,Walmart,0,0.46
7404,700,33,2026-05-24 07:12:06.204270,Walmart,0,0.66
7405,819,162,2026-05-20 22:44:34.204272,Target,0,3.24
7406,30,165,2026-05-23 00:14:58.204274,Walmart,0,3.3
7407,779,191,2026-05-22 02:27:35.204276,Walmart,0,3.82
7408,988,13,2026-05-21 09:55:30.204278,Target,0,0.26
7409,108,14,2026-05-23 16:21:01.204280,BestBuy,0,0.28
7410,844,114,2026-05-26 04:08:05.204282,Target,0,2.28
7411,935,72,2026-05-21 19:54:51.204284,BestBuy,0,1.44
7412,602,147,2026-05-24 01:05:00.204286,Walmart,0,2.94
7413,717,65,2026-05-24 05:36:48.204288,BestBuy,0,1.3
7414,891,74,2026-05-23 14:54:45.204289,BestBuy,0,1.48
7415,968,20,2026-05-25 06:15:51.204292,Amazon,0,0.4
7416,959,34,2026-05-23 07:07:02.204293,Amazon,0,0.68
7417,960,92,2026-05-22 21:40:36.204295,BestBuy,0,1.84
7418,445,149,2026-05-20 04:04:41.204297,Amazon,0,2.98
7419,893,274,2026-05-21 23:47:32.204299,BestBuy,1,54.8
7420,438,81,2026-05-26 09:03:17.204301,Amazon,0,1.62
7421,732,70,2026-05-22 11:44:43.204303,Walmart,0,1.4
7422,890,121,2026-05-22 16:07:37.204305,Target,0,2.42
7423,606,162,2026-05-26 10:13:54.204307,Amazon,0,3.24
7424,457,58,2026-05-21 09:30:54.204309,Target,0,1.16
7425,615,90,2026-05-20 16:53:20.204311,Amazon,0,1.8
7426,735,79,2026-05-21 12:31:17.204313,BestBuy,0,1.58
7427,698,25,2026-05-19 14:29:18.204315,Amazon,0,0.5
7428,981,67,2026-05-26 00:38:20.204317,Amazon,0,1.34
7429,696,22,2026-05-23 12:57:11.204319,Target,0,0.44
7430,495,52,2026-05-20 00:15:24.204321,Target,0,1.04
7431,674,23,2026-05-21 17:38:40.204323,Amazon,0,0.46
7432,247,8,2026-05-23 18:05:07.204325,Target,0,0.16
7433,543,84,2026-05-25 20:46:40.204327,Amazon,0,1.68
7434,564,59,2026-05-21 04:36:19.204328,BestBuy,0,1.18
7435,857,21,2026-05-22 07:46:53.204330,BestBuy,0,0.42
7436,588,6,2026-05-22 19:55:48.204332,Walmart,0,0.12
7437,897,40,2026-05-25 23:31:56.204334,Target,0,0.8
7438,439,171,2026-05-24 01:17:25.204336,Amazon,0,3.42
7439,278,42,2026-05-20 12:56:02.204338,BestBuy,0,0.84
7440,552,2,2026-05-24 15:33:01.204340,Walmart,0,0.04
7441,613,130,2026-05-20 22:12:39.204342,Walmart,0,2.6
7442,111,36,2026-05-23 01:13:20.204344,Amazon,0,0.72
7443,385,38,2026-05-25 03:40:40.204346,Walmart,0,0.76
7444,833,21,2026-05-21 10:27:37.204348,Walmart,0,0.42
7445,761,20,2026-05-23 22:35:07.204349,Amazon,0,0.4
7446,191,56,2026-05-20 22:11:35.204351,Walmart,0,1.12
7447,490,48,2026-05-24 02:21:04.204353,Walmart,0,0.96
7448,694,120,2026-05-22 08:55:19.204355,Amazon,0,2.4
7449,426,47,2026-05-23 00:47:38.204357,Amazon,0,0.94
7450,405,151,2026-05-25 23:49:32.204359,BestBuy,0,3.02
7451,335,104,2026-05-22 17:06:02.204361,Walmart,0,2.08
7452,209,225,2026-05-21 11:20:43.204363,BestBuy,1,45.0
7453,22,74,2026-05-23 09:59:53.204365,BestBuy,0,1.48
7454,678,265,2026-05-22 21:24:00.204367,Target,0,5.3
7455,611,33,2026-05-26 09:06:10.204369,Amazon,0,0.66
7456,208,39,2026-05-20 18:54:19.204371,Target,0,0.78
7457,8,94,2026-05-21 21:49:03.204373,Amazon,0,1.88
7458,702,57,2026-05-21 22:20:35.204375,Target,0,1.14
7459,687,201,2026-05-26 07:50:16.204377,Amazon,0,4.02
7460,785,94,2026-05-23 14:58:36.204379,Walmart,0,1.88
7461,529,107,2026-05-23 15:58:47.204381,Walmart,0,2.14
7462,602,147,2026-05-20 03:23:44.204383,BestBuy,0,2.94
7463,653,108,2026-05-22 05:31:52.204385,Target,0,2.16
7464,657,130,2026-05-21 14:16:15.204387,BestBuy,0,2.6
7465,166,30,2026-05-25 03:40:40.204392,Target,0,0.6
7466,849,130,2026-05-23 17:18:41.204395,Amazon,0,2.6
7467,496,149,2026-05-21 09:41:01.204397,Amazon,0,2.98
7468,590,97,2026-05-21 12:59:58.204399,Target,0,1.94
7469,429,178,2026-05-21 02:46:02.204401,Target,0,3.56
7470,774,124,2026-05-24 20:27:39.204402,Walmart,0,2.48
7471,163,110,2026-05-25 01:44:27.204404,Target,0,2.2
7472,366,106,2026-05-25 19:23:29.204406,Walmart,0,2.12
7473,526,71,2026-05-20 14:02:07.204408,Target,0,1.42
7474,239,187,2026-05-21 09:39:48.204410,Walmart,0,3.74
7475,72,32,2026-05-19 21:40:56.204412,BestBuy,0,0.64
7476,445,78,2026-05-22 03:33:17.204414,Walmart,0,1.56
7477,655,101,2026-05-23 10:08:22.204416,BestBuy,0,2.02
7478,822,99,2026-05-22 21:13:51.204418,Walmart,0,1.98
7479,509,43,2026-05-19 13:45:26.204420,Amazon,0,0.86
7480,795,38,2026-05-24 00:57:28.204422,Walmart,0,0.76
7481,269,19,2026-05-25 05:43:17.204424,Target,0,0.38
7482,753,9,2026-05-19 19:16:28.204426,BestBuy,0,0.18
7483,415,53,2026-05-20 05:47:07.204428,Target,0,1.06
7484,245,70,2026-05-26 06:29:07.204430,Target,0,1.4
7485,675,46,2026-05-20 07:04:02.204432,Amazon,0,0.92
7486,60,98,2026-05-23 22:29:29.204434,Walmart,0,1.96
7487,6,137,2026-05-26 06:11:25.204436,Amazon,0,2.74
7488,709,121,2026-05-24 15:59:15.204438,Walmart,0,2.42
7489,982,149,2026-05-20 22:51:18.204439,Target,0,2.98
7490,570,73,2026-05-23 13:49:54.204441,Walmart,0,1.46
7491,817,28,2026-05-21 21:53:31.204443,Amazon,0,0.56
7492,407,9,2026-05-19 18:25:16.204445,BestBuy,0,0.18
7493,217,234,2026-05-26 10:29:53.204447,Amazon,0,4.68
7494,930,27,2026-05-24 10:38:51.204449,Amazon,0,0.54
7495,26,195,2026-05-23 07:15:21.204451,Amazon,0,3.9
7496,815,45,2026-05-23 17:11:08.204453,BestBuy,0,0.9
7497,5,63,2026-05-22 21:30:01.204455,Target,0,1.26
7498,986,64,2026-05-25 14:48:48.204457,Amazon,0,1.28
7499,532,142,2026-05-20 20:49:35.204459,Amazon,0,2.84
7500,390,20,2026-05-23 10:18:53.204461,Amazon,0,0.4
7501,710,320,2026-05-21 12:12:21.204463,BestBuy,1,64.0
7502,571,31,2026-05-21 17:06:42.204465,BestBuy,0,0.62
7503,448,119,2026-05-26 09:12:55.204467,BestBuy,0,2.38
7504,754,42,2026-05-25 17:51:58.204469,Target,0,0.84
7505,146,73,2026-05-22 13:22:13.204471,Walmart,0,1.46
7506,388,34,2026-05-24 20:12:42.204473,Target,0,0.68
7507,785,42,2026-05-22 17:30:17.204475,Target,0,0.84
7508,249,180,2026-05-20 00:37:21.204477,Target,0,3.6
7509,526,151,2026-05-25 18:55:24.204479,Walmart,0,3.02
7510,462,26,2026-05-24 07:44:37.204480,Amazon,0,0.52
7511,13,56,2026-05-22 12:34:43.204482,BestBuy,0,1.12
7512,903,103,2026-05-20 23:00:20.204485,Target,0,2.06
7513,384,62,2026-05-24 01:16:06.204487,BestBuy,0,1.24
7514,556,64,2026-05-23 14:28:40.204489,BestBuy,0,1.28
7515,887,110,2026-05-20 14:15:17.204491,BestBuy,0,2.2
7516,399,81,2026-05-24 11:05:10.204493,Amazon,0,1.62
7517,19,81,2026-05-24 19:14:15.204495,BestBuy,0,1.62
7518,575,34,2026-05-24 12:15:35.204497,BestBuy,0,0.68
7519,491,68,2026-05-20 16:27:18.204499,Amazon,0,1.36
7520,751,85,2026-05-21 02:31:49.204501,BestBuy,0,1.7
7521,419,84,2026-05-20 08:56:17.204503,Walmart,0,1.68
7522,337,158,2026-05-24 06:21:36.204505,Walmart,0,3.16
7523,419,84,2026-05-24 18:58:42.204507,Target,0,1.68
7524,915,163,2026-05-22 05:47:25.204508,Walmart,0,3.26
7525,916,118,2026-05-22 23:27:48.204510,Walmart,0,2.36
7526,612,21,2026-05-20 08:33:21.204512,Walmart,0,0.42
7527,675,63,2026-05-20 14:51:51.204514,Amazon,0,1.26
7528,928,255,2026-05-20 04:15:46.204516,Walmart,0,5.1
7529,122,134,2026-05-26 03:51:16.204518,BestBuy,0,2.68
7530,432,94,2026-05-24 18:28:41.204520,Target,0,1.88
7531,44,116,2026-05-25 02:55:36.204522,BestBuy,0,2.32
7532,872,21,2026-05-21 20:12:32.204524,BestBuy,0,0.42
7533,920,28,2026-05-24 16:07:39.204526,Walmart,0,0.56
7534,317,23,2026-05-24 12:20:09.204528,Target,0,0.46
7535,381,111,2026-05-23 18:39:36.204530,BestBuy,0,2.22
7536,145,255,2026-05-24 14:36:54.204532,Target,0,5.1
7537,327,126,2026-05-22 19:01:00.204534,Walmart,0,2.52
7538,363,69,2026-05-20 01:51:02.204536,BestBuy,0,1.38
7539,50,94,2026-05-21 02:46:10.204538,Amazon,0,1.88
7540,65,24,2026-05-24 04:33:50.204540,BestBuy,0,0.48
7541,355,122,2026-05-25 15:36:40.204542,BestBuy,0,2.44
7542,800,24,2026-05-22 13:44:06.204544,Target,0,0.48
7543,164,17,2026-05-22 00:29:01.204546,Target,0,0.34
7544,141,29,2026-05-26 00:35:20.204548,Target,0,0.58
7545,966,97,2026-05-23 04:11:45.204550,Walmart,0,1.94
7546,826,97,2026-05-23 14:03:06.204552,Target,0,1.94
7547,128,123,2026-05-20 08:04:12.204554,Walmart,0,2.46
7548,398,21,2026-05-24 06:05:54.204556,Target,0,0.42
7549,933,114,2026-05-22 03:44:42.204558,Amazon,0,2.28
7550,880,300,2026-05-20 14:15:06.204560,Target,0,6.0
7551,463,70,2026-05-19 16:38:53.204562,Walmart,0,1.4
7552,751,80,2026-05-24 19:53:54.204564,Walmart,0,1.6
7553,836,45,2026-05-24 04:26:16.204566,BestBuy,0,0.9
7554,808,187,2026-05-25 17:42:42.204568,Target,0,3.74
7555,187,121,2026-05-25 01:22:06.204570,Walmart,0,2.42
7556,720,93,2026-05-24 08:37:13.204571,BestBuy,0,1.86
7557,732,100,2026-05-23 21:28:07.204573,Amazon,0,2.0
7558,912,134,2026-05-22 10:22:16.204575,Walmart,0,2.68
7559,190,107,2026-05-20 18:20:53.204577,Target,0,2.14
7560,388,36,2026-05-19 15:26:42.204579,Amazon,0,0.72
7561,429,67,2026-05-21 19:58:45.204581,Walmart,0,1.34
7562,858,146,2026-05-25 18:50:24.204583,Target,0,2.92
7563,284,45,2026-05-23 07:50:45.204585,Walmart,0,0.9
7564,864,34,2026-05-22 08:26:23.204587,Target,0,0.68
7565,237,66,2026-05-23 18:49:37.204589,BestBuy,0,1.32
7566,194,19,2026-05-23 02:45:49.204591,Walmart,0,0.38
7567,287,196,2026-05-23 10:28:28.204593,Walmart,0,3.92
7568,771,116,2026-05-24 09:16:57.204595,Amazon,0,2.32
7569,758,20,2026-05-25 09:29:32.204597,BestBuy,0,0.4
7570,136,189,2026-05-24 16:14:33.204599,Amazon,0,3.78
7571,792,120,2026-05-21 15:38:04.204600,Walmart,0,2.4
7572,783,61,2026-05-24 21:21:38.204602,BestBuy,0,1.22
7573,171,59,2026-05-23 08:41:19.204604,Target,0,1.18
7574,159,179,2026-05-20 02:51:11.204606,BestBuy,0,3.58
7575,201,104,2026-05-22 07:44:53.204608,BestBuy,0,2.08
7576,487,84,2026-05-19 15:41:01.204610,Target,0,1.68
7577,557,100,2026-05-21 13:58:58.204612,Walmart,0,2.0
7578,962,83,2026-05-24 16:12:38.204614,Walmart,0,1.66
7579,776,84,2026-05-24 03:58:20.204616,Amazon,0,1.68
7580,583,100,2026-05-19 20:53:26.204618,Walmart,0,2.0
7581,504,91,2026-05-25 08:07:36.204620,Walmart,0,1.82
7582,876,24,2026-05-22 12:54:09.204622,Target,0,0.48
7583,371,156,2026-05-19 20:56:36.204624,Amazon,0,3.12
7584,103,198,2026-05-26 04:53:59.204625,BestBuy,0,3.96
7585,125,88,2026-05-20 16:35:38.204628,Amazon,0,1.76
7586,313,173,2026-05-21 11:02:35.204629,Walmart,0,3.46
7587,976,133,2026-05-24 22:02:50.204631,Amazon,0,2.66
7588,995,79,2026-05-20 13:46:01.204633,BestBuy,0,1.58
7589,798,80,2026-05-24 11:56:59.204635,Target,0,1.6
7590,458,187,2026-05-19 18:30:53.204638,Walmart,0,3.74
7591,230,116,2026-05-20 02:52:15.204639,Walmart,0,2.32
7592,658,198,2026-05-22 03:13:28.204641,BestBuy,0,3.96
7593,882,22,2026-05-20 08:32:07.204643,Target,0,0.44
7594,197,63,2026-05-25 21:31:09.204645,Amazon,0,1.26
7595,885,28,2026-05-21 14:42:36.204647,BestBuy,0,0.56
7596,733,139,2026-05-23 13:18:57.204649,Amazon,0,2.78
7597,423,14,2026-05-21 07:22:14.204651,Target,0,0.28
7598,572,57,2026-05-20 02:04:36.204653,Target,0,1.14
7599,610,172,2026-05-22 20:23:43.204655,Target,0,3.44
7600,171,136,2026-05-19 14:56:41.204657,Target,0,2.72
7601,382,226,2026-05-23 19:42:20.204659,Amazon,0,4.52
7602,173,59,2026-05-24 05:17:09.204661,BestBuy,0,1.18
7603,663,70,2026-05-25 14:50:05.204663,BestBuy,0,1.4
7604,453,69,2026-05-20 06:31:56.204665,Amazon,0,1.38
7605,350,55,2026-05-19 15:19:14.204667,Target,0,1.1
7606,902,109,2026-05-19 22:43:45.204669,Target,0,2.18
7607,952,16,2026-05-19 19:27:08.204671,Walmart,0,0.32
7608,634,197,2026-05-21 20:40:46.204673,Walmart,0,3.94
7609,494,159,2026-05-23 09:46:05.204675,Amazon,0,3.18
7610,620,20,2026-05-23 13:20:09.204677,BestBuy,0,0.4
7611,4,26,2026-05-22 20:00:49.204679,Walmart,0,0.52
7612,93,108,2026-05-20 16:57:25.204681,Walmart,0,2.16
7613,919,82,2026-05-20 14:21:31.204683,BestBuy,0,1.64
7614,6,319,2026-05-22 16:21:30.204685,Walmart,0,6.38
7615,288,143,2026-05-25 11:46:07.204687,BestBuy,0,2.86
7616,618,32,2026-05-25 10:53:07.204689,Amazon,0,0.64
7617,146,6,2026-05-20 09:51:04.204691,Walmart,0,0.12
7618,783,94,2026-05-23 21:39:22.204693,Target,0,1.88
7619,424,109,2026-05-24 10:48:24.204695,Amazon,0,2.18
7620,890,83,2026-05-26 10:27:03.204697,Walmart,0,1.66
7621,608,63,2026-05-26 10:29:49.204699,BestBuy,0,1.26
7622,457,122,2026-05-25 06:54:22.204701,Amazon,0,2.44
7623,741,27,2026-05-20 09:49:38.204703,Walmart,0,0.54
7624,202,53,2026-05-22 10:43:42.204705,Amazon,0,1.06
7625,212,48,2026-05-25 00:22:58.204707,Target,0,0.96
7626,6,97,2026-05-20 08:23:44.204709,Walmart,0,1.94
7627,624,51,2026-05-26 08:09:12.204711,Walmart,0,1.02
7628,376,114,2026-05-22 00:24:16.204713,BestBuy,0,2.28
7629,891,81,2026-05-25 16:43:59.204715,Amazon,0,1.62
7630,447,251,2026-05-23 23:42:22.204717,Target,0,5.02
7631,835,42,2026-05-20 14:15:39.204719,BestBuy,0,0.84
7632,106,156,2026-05-23 06:33:22.204721,Walmart,0,3.12
7633,651,10,2026-05-23 15:05:45.204723,BestBuy,0,0.2
7634,811,190,2026-05-26 06:44:07.204725,BestBuy,0,3.8
7635,401,43,2026-05-24 21:45:38.204727,Target,0,0.86
7636,96,190,2026-05-25 09:47:32.204729,Walmart,0,3.8
7637,388,126,2026-05-25 22:05:18.204731,Target,0,2.52
7638,959,163,2026-05-24 06:14:03.204733,Walmart,0,3.26
7639,452,60,2026-05-22 12:07:21.204735,Amazon,0,1.2
7640,849,102,2026-05-23 13:07:56.204737,Amazon,0,2.04
7641,809,14,2026-05-20 23:06:55.204740,Target,0,0.28
7642,979,40,2026-05-20 09:39:05.204742,BestBuy,0,0.8
7643,901,29,2026-05-22 18:19:00.204744,Walmart,0,0.58
7644,416,211,2026-05-23 08:11:20.204746,Walmart,0,4.22
7645,726,149,2026-05-26 01:28:52.204748,Target,0,2.98
7646,504,365,2026-05-19 16:47:57.204750,BestBuy,1,73.0
7647,454,84,2026-05-24 06:39:04.204752,BestBuy,0,1.68
7648,291,213,2026-05-22 14:56:07.204754,Walmart,0,4.26
7649,534,87,2026-05-24 19:25:18.204756,Amazon,0,1.74
7650,193,19,2026-05-20 04:23:15.204758,Walmart,0,0.38
7651,980,46,2026-05-20 21:43:59.204760,Amazon,0,0.92
7652,150,168,2026-05-22 04:43:42.204762,Target,0,3.36
7653,880,100,2026-05-23 22:41:49.204764,BestBuy,0,2.0
7654,759,263,2026-05-24 17:11:05.204766,Walmart,0,5.26
7655,779,93,2026-05-26 06:16:13.204768,Target,0,1.86
7656,973,40,2026-05-24 16:50:12.204770,BestBuy,0,0.8
7657,763,121,2026-05-21 17:43:48.204772,Amazon,0,2.42
7658,515,52,2026-05-22 04:12:31.204774,Target,0,1.04
7659,393,59,2026-05-20 06:40:07.204775,Target,0,1.18
7660,316,212,2026-05-25 04:00:59.204778,Walmart,0,4.24
7661,76,29,2026-05-22 03:17:15.204780,Target,0,0.58
7662,599,66,2026-05-26 12:26:50.204782,Target,0,1.32
7663,270,84,2026-05-20 22:35:26.204784,Walmart,0,1.68
7664,225,28,2026-05-22 16:49:02.204786,Target,0,0.56
7665,530,74,2026-05-20 00:47:49.204788,Amazon,0,1.48
7666,113,109,2026-05-22 22:33:09.204790,Walmart,0,2.18
7667,251,67,2026-05-20 14:06:17.204792,Amazon,0,1.34
7668,233,176,2026-05-25 11:37:33.204794,Walmart,0,3.52
7669,841,88,2026-05-20 13:39:50.204796,BestBuy,0,1.76
7670,791,296,2026-05-22 16:33:48.204798,Target,0,5.92
7671,714,227,2026-05-20 08:12:15.204800,BestBuy,1,45.4
7672,83,82,2026-05-22 02:02:30.204802,Amazon,0,1.64
7673,125,78,2026-05-20 14:32:03.204804,BestBuy,0,1.56
7674,175,141,2026-05-19 20:42:55.204806,Amazon,0,2.82
7675,69,4,2026-05-21 17:05:08.204808,BestBuy,0,0.08
7676,47,44,2026-05-23 22:55:12.204810,Amazon,0,0.88
7677,884,45,2026-05-22 13:05:09.204812,Target,0,0.9
7678,256,270,2026-05-25 01:47:03.204814,BestBuy,1,54.0
7679,727,50,2026-05-25 09:52:22.204816,Amazon,0,1.0
7680,30,50,2026-05-25 04:30:19.204818,Amazon,0,1.0
7681,281,45,2026-05-20 23:19:36.204820,BestBuy,0,0.9
7682,924,50,2026-05-24 19:43:51.204822,BestBuy,0,1.0
7683,994,37,2026-05-26 12:20:06.204824,BestBuy,0,0.74
7684,237,76,2026-05-19 23:04:07.204826,Target,0,1.52
7685,248,179,2026-05-25 23:31:29.204828,Target,0,3.58
7686,368,73,2026-05-22 00:02:53.204830,Target,0,1.46
7687,495,46,2026-05-25 06:14:50.204832,BestBuy,0,0.92
7688,25,87,2026-05-22 23:27:49.204834,Amazon,0,1.74
7689,586,153,2026-05-24 13:57:36.204836,Amazon,0,3.06
7690,718,100,2026-05-21 22:01:52.204838,Amazon,0,2.0
7691,490,81,2026-05-20 11:24:39.204840,Walmart,0,1.62
7692,494,54,2026-05-21 05:29:30.204842,BestBuy,0,1.08
7693,314,46,2026-05-22 00:54:57.204844,Amazon,0,0.92
7694,606,161,2026-05-23 23:19:43.204846,BestBuy,0,3.22
7695,375,209,2026-05-23 02:02:12.204848,BestBuy,1,41.8
7696,639,374,2026-05-22 07:27:15.204850,Amazon,0,7.48
7697,937,51,2026-05-23 03:00:29.204852,BestBuy,0,1.02
7698,25,65,2026-05-26 02:39:55.204854,Walmart,0,1.3
7699,334,78,2026-05-25 22:51:51.204856,Walmart,0,1.56
7700,355,35,2026-05-23 12:29:27.204858,Amazon,0,0.7
7701,116,81,2026-05-23 01:45:33.204860,BestBuy,0,1.62
7702,48,20,2026-05-25 22:40:57.204862,Walmart,0,0.4
7703,738,95,2026-05-24 17:17:47.204864,Amazon,0,1.9
7704,778,210,2026-05-26 06:12:25.204866,Target,0,4.2
7705,99,92,2026-05-21 12:17:12.204868,Target,0,1.84
7706,459,45,2026-05-24 17:49:01.204870,Target,0,0.9
7707,523,54,2026-05-22 05:04:15.204872,Target,0,1.08
7708,597,31,2026-05-25 21:03:38.204874,Walmart,0,0.62
7709,405,85,2026-05-23 05:57:31.204876,Amazon,0,1.7
7710,214,34,2026-05-24 09:42:51.204878,Walmart,0,0.68
7711,685,34,2026-05-23 23:58:28.204880,Target,0,0.68
7712,903,37,2026-05-25 23:04:58.204882,BestBuy,0,0.74
7713,503,90,2026-05-22 04:56:41.204888,Target,0,1.8
7714,721,65,2026-05-20 13:18:12.204890,BestBuy,0,1.3
7715,448,210,2026-05-22 14:13:58.204892,Amazon,0,4.2
7716,894,28,2026-05-22 00:22:04.204894,Walmart,0,0.56
7717,576,221,2026-05-25 22:57:24.204896,BestBuy,1,44.2
7718,258,205,2026-05-25 17:49:06.204898,Target,0,4.1
7719,844,74,2026-05-24 17:41:00.204900,Walmart,0,1.48
7720,121,50,2026-05-22 12:36:07.204902,BestBuy,0,1.0
7721,810,57,2026-05-24 01:13:26.204904,Amazon,0,1.14
7722,978,33,2026-05-24 04:58:58.204906,BestBuy,0,0.66
7723,54,81,2026-05-21 17:35:32.204908,BestBuy,0,1.62
7724,331,108,2026-05-22 09:38:38.204910,Amazon,0,2.16
7725,784,132,2026-05-24 07:49:48.204912,Walmart,0,2.64
7726,241,115,2026-05-20 09:44:39.204914,Amazon,0,2.3
7727,755,92,2026-05-23 13:09:29.204916,Walmart,0,1.84
7728,530,91,2026-05-21 08:16:15.204918,Walmart,0,1.82
7729,483,25,2026-05-26 09:44:45.204920,Walmart,0,0.5
7730,187,101,2026-05-20 03:35:16.204921,BestBuy,0,2.02
7731,858,184,2026-05-23 13:16:44.204923,Target,0,3.68
7732,656,323,2026-05-25 07:48:33.204925,Target,0,6.46
7733,262,58,2026-05-24 10:45:15.204927,BestBuy,0,1.16
7734,953,145,2026-05-21 10:25:07.204929,Walmart,0,2.9
7735,364,68,2026-05-25 03:57:09.204931,Amazon,0,1.36
7736,491,133,2026-05-20 06:56:33.204933,Amazon,0,2.66
7737,431,50,2026-05-25 19:17:42.204935,Target,0,1.0
7738,239,60,2026-05-25 14:02:28.204937,Walmart,0,1.2
7739,304,44,2026-05-24 15:09:24.204939,BestBuy,0,0.88
7740,298,97,2026-05-24 23:18:02.204941,BestBuy,0,1.94
7741,76,13,2026-05-26 01:05:09.204943,Target,0,0.26
7742,700,89,2026-05-20 14:46:05.204945,Walmart,0,1.78
7743,333,147,2026-05-24 17:16:48.204947,Amazon,0,2.94
7744,900,8,2026-05-19 23:13:48.204949,Amazon,0,0.16
7745,999,214,2026-05-22 03:30:35.204951,BestBuy,1,42.8
7746,758,12,2026-05-20 10:37:38.204953,Target,0,0.24
7747,642,137,2026-05-25 10:08:36.204955,BestBuy,0,2.74
7748,474,52,2026-05-20 19:20:47.204957,Amazon,0,1.04
7749,827,141,2026-05-19 14:09:45.204959,BestBuy,0,2.82
7750,923,62,2026-05-25 01:32:03.204961,Walmart,0,1.24
7751,283,123,2026-05-23 06:24:29.204963,Amazon,0,2.46
7752,591,58,2026-05-25 13:57:00.204965,Amazon,0,1.16
7753,72,41,2026-05-22 07:41:25.204967,BestBuy,0,0.82
7754,263,40,2026-05-25 05:11:10.204969,BestBuy,0,0.8
7755,703,126,2026-05-20 14:20:21.204971,Target,0,2.52
7756,879,60,2026-05-22 05:39:31.204973,BestBuy,0,1.2
7757,887,123,2026-05-24 09:22:12.204976,Walmart,0,2.46
7758,942,131,2026-05-22 12:39:19.204978,Target,0,2.62
7759,575,132,2026-05-19 17:53:13.204980,Target,0,2.64
7760,1000,46,2026-05-20 05:33:16.204983,Amazon,0,0.92
7761,892,52,2026-05-22 08:42:29.204986,Walmart,0,1.04
7762,12,131,2026-05-23 09:21:28.204988,Walmart,0,2.62
7763,141,17,2026-05-25 15:32:36.204991,Target,0,0.34
7764,766,126,2026-05-22 13:16:40.204993,Target,0,2.52
7765,555,178,2026-05-21 05:22:22.204996,Amazon,0,3.56
7766,17,63,2026-05-23 08:19:42.204997,BestBuy,0,1.26
7767,63,188,2026-05-25 04:51:30.204999,Walmart,0,3.76
7768,253,94,2026-05-23 21:33:22.205001,Walmart,0,1.88
7769,465,118,2026-05-22 18:59:43.205004,Amazon,0,2.36
7770,376,75,2026-05-25 13:06:40.205005,Target,0,1.5
7771,804,48,2026-05-26 04:50:57.205007,Walmart,0,0.96
7772,981,98,2026-05-23 20:24:00.205009,Amazon,0,1.96
7773,520,55,2026-05-22 17:11:56.205011,Target,0,1.1
7774,837,142,2026-05-23 08:40:41.205013,Amazon,0,2.84
7775,90,58,2026-05-26 02:14:42.205015,Walmart,0,1.16
7776,720,103,2026-05-24 02:06:49.205017,Target,0,2.06
7777,804,92,2026-05-24 12:22:21.205019,Amazon,0,1.84
7778,796,2,2026-05-23 22:07:56.205021,Amazon,0,0.04
7779,630,107,2026-05-21 10:49:12.205024,Amazon,0,2.14
7780,861,146,2026-05-22 23:12:26.205026,Walmart,0,2.92
7781,175,18,2026-05-26 03:56:35.205028,Walmart,0,0.36
7782,76,90,2026-05-23 18:46:10.205030,BestBuy,0,1.8
7783,613,112,2026-05-20 22:37:53.205032,Walmart,0,2.24
7784,926,89,2026-05-20 08:08:22.205034,Amazon,0,1.78
7785,663,66,2026-05-25 13:37:47.205036,Walmart,0,1.32
7786,400,63,2026-05-26 05:19:00.205038,Amazon,0,1.26
7787,782,24,2026-05-23 11:20:33.205040,Amazon,0,0.48
7788,970,46,2026-05-25 19:27:02.205042,Amazon,0,0.92
7789,71,249,2026-05-20 22:20:31.205043,Target,0,4.98
7790,180,127,2026-05-21 17:42:40.205045,BestBuy,0,2.54
7791,124,68,2026-05-23 20:17:09.205047,BestBuy,0,1.36
7792,381,53,2026-05-21 21:25:58.205049,Amazon,0,1.06
7793,293,181,2026-05-25 10:46:12.205051,Walmart,0,3.62
7794,797,49,2026-05-22 00:36:56.205053,BestBuy,0,0.98
7795,195,155,2026-05-23 04:55:27.205055,Amazon,0,3.1
7796,911,19,2026-05-20 07:30:44.205057,Walmart,0,0.38
7797,228,72,2026-05-21 23:00:58.205059,Target,0,1.44
7798,431,194,2026-05-22 12:59:17.205061,Target,0,3.88
7799,942,50,2026-05-22 23:07:39.205063,Amazon,0,1.0
7800,436,37,2026-05-22 19:38:41.205065,Walmart,0,0.74
7801,787,76,2026-05-20 12:40:39.205067,Target,0,1.52
7802,461,164,2026-05-26 02:33:03.205069,Target,0,3.28
7803,618,165,2026-05-20 17:34:27.205071,Target,0,3.3
7804,21,67,2026-05-26 05:29:54.205073,Walmart,0,1.34
7805,64,64,2026-05-22 13:09:56.205075,Amazon,0,1.28
7806,165,148,2026-05-22 18:59:59.205076,Amazon,0,2.96
7807,27,139,2026-05-24 19:42:31.205078,Target,0,2.78
7808,311,111,2026-05-23 11:24:02.205080,Amazon,0,2.22
7809,285,26,2026-05-21 16:52:33.205082,BestBuy,0,0.52
7810,660,172,2026-05-24 08:30:13.205084,Target,0,3.44
7811,281,151,2026-05-21 20:39:54.205086,Walmart,0,3.02
7812,838,21,2026-05-25 19:57:29.205088,Amazon,0,0.42
7813,831,127,2026-05-24 19:05:05.205090,Walmart,0,2.54
7814,164,187,2026-05-21 07:59:30.205092,Amazon,0,3.74
7815,898,44,2026-05-22 17:17:37.205094,Walmart,0,0.88
7816,918,38,2026-05-24 16:47:07.205096,Walmart,0,0.76
7817,224,6,2026-05-25 23:02:00.205097,Amazon,0,0.12
7818,784,81,2026-05-20 07:25:36.205099,Target,0,1.62
7819,146,90,2026-05-23 04:07:31.205101,Target,0,1.8
7820,965,171,2026-05-24 15:07:12.205103,Walmart,0,3.42
7821,950,82,2026-05-24 04:47:54.205105,BestBuy,0,1.64
7822,868,64,2026-05-25 16:36:03.205107,Walmart,0,1.28
7823,30,91,2026-05-22 08:05:24.205109,BestBuy,0,1.82
7824,45,65,2026-05-24 12:54:33.205111,Target,0,1.3
7825,787,130,2026-05-26 03:52:01.205113,BestBuy,0,2.6
7826,471,49,2026-05-23 03:19:15.205115,Amazon,0,0.98
7827,34,13,2026-05-19 15:36:56.205117,BestBuy,0,0.26
7828,653,110,2026-05-20 04:33:10.205119,Amazon,0,2.2
7829,427,62,2026-05-24 01:58:34.205121,Walmart,0,1.24
7830,830,3,2026-05-22 00:57:30.205123,BestBuy,0,0.06
7831,886,72,2026-05-20 16:40:11.205125,Amazon,0,1.44
7832,221,104,2026-05-20 03:59:19.205127,Walmart,0,2.08
7833,868,199,2026-05-21 07:04:34.205128,BestBuy,0,3.98
7834,534,161,2026-05-23 14:25:29.205130,BestBuy,0,3.22
7835,692,153,2026-05-21 00:55:16.205132,Amazon,0,3.06
7836,948,36,2026-05-26 05:05:21.205134,Walmart,0,0.72
7837,367,133,2026-05-22 06:08:57.205136,Amazon,0,2.66
7838,932,36,2026-05-19 16:16:59.205138,BestBuy,0,0.72
7839,841,106,2026-05-24 01:31:42.205140,Walmart,0,2.12
7840,743,40,2026-05-22 23:23:16.205142,Target,0,0.8
7841,915,36,2026-05-19 14:23:11.205144,Target,0,0.72
7842,550,16,2026-05-24 18:03:41.205146,Target,0,0.32
7843,582,170,2026-05-20 16:21:50.205148,BestBuy,0,3.4
7844,116,48,2026-05-20 05:00:04.205150,Target,0,0.96
7845,239,77,2026-05-26 03:14:17.205152,BestBuy,0,1.54
7846,335,232,2026-05-21 04:08:30.205153,Walmart,0,4.64
7847,441,60,2026-05-20 05:53:01.205155,Amazon,0,1.2
7848,148,95,2026-05-25 17:56:32.205157,BestBuy,0,1.9
7849,9,29,2026-05-24 04:19:22.205159,Walmart,0,0.58
7850,288,88,2026-05-24 07:21:29.205161,Walmart,0,1.76
7851,388,23,2026-05-22 08:46:11.205163,Walmart,0,0.46
7852,50,56,2026-05-22 08:09:33.205165,Amazon,0,1.12
7853,850,128,2026-05-25 12:31:08.205167,BestBuy,0,2.56
7854,517,98,2026-05-25 01:21:44.205169,Walmart,0,1.96
7855,916,9,2026-05-23 10:00:53.205171,Target,0,0.18
7856,855,56,2026-05-24 15:42:08.205173,Target,0,1.12
7857,638,83,2026-05-23 03:57:59.205175,Walmart,0,1.66
7858,587,111,2026-05-23 18:02:34.205177,Target,0,2.22
7859,677,3,2026-05-21 17:00:45.205179,Target,0,0.06
7860,278,8,2026-05-23 14:57:53.205181,BestBuy,0,0.16
7861,954,96,2026-05-19 21:25:59.205183,Amazon,0,1.92
7862,836,91,2026-05-23 01:31:03.205186,BestBuy,0,1.82
7863,989,95,2026-05-22 22:15:33.205188,Walmart,0,1.9
7864,300,17,2026-05-22 19:17:10.205191,Walmart,0,0.34
7865,802,73,2026-05-25 01:24:57.205192,Target,0,1.46
7866,589,55,2026-05-23 18:43:33.205194,BestBuy,0,1.1
7867,810,100,2026-05-21 01:41:16.205196,Walmart,0,2.0
7868,649,29,2026-05-21 23:10:08.205198,Walmart,0,0.58
7869,618,97,2026-05-25 13:19:58.205200,Target,0,1.94
7870,607,61,2026-05-21 05:39:23.205202,Target,0,1.22
7871,135,62,2026-05-24 15:25:12.205204,Walmart,0,1.24
7872,580,56,2026-05-23 22:47:34.205206,BestBuy,0,1.12
7873,147,61,2026-05-21 10:13:06.205208,Amazon,0,1.22
7874,490,103,2026-05-22 04:25:08.205210,BestBuy,0,2.06
7875,478,102,2026-05-21 03:42:56.205212,Target,0,2.04
7876,159,24,2026-05-22 21:41:51.205214,Walmart,0,0.48
7877,384,260,2026-05-19 20:45:18.205215,Target,0,5.2
7878,163,52,2026-05-21 16:31:20.205217,Walmart,0,1.04
7879,441,217,2026-05-22 08:36:19.205219,Walmart,0,4.34
7880,853,123,2026-05-24 16:36:52.205221,Amazon,0,2.46
7881,189,12,2026-05-22 06:07:37.205223,Target,0,0.24
7882,415,243,2026-05-23 14:53:10.205225,Amazon,0,4.86
7883,339,151,2026-05-24 15:31:54.205227,BestBuy,0,3.02
7884,607,64,2026-05-26 03:25:04.205229,Target,0,1.28
7885,181,118,2026-05-20 11:37:10.205231,Amazon,0,2.36
7886,288,24,2026-05-24 05:17:52.205233,Target,0,0.48
7887,834,41,2026-05-23 03:40:21.205235,Amazon,0,0.82
7888,187,55,2026-05-20 03:34:13.205237,Amazon,0,1.1
7889,884,78,2026-05-25 04:31:12.205239,Target,0,1.56
7890,138,30,2026-05-21 08:47:01.205241,BestBuy,0,0.6
7891,130,122,2026-05-20 22:30:45.205243,Amazon,0,2.44
7892,194,13,2026-05-24 17:29:54.205245,Amazon,0,0.26
7893,316,91,2026-05-24 09:48:19.205247,Target,0,1.82
7894,984,121,2026-05-19 14:51:12.205249,BestBuy,0,2.42
7895,785,328,2026-05-23 02:08:46.205251,Target,0,6.56
7896,864,105,2026-05-24 00:38:57.205253,Walmart,0,2.1
7897,144,33,2026-05-24 19:40:28.205254,Target,0,0.66
7898,16,49,2026-05-21 17:54:02.205256,Walmart,0,0.98
7899,302,54,2026-05-24 23:50:01.205258,Amazon,0,1.08
7900,423,189,2026-05-25 22:52:21.205260,BestBuy,0,3.78
7901,245,148,2026-05-26 01:08:29.205262,BestBuy,0,2.96
7902,927,267,2026-05-21 10:45:54.205264,Target,0,5.34
7903,107,115,2026-05-21 07:54:28.205266,Walmart,0,2.3
7904,88,169,2026-05-21 19:25:08.205268,Target,0,3.38
7905,129,16,2026-05-20 15:09:20.205270,BestBuy,0,0.32
7906,907,69,2026-05-21 04:36:17.205272,Walmart,0,1.38
7907,887,212,2026-05-20 13:45:35.205274,BestBuy,1,42.4
7908,341,107,2026-05-26 13:01:10.205276,Walmart,0,2.14
7909,4,147,2026-05-24 11:13:53.205278,Target,0,2.94
7910,327,36,2026-05-24 22:29:16.205279,Amazon,0,0.72
7911,410,135,2026-05-21 10:59:48.205281,Amazon,0,2.7
7912,879,91,2026-05-20 16:00:32.205283,Walmart,0,1.82
7913,306,37,2026-05-20 10:27:31.205285,Walmart,0,0.74
7914,908,81,2026-05-20 20:05:31.205287,Amazon,0,1.62
7915,607,165,2026-05-22 17:03:35.205289,Target,0,3.3
7916,721,25,2026-05-22 01:42:58.205291,Target,0,0.5
7917,225,94,2026-05-23 01:51:53.205293,BestBuy,0,1.88
7918,971,203,2026-05-23 23:50:25.205295,BestBuy,1,40.6
7919,348,100,2026-05-22 18:52:31.205297,Amazon,0,2.0
7920,992,121,2026-05-21 23:04:00.205299,Amazon,0,2.42
7921,321,123,2026-05-24 14:25:05.205300,Amazon,0,2.46
7922,559,4,2026-05-24 14:27:44.205302,Walmart,0,0.08
7923,988,110,2026-05-23 08:26:41.205304,BestBuy,0,2.2
7924,181,242,2026-05-23 09:56:22.205306,Amazon,0,4.84
7925,618,119,2026-05-23 23:54:50.205308,Amazon,0,2.38
7926,711,58,2026-05-23 15:52:17.205310,BestBuy,0,1.16
7927,386,25,2026-05-21 13:50:12.205312,Amazon,0,0.5
7928,618,88,2026-05-26 01:28:24.205314,Amazon,0,1.76
7929,792,100,2026-05-24 11:52:58.205316,Target,0,2.0
7930,772,7,2026-05-20 10:42:58.205318,BestBuy,0,0.14
7931,108,72,2026-05-22 01:10:13.205320,Target,0,1.44
7932,531,140,2026-05-23 01:03:17.205322,BestBuy,0,2.8
7933,410,285,2026-05-20 09:01:48.205323,Amazon,0,5.7
7934,971,100,2026-05-19 19:33:24.205325,Walmart,0,2.0
7935,296,180,2026-05-26 02:34:42.205327,Walmart,0,3.6
7936,818,40,2026-05-26 11:45:36.205329,Target,0,0.8
7937,171,80,2026-05-23 18:11:39.205331,Walmart,0,1.6
7938,331,32,2026-05-20 09:47:39.205333,Walmart,0,0.64
7939,493,79,2026-05-21 15:26:14.205335,Target,0,1.58
7940,195,67,2026-05-25 14:40:05.205337,Amazon,0,1.34
7941,12,41,2026-05-20 20:44:44.205339,BestBuy,0,0.82
7942,195,104,2026-05-23 09:10:42.205341,Amazon,0,2.08
7943,490,48,2026-05-21 11:03:31.205343,Target,0,0.96
7944,795,242,2026-05-25 21:50:15.205345,Amazon,0,4.84
7945,881,74,2026-05-24 10:24:26.205347,Amazon,0,1.48
7946,182,135,2026-05-26 09:42:22.205349,Target,0,2.7
7947,962,93,2026-05-24 06:35:49.205351,Target,0,1.86
7948,817,23,2026-05-25 18:54:34.205353,Target,0,0.46
7949,656,15,2026-05-24 03:54:28.205355,Walmart,0,0.3
7950,898,137,2026-05-21 04:09:23.205357,Target,0,2.74
7951,316,212,2026-05-26 11:33:14.205359,Target,0,4.24
7952,694,90,2026-05-21 22:05:21.205361,Target,0,1.8
7953,30,85,2026-05-24 14:33:57.205362,Target,0,1.7
7954,596,111,2026-05-26 01:37:28.205364,Amazon,0,2.22
7955,678,59,2026-05-21 08:30:30.205366,Target,0,1.18
7956,796,248,2026-05-25 06:53:38.205368,BestBuy,1,49.6
7957,793,70,2026-05-26 08:24:47.205370,Target,0,1.4
7958,96,112,2026-05-20 16:32:36.205372,BestBuy,0,2.24
7959,381,61,2026-05-23 12:52:17.205374,BestBuy,0,1.22
7960,778,183,2026-05-24 12:00:45.205376,Walmart,0,3.66
7961,444,32,2026-05-19 20:30:19.205378,Walmart,0,0.64
7962,298,13,2026-05-21 06:13:30.205380,Amazon,0,0.26
7963,808,39,2026-05-20 18:53:25.205382,Target,0,0.78
7964,737,249,2026-05-22 04:28:30.205384,Target,0,4.98
7965,845,72,2026-05-22 17:44:03.205386,BestBuy,0,1.44
7966,361,53,2026-05-21 23:28:16.205388,Target,0,1.06
7967,374,205,2026-05-25 21:07:28.205390,BestBuy,1,41.0
7968,554,124,2026-05-23 18:05:22.205392,Walmart,0,2.48
7969,303,133,2026-05-20 01:57:56.205394,Amazon,0,2.66
7970,421,65,2026-05-25 18:50:30.205396,Walmart,0,1.3
7971,246,15,2026-05-24 15:40:37.205397,Target,0,0.3
7972,720,47,2026-05-20 12:52:58.205399,BestBuy,0,0.94
7973,237,27,2026-05-22 01:03:41.205401,Walmart,0,0.54
7974,534,227,2026-05-26 04:30:44.205403,Target,0,4.54
7975,185,36,2026-05-23 18:16:32.205405,BestBuy,0,0.72
7976,468,48,2026-05-23 22:26:16.205407,Target,0,0.96
7977,754,60,2026-05-19 16:01:48.205409,Target,0,1.2
7978,363,75,2026-05-26 09:17:03.205411,Amazon,0,1.5
7979,283,174,2026-05-24 01:56:03.205413,Walmart,0,3.48
7980,553,134,2026-05-25 20:19:20.205415,Target,0,2.68
7981,336,65,2026-05-24 18:04:18.205417,Target,0,1.3
7982,162,189,2026-05-20 00:34:42.205419,Amazon,0,3.78
7983,160,124,2026-05-21 10:44:46.205421,Amazon,0,2.48
7984,474,102,2026-05-25 13:28:12.205423,BestBuy,0,2.04
7985,601,58,2026-05-19 16:52:28.205424,Target,0,1.16
7986,322,242,2026-05-19 21:49:29.205426,Target,0,4.84
7987,12,74,2026-05-21 11:17:46.205428,Target,0,1.48
7988,424,53,2026-05-22 00:53:10.205430,Target,0,1.06
7989,73,155,2026-05-20 18:45:35.205432,Amazon,0,3.1
7990,588,52,2026-05-21 12:51:30.205434,Walmart,0,1.04
7991,858,322,2026-05-26 08:38:48.205436,Amazon,0,6.44
7992,201,130,2026-05-21 08:45:02.205438,BestBuy,0,2.6
7993,522,60,2026-05-25 05:09:01.205440,Amazon,0,1.2
7994,864,225,2026-05-25 10:09:39.205442,Walmart,0,4.5
7995,505,64,2026-05-19 18:23:06.205444,Target,0,1.28
7996,738,138,2026-05-23 08:02:26.205446,BestBuy,0,2.76
7997,688,34,2026-05-22 00:35:26.205448,BestBuy,0,0.68
7998,788,223,2026-05-21 04:08:53.205449,Target,0,4.46
7999,39,24,2026-05-20 07:16:22.205451,Walmart,0,0.48
8000,60,124,2026-05-24 23:24:33.205453,Amazon,0,2.48
8001,578,309,2026-05-19 22:00:18.205455,Target,0,6.18
8002,321,109,2026-05-25 01:39:57.205457,Walmart,0,2.18
8003,435,72,2026-05-26 00:23:58.205459,Walmart,0,1.44
8004,636,113,2026-05-21 18:20:00.205461,Walmart,0,2.26
8005,676,321,2026-05-25 15:56:53.205463,Target,0,6.42
8006,408,129,2026-05-23 02:47:34.205465,Walmart,0,2.58
8007,923,77,2026-05-25 12:50:12.205467,BestBuy,0,1.54
8008,386,280,2026-05-25 12:46:23.205469,BestBuy,1,56.0
8009,671,52,2026-05-25 22:41:31.205471,Amazon,0,1.04
8010,569,93,2026-05-20 22:38:05.205472,Amazon,0,1.86
8011,78,46,2026-05-25 04:12:57.205474,Walmart,0,0.92
8012,194,183,2026-05-22 12:43:26.205476,Walmart,0,3.66
8013,285,134,2026-05-22 14:58:58.205478,Walmart,0,2.68
8014,527,48,2026-05-22 23:40:21.205480,Amazon,0,0.96
8015,524,35,2026-05-22 13:10:45.205482,BestBuy,0,0.7
8016,613,183,2026-05-24 09:21:25.205484,BestBuy,0,3.66
8017,156,55,2026-05-23 14:21:34.205486,Target,0,1.1
8018,340,11,2026-05-19 17:46:48.205488,Amazon,0,0.22
8019,125,138,2026-05-22 14:38:24.205490,Walmart,0,2.76
8020,871,134,2026-05-22 03:39:16.205492,BestBuy,0,2.68
8021,280,91,2026-05-24 05:50:09.205494,Target,0,1.82
8022,917,162,2026-05-26 10:29:43.205496,BestBuy,0,3.24
8023,906,114,2026-05-21 05:44:33.205498,Target,0,2.28
8024,622,168,2026-05-20 23:36:19.205499,Walmart,0,3.36
8025,846,104,2026-05-21 16:35:34.205501,Walmart,0,2.08
8026,869,22,2026-05-23 08:21:20.205504,BestBuy,0,0.44
8027,658,44,2026-05-22 19:32:53.205506,Amazon,0,0.88
8028,728,83,2026-05-20 22:31:42.205507,BestBuy,0,1.66
8029,910,84,2026-05-24 03:58:01.205509,Amazon,0,1.68
8030,674,57,2026-05-25 02:53:26.205511,BestBuy,0,1.14
8031,128,41,2026-05-24 00:54:30.205513,Amazon,0,0.82
8032,314,12,2026-05-20 11:49:20.205515,Walmart,0,0.24
8033,332,112,2026-05-25 16:19:01.205517,Target,0,2.24
8034,150,105,2026-05-25 19:48:06.205519,Amazon,0,2.1
8035,454,66,2026-05-22 01:06:32.205521,Walmart,0,1.32
8036,36,66,2026-05-23 00:21:34.205523,Target,0,1.32
8037,685,228,2026-05-20 05:39:50.205525,Walmart,0,4.56
8038,420,50,2026-05-22 05:04:11.205527,Walmart,0,1.0
8039,22,53,2026-05-23 05:41:47.205529,Walmart,0,1.06
8040,206,250,2026-05-22 01:54:57.205531,Amazon,0,5.0
8041,639,71,2026-05-21 21:10:07.205533,Walmart,0,1.42
8042,848,109,2026-05-26 06:10:06.205534,Walmart,0,2.18
8043,957,67,2026-05-25 06:49:29.205536,Walmart,0,1.34
8044,356,139,2026-05-26 00:12:03.205538,Amazon,0,2.78
8045,440,77,2026-05-23 06:07:28.205540,BestBuy,0,1.54
8046,729,323,2026-05-20 22:08:37.205542,Walmart,0,6.46
8047,96,191,2026-05-21 07:51:23.205544,BestBuy,0,3.82
8048,929,92,2026-05-25 01:15:16.205546,Walmart,0,1.84
8049,941,55,2026-05-26 01:32:45.205548,Amazon,0,1.1
8050,164,66,2026-05-24 01:19:49.205550,BestBuy,0,1.32
8051,148,87,2026-05-19 17:42:10.205552,Walmart,0,1.74
8052,530,174,2026-05-26 10:11:53.205554,BestBuy,0,3.48
8053,294,96,2026-05-20 21:25:07.205556,Target,0,1.92
8054,195,60,2026-05-21 04:55:09.205558,BestBuy,0,1.2
8055,663,104,2026-05-24 14:40:11.205560,Walmart,0,2.08
8056,480,119,2026-05-24 09:00:44.205562,BestBuy,0,2.38
8057,877,46,2026-05-22 05:31:21.205564,Walmart,0,0.92
8058,123,116,2026-05-26 00:32:51.205566,BestBuy,0,2.32
8059,400,97,2026-05-25 17:31:21.205568,BestBuy,0,1.94
8060,699,250,2026-05-20 04:55:16.205570,Amazon,0,5.0
8061,965,36,2026-05-21 10:43:02.205572,Amazon,0,0.72
8062,452,146,2026-05-25 07:30:23.205573,BestBuy,0,2.92
8063,661,75,2026-05-24 11:00:20.205575,Amazon,0,1.5
8064,104,149,2026-05-26 12:28:15.205577,Amazon,0,2.98
8065,755,94,2026-05-26 03:44:26.205579,Target,0,1.88
8066,462,206,2026-05-23 23:18:08.205581,Walmart,0,4.12
8067,743,46,2026-05-25 00:17:25.205583,Walmart,0,0.92
8068,991,149,2026-05-25 23:10:20.205585,Target,0,2.98
8069,718,201,2026-05-19 14:09:58.205587,BestBuy,1,40.2
8070,710,237,2026-05-23 11:37:36.205589,Amazon,0,4.74
8071,396,295,2026-05-20 08:44:15.205591,Walmart,0,5.9
8072,912,147,2026-05-21 08:46:21.205593,Target,0,2.94
8073,337,145,2026-05-25 10:15:35.205595,Walmart,0,2.9
8074,599,17,2026-05-20 12:48:05.205596,BestBuy,0,0.34
8075,142,17,2026-05-26 12:12:35.205598,Target,0,0.34
8076,317,182,2026-05-24 04:25:04.205600,BestBuy,0,3.64
8077,711,19,2026-05-21 00:17:02.205602,BestBuy,0,0.38
8078,558,434,2026-05-25 22:05:00.205604,Target,0,8.68
8079,800,124,2026-05-19 21:51:05.205606,Walmart,0,2.48
8080,527,28,2026-05-20 23:53:33.205608,Amazon,0,0.56
8081,556,77,2026-05-21 13:39:53.205610,Amazon,0,1.54
8082,401,79,2026-05-21 07:58:19.205612,Target,0,1.58
8083,681,121,2026-05-22 09:55:08.205614,Amazon,0,2.42
8084,310,139,2026-05-26 02:02:10.205616,BestBuy,0,2.78
8085,495,215,2026-05-24 04:34:29.205618,Walmart,0,4.3
8086,556,29,2026-05-22 02:54:18.205620,Target,0,0.58
8087,610,69,2026-05-21 19:24:12.205622,BestBuy,0,1.38
8088,773,31,2026-05-26 07:41:03.205624,BestBuy,0,0.62
8089,109,84,2026-05-25 15:59:44.205626,Walmart,0,1.68
8090,795,72,2026-05-24 10:33:14.205628,Walmart,0,1.44
8091,372,34,2026-05-20 18:48:23.205630,Amazon,0,0.68
8092,855,27,2026-05-20 10:05:21.205632,Walmart,0,0.54
8093,616,341,2026-05-19 17:57:16.205633,Target,0,6.82
8094,768,107,2026-05-22 09:58:42.205635,Target,0,2.14
8095,891,55,2026-05-21 12:38:34.205637,Walmart,0,1.1
8096,206,37,2026-05-21 21:10:05.205639,Walmart,0,0.74
8097,847,252,2026-05-21 20:29:02.205641,BestBuy,1,50.4
8098,43,58,2026-05-19 21:27:32.205643,Target,0,1.16
8099,865,179,2026-05-23 16:46:48.205645,Amazon,0,3.58
8100,245,124,2026-05-21 07:22:38.205647,BestBuy,0,2.48
8101,287,85,2026-05-23 08:34:28.205649,BestBuy,0,1.7
8102,355,30,2026-05-22 00:18:11.205651,Amazon,0,0.6
8103,785,46,2026-05-22 06:35:20.205653,Amazon,0,0.92
8104,476,421,2026-05-23 07:43:34.205655,Walmart,0,8.42
8105,83,92,2026-05-21 01:57:26.205657,Walmart,0,1.84
8106,110,148,2026-05-20 23:10:11.205659,BestBuy,0,2.96
8107,950,92,2026-05-24 23:15:57.205661,Target,0,1.84
8108,190,215,2026-05-19 20:41:35.205663,Target,0,4.3
8109,983,48,2026-05-23 15:21:17.205665,BestBuy,0,0.96
8110,800,73,2026-05-20 06:46:26.205666,Target,0,1.46
8111,936,68,2026-05-21 16:47:07.205668,Target,0,1.36
8112,909,122,2026-05-24 01:21:58.205670,Amazon,0,2.44
8113,251,265,2026-05-19 21:23:46.205672,Walmart,0,5.3
8114,724,55,2026-05-21 23:33:22.205674,Walmart,0,1.1
8115,291,103,2026-05-26 11:58:27.205676,BestBuy,0,2.06
8116,645,196,2026-05-20 06:19:45.205678,Amazon,0,3.92
8117,201,47,2026-05-25 03:35:33.205680,Target,0,0.94
8118,797,200,2026-05-22 01:52:07.205682,BestBuy,0,4.0
8119,326,156,2026-05-20 01:12:43.205684,BestBuy,0,3.12
8120,511,27,2026-05-26 03:28:21.205686,Target,0,0.54
8121,409,72,2026-05-21 04:05:10.205688,Walmart,0,1.44
8122,607,72,2026-05-22 01:46:35.205690,Target,0,1.44
8123,790,74,2026-05-21 04:08:21.205692,BestBuy,0,1.48
8124,962,42,2026-05-20 18:45:15.205694,Walmart,0,0.84
8125,941,60,2026-05-25 05:59:40.205696,BestBuy,0,1.2
8126,837,107,2026-05-22 17:00:09.205698,Amazon,0,2.14
8127,508,364,2026-05-21 15:44:47.205700,Walmart,0,7.28
8128,731,130,2026-05-26 11:02:10.205702,BestBuy,0,2.6
8129,601,228,2026-05-24 01:29:29.205704,BestBuy,1,45.6
8130,72,128,2026-05-26 00:44:40.205706,Amazon,0,2.56
8131,247,51,2026-05-21 08:20:51.205707,Target,0,1.02
8132,641,204,2026-05-20 05:49:11.205709,Walmart,0,4.08
8133,724,121,2026-05-20 20:06:55.205711,BestBuy,0,2.42
8134,940,211,2026-05-22 02:03:39.205713,BestBuy,1,42.2
8135,855,59,2026-05-20 13:37:13.205715,BestBuy,0,1.18
8136,608,40,2026-05-24 11:42:22.205717,BestBuy,0,0.8
8137,587,99,2026-05-20 08:22:29.205719,Target,0,1.98
8138,935,171,2026-05-21 10:30:10.205721,Target,0,3.42
8139,566,39,2026-05-21 18:05:19.205723,Target,0,0.78
8140,344,44,2026-05-22 23:41:04.205725,Walmart,0,0.88
8141,971,235,2026-05-21 05:52:28.205727,Target,0,4.7
8142,925,44,2026-05-19 23:36:31.205729,Walmart,0,0.88
8143,54,41,2026-05-26 04:12:03.205731,Target,0,0.82
8144,730,130,2026-05-25 10:41:09.205733,BestBuy,0,2.6
8145,528,60,2026-05-19 21:23:12.205735,Amazon,0,1.2
8146,611,72,2026-05-22 06:53:52.205737,Walmart,0,1.44
8147,532,89,2026-05-25 00:35:36.205739,Amazon,0,1.78
8148,558,23,2026-05-23 02:15:34.205740,Amazon,0,0.46
8149,963,18,2026-05-23 12:58:39.205742,BestBuy,0,0.36
8150,193,117,2026-05-22 05:46:56.205744,BestBuy,0,2.34
8151,895,55,2026-05-21 10:18:01.205746,Walmart,0,1.1
8152,58,184,2026-05-22 09:22:13.205748,Walmart,0,3.68
8153,437,93,2026-05-20 11:00:26.205750,Walmart,0,1.86
8154,111,49,2026-05-25 07:45:08.205752,Target,0,0.98
8155,129,268,2026-05-22 07:28:39.205754,Target,0,5.36
8156,849,59,2026-05-26 06:26:13.205756,Amazon,0,1.18
8157,706,58,2026-05-21 00:21:40.205758,Walmart,0,1.16
8158,925,25,2026-05-25 22:51:53.205760,Amazon,0,0.5
8159,852,52,2026-05-25 18:15:31.205762,Target,0,1.04
8160,326,79,2026-05-23 19:04:02.205764,Amazon,0,1.58
8161,8,24,2026-05-23 13:14:37.205766,Amazon,0,0.48
8162,29,42,2026-05-23 04:02:19.205768,Walmart,0,0.84
8163,112,213,2026-05-25 12:35:49.205770,Walmart,0,4.26
8164,947,42,2026-05-21 17:40:35.205771,Amazon,0,0.84
8165,673,58,2026-05-20 04:39:30.205773,Target,0,1.16
8166,131,119,2026-05-24 06:53:16.205775,Amazon,0,2.38
8167,188,127,2026-05-21 02:09:25.205777,Target,0,2.54
8168,675,64,2026-05-21 12:19:28.205779,Amazon,0,1.28
8169,709,175,2026-05-25 22:37:47.205781,Amazon,0,3.5
8170,475,187,2026-05-21 08:32:43.205783,Walmart,0,3.74
8171,364,49,2026-05-24 18:34:13.205785,Amazon,0,0.98
8172,204,32,2026-05-22 19:21:58.205787,Target,0,0.64
8173,212,41,2026-05-21 18:20:39.205789,Amazon,0,0.82
8174,621,123,2026-05-24 11:20:21.205791,Amazon,0,2.46
8175,276,51,2026-05-19 20:17:10.205793,Target,0,1.02
8176,73,52,2026-05-24 12:27:18.205795,Amazon,0,1.04
8177,679,83,2026-05-21 16:38:25.205797,Amazon,0,1.66
8178,772,57,2026-05-23 20:31:12.205799,Amazon,0,1.14
8179,243,132,2026-05-24 07:25:12.205801,Amazon,0,2.64
8180,787,54,2026-05-24 04:21:31.205803,Target,0,1.08
8181,102,173,2026-05-26 13:33:28.205805,BestBuy,0,3.46
8182,987,165,2026-05-20 06:09:47.205807,Target,0,3.3
8183,685,167,2026-05-22 19:57:44.205809,Target,0,3.34
8184,171,63,2026-05-20 12:11:22.205811,BestBuy,0,1.26
8185,653,72,2026-05-24 03:37:04.205813,Target,0,1.44
8186,909,275,2026-05-26 07:55:54.205815,Amazon,0,5.5
8187,188,71,2026-05-20 07:39:24.205817,Target,0,1.42
8188,441,60,2026-05-25 10:57:03.205819,Amazon,0,1.2
8189,86,101,2026-05-25 17:51:12.205821,Walmart,0,2.02
8190,476,145,2026-05-20 14:16:38.205823,Amazon,0,2.9
8191,52,190,2026-05-21 21:11:38.205825,Amazon,0,3.8
8192,111,43,2026-05-19 22:12:36.205827,Target,0,0.86
8193,949,40,2026-05-22 21:18:03.205829,Target,0,0.8
8194,877,8,2026-05-23 01:41:46.205831,Target,0,0.16
8195,854,151,2026-05-21 16:27:57.205833,Walmart,0,3.02
8196,43,137,2026-05-22 19:01:55.205835,BestBuy,0,2.74
8197,211,87,2026-05-20 08:40:06.205836,Amazon,0,1.74
8198,968,92,2026-05-23 02:06:19.205838,BestBuy,0,1.84
8199,200,68,2026-05-24 07:22:24.205840,BestBuy,0,1.36
8200,810,198,2026-05-20 05:19:00.205842,Walmart,0,3.96
8201,858,88,2026-05-26 05:40:37.205844,Amazon,0,1.76
8202,752,191,2026-05-20 20:50:45.205846,Amazon,0,3.82
8203,627,77,2026-05-22 07:49:08.205848,Walmart,0,1.54
8204,26,44,2026-05-23 22:18:27.205850,Walmart,0,0.88
8205,919,30,2026-05-20 11:03:24.205852,Amazon,0,0.6
8206,299,76,2026-05-20 00:24:56.205854,Walmart,0,1.52
8207,77,90,2026-05-24 18:37:45.205856,Target,0,1.8
8208,924,57,2026-05-23 09:11:34.205858,Amazon,0,1.14
8209,137,55,2026-05-24 10:10:58.205860,BestBuy,0,1.1
8210,20,28,2026-05-21 05:08:08.205862,Target,0,0.56
8211,440,127,2026-05-25 21:29:02.205863,BestBuy,0,2.54
8212,211,142,2026-05-24 06:07:45.205865,Walmart,0,2.84
8213,752,139,2026-05-22 11:20:41.205867,BestBuy,0,2.78
8214,551,189,2026-05-21 03:26:02.205869,Target,0,3.78
8215,435,152,2026-05-20 01:21:51.205871,Walmart,0,3.04
8216,780,93,2026-05-26 00:17:07.205873,Target,0,1.86
8217,207,194,2026-05-25 09:37:28.205875,Walmart,0,3.88
8218,991,29,2026-05-22 21:38:20.205877,Amazon,0,0.58
8219,439,183,2026-05-25 11:30:54.205879,BestBuy,0,3.66
8220,974,74,2026-05-21 18:35:30.205881,BestBuy,0,1.48
8221,779,70,2026-05-23 18:57:26.205883,Amazon,0,1.4
8222,666,184,2026-05-25 10:44:49.205885,Amazon,0,3.68
8223,42,35,2026-05-24 04:21:56.205887,BestBuy,0,0.7
8224,411,21,2026-05-23 10:47:14.205889,Amazon,0,0.42
8225,523,65,2026-05-26 07:32:23.205891,Walmart,0,1.3
8226,806,181,2026-05-26 01:22:17.205893,BestBuy,0,3.62
8227,610,40,2026-05-20 13:57:52.205895,Target,0,0.8
8228,427,34,2026-05-23 14:05:35.205897,Amazon,0,0.68
8229,275,143,2026-05-25 03:54:28.205899,Walmart,0,2.86
8230,448,57,2026-05-21 01:20:33.205901,BestBuy,0,1.14
8231,902,69,2026-05-26 13:26:24.205902,BestBuy,0,1.38
8232,942,265,2026-05-25 17:19:42.205904,Walmart,0,5.3
8233,884,44,2026-05-20 17:39:31.205906,Amazon,0,0.88
8234,742,38,2026-05-23 15:26:08.205908,BestBuy,0,0.76
8235,369,46,2026-05-26 11:39:34.205910,Amazon,0,0.92
8236,938,19,2026-05-25 16:59:20.205912,Walmart,0,0.38
8237,220,40,2026-05-22 22:52:54.205914,Target,0,0.8
8238,577,164,2026-05-21 17:25:52.205916,Walmart,0,3.28
8239,867,100,2026-05-25 19:25:36.205918,Amazon,0,2.0
8240,232,265,2026-05-20 09:11:00.205920,BestBuy,1,53.0
8241,328,78,2026-05-23 07:01:36.205922,Amazon,0,1.56
8242,443,97,2026-05-20 11:48:54.205924,Amazon,0,1.94
8243,52,60,2026-05-24 04:58:14.205926,Target,0,1.2
8244,886,165,2026-05-24 08:04:18.205928,BestBuy,0,3.3
8245,943,265,2026-05-26 10:57:49.205930,Target,0,5.3
8246,376,110,2026-05-21 04:34:20.205932,Target,0,2.2
8247,263,32,2026-05-23 14:44:46.205933,Walmart,0,0.64
8248,267,155,2026-05-25 19:16:08.205935,Walmart,0,3.1
8249,359,97,2026-05-24 00:07:18.205937,BestBuy,0,1.94
8250,317,11,2026-05-22 05:21:17.205939,Target,0,0.22
8251,324,41,2026-05-22 08:20:10.205941,Target,0,0.82
8252,921,132,2026-05-22 14:52:13.205943,Amazon,0,2.64
8253,908,185,2026-05-23 08:28:09.205945,Amazon,0,3.7
8254,666,96,2026-05-24 00:49:17.205947,Walmart,0,1.92
8255,870,136,2026-05-23 08:58:05.205949,Target,0,2.72
8256,878,301,2026-05-22 17:12:20.205951,BestBuy,1,60.2
8257,652,195,2026-05-24 00:03:14.205953,Target,0,3.9
8258,939,29,2026-05-26 01:18:12.205955,Walmart,0,0.58
8259,563,183,2026-05-20 06:55:57.205957,BestBuy,0,3.66
8260,629,72,2026-05-20 12:47:02.205959,Target,0,1.44
8261,421,26,2026-05-24 14:39:39.205961,Amazon,0,0.52
8262,46,147,2026-05-26 08:37:19.205963,Target,0,2.94
8263,821,16,2026-05-20 22:39:34.205964,Walmart,0,0.32
8264,600,133,2026-05-24 20:51:39.205966,Walmart,0,2.66
8265,720,68,2026-05-20 19:41:57.205968,Target,0,1.36
8266,889,98,2026-05-24 04:39:59.205970,Walmart,0,1.96
8267,269,220,2026-05-25 10:07:41.205972,Amazon,0,4.4
8268,601,81,2026-05-23 08:11:38.205974,Amazon,0,1.62
8269,381,42,2026-05-25 04:24:50.205976,Amazon,0,0.84
8270,118,73,2026-05-23 00:54:17.205978,Target,0,1.46
8271,566,105,2026-05-22 18:59:47.205980,Walmart,0,2.1
8272,953,33,2026-05-20 00:40:15.205982,Amazon,0,0.66
8273,116,70,2026-05-22 20:32:36.205984,BestBuy,0,1.4
8274,630,158,2026-05-20 04:15:25.205986,Walmart,0,3.16
8275,260,163,2026-05-21 09:18:11.205988,Walmart,0,3.26
8276,75,184,2026-05-21 18:34:26.205990,BestBuy,0,3.68
8277,480,76,2026-05-25 04:22:11.205992,Walmart,0,1.52
8278,305,63,2026-05-22 14:42:18.205994,Amazon,0,1.26
8279,7,140,2026-05-23 22:46:43.205995,Walmart,0,2.8
8280,366,224,2026-05-25 07:05:33.205997,Amazon,0,4.48
8281,634,138,2026-05-19 17:35:15.205999,Amazon,0,2.76
8282,523,80,2026-05-25 12:52:07.206001,Amazon,0,1.6
8283,348,17,2026-05-21 18:54:07.206003,Target,0,0.34
8284,438,203,2026-05-20 06:00:48.206005,Walmart,0,4.06
8285,215,103,2026-05-25 18:18:03.206007,BestBuy,0,2.06
8286,429,48,2026-05-20 19:38:57.206009,Target,0,0.96
8287,791,125,2026-05-19 21:48:07.206011,Target,0,2.5
8288,498,112,2026-05-23 09:50:21.206013,Target,0,2.24
8289,540,115,2026-05-21 10:16:53.206015,Target,0,2.3
8290,747,31,2026-05-23 17:52:47.206017,Amazon,0,0.62
8291,367,115,2026-05-26 12:27:49.206019,Amazon,0,2.3
8292,313,55,2026-05-22 11:39:02.206021,BestBuy,0,1.1
8293,538,164,2026-05-21 07:52:47.206023,Walmart,0,3.28
8294,921,37,2026-05-22 04:15:50.206024,BestBuy,0,0.74
8295,54,114,2026-05-19 14:35:57.206026,Walmart,0,2.28
8296,541,33,2026-05-22 08:05:08.206028,Amazon,0,0.66
8297,467,92,2026-05-20 15:16:12.206030,Walmart,0,1.84
8298,865,74,2026-05-25 06:24:19.206032,Walmart,0,1.48
8299,164,215,2026-05-23 17:27:10.206034,Target,0,4.3
8300,782,142,2026-05-20 09:13:08.206036,BestBuy,0,2.84
8301,334,65,2026-05-23 18:51:57.206038,Target,0,1.3
8302,547,50,2026-05-19 22:17:26.206040,Target,0,1.0
8303,798,23,2026-05-23 05:03:12.206042,Target,0,0.46
8304,348,70,2026-05-23 00:14:24.206044,Target,0,1.4
8305,273,49,2026-05-24 23:50:48.206046,Amazon,0,0.98
8306,963,162,2026-05-19 22:53:18.206047,BestBuy,0,3.24
8307,720,163,2026-05-24 18:55:31.206050,Target,0,3.26
8308,750,93,2026-05-24 08:34:55.206052,BestBuy,0,1.86
8309,414,44,2026-05-24 00:13:09.206054,Target,0,0.88
8310,500,83,2026-05-22 09:52:45.206055,Amazon,0,1.66
8311,93,126,2026-05-22 02:21:18.206057,Target,0,2.52
8312,685,145,2026-05-22 05:18:02.206059,Walmart,0,2.9
8313,79,194,2026-05-21 03:51:23.206061,Amazon,0,3.88
8314,622,412,2026-05-22 14:16:47.206063,BestBuy,1,82.4
8315,217,74,2026-05-25 20:01:14.206065,Walmart,0,1.48
8316,947,135,2026-05-22 13:35:52.206067,Walmart,0,2.7
8317,358,29,2026-05-24 00:42:57.206069,Amazon,0,0.58
8318,618,51,2026-05-25 17:38:54.206071,BestBuy,0,1.02
8319,507,69,2026-05-22 17:01:09.206073,Amazon,0,1.38
8320,559,160,2026-05-23 01:15:43.206075,Target,0,3.2
8321,181,302,2026-05-26 05:04:57.206077,Amazon,0,6.04
8322,576,86,2026-05-20 13:29:25.206079,Amazon,0,1.72
8323,246,53,2026-05-25 03:29:56.206081,Target,0,1.06
8324,244,82,2026-05-26 06:58:04.206082,Target,0,1.64
8325,506,64,2026-05-23 04:37:18.206084,BestBuy,0,1.28
8326,422,78,2026-05-25 09:10:59.206086,Amazon,0,1.56
8327,320,165,2026-05-23 03:00:59.206088,Target,0,3.3
8328,87,59,2026-05-21 09:03:30.206090,BestBuy,0,1.18
8329,217,80,2026-05-23 04:44:54.206092,BestBuy,0,1.6
8330,490,200,2026-05-20 22:45:12.206094,Target,0,4.0
8331,519,106,2026-05-26 06:50:51.206096,Target,0,2.12
8332,278,73,2026-05-23 05:23:14.206098,BestBuy,0,1.46
8333,849,84,2026-05-22 03:16:59.206100,Walmart,0,1.68
8334,722,25,2026-05-23 13:47:57.206102,Target,0,0.5
8335,169,2,2026-05-22 10:11:47.206104,Walmart,0,0.04
8336,330,42,2026-05-20 16:17:52.206106,BestBuy,0,0.84
8337,650,168,2026-05-20 22:50:46.206108,Amazon,0,3.36
8338,441,197,2026-05-23 20:29:09.206109,Walmart,0,3.94
8339,391,50,2026-05-22 02:47:52.206111,Walmart,0,1.0
8340,496,21,2026-05-19 23:50:47.206113,Walmart,0,0.42
8341,381,172,2026-05-25 03:48:25.206120,Walmart,0,3.44
8342,306,46,2026-05-20 22:50:46.206123,Walmart,0,0.92
8343,742,66,2026-05-25 01:13:33.206125,Walmart,0,1.32
8344,987,146,2026-05-19 23:19:17.206127,Amazon,0,2.92
8345,820,14,2026-05-24 07:41:07.206129,Amazon,0,0.28
8346,673,39,2026-05-22 14:30:56.206131,Amazon,0,0.78
8347,513,21,2026-05-26 05:51:43.206133,Walmart,0,0.42
8348,748,51,2026-05-20 18:42:47.206135,BestBuy,0,1.02
8349,949,144,2026-05-24 17:58:45.206137,Target,0,2.88
8350,188,240,2026-05-24 00:22:22.206138,Walmart,0,4.8
8351,930,98,2026-05-19 16:24:57.206140,Amazon,0,1.96
8352,516,144,2026-05-20 12:36:24.206142,BestBuy,0,2.88
8353,913,14,2026-05-22 18:22:26.206144,BestBuy,0,0.28
8354,644,98,2026-05-23 12:58:54.206146,Walmart,0,1.96
8355,427,76,2026-05-19 17:53:57.206148,Amazon,0,1.52
8356,502,132,2026-05-25 02:22:15.206150,Target,0,2.64
8357,730,144,2026-05-19 18:19:19.206152,Target,0,2.88
8358,260,19,2026-05-25 08:26:48.206154,Amazon,0,0.38
8359,513,59,2026-05-24 20:40:08.206156,Amazon,0,1.18
8360,71,174,2026-05-26 12:57:43.206158,BestBuy,0,3.48
8361,478,91,2026-05-24 22:06:33.206160,Walmart,0,1.82
8362,178,10,2026-05-21 16:02:13.206162,Walmart,0,0.2
8363,457,52,2026-05-23 11:56:46.206164,Walmart,0,1.04
8364,189,13,2026-05-25 19:28:33.206166,Target,0,0.26
8365,291,169,2026-05-20 14:40:14.206168,Target,0,3.38
8366,520,112,2026-05-20 15:57:27.206170,Target,0,2.24
8367,765,69,2026-05-25 23:35:13.206172,Walmart,0,1.38
8368,920,62,2026-05-24 05:59:45.206173,Amazon,0,1.24
8369,979,185,2026-05-25 09:53:52.206175,Amazon,0,3.7
8370,292,69,2026-05-23 00:15:08.206177,Walmart,0,1.38
8371,946,125,2026-05-22 13:57:41.206179,Walmart,0,2.5
8372,756,68,2026-05-23 12:22:57.206181,Amazon,0,1.36
8373,635,216,2026-05-24 02:17:24.206183,Amazon,0,4.32
8374,811,179,2026-05-23 15:30:48.206185,Target,0,3.58
8375,283,34,2026-05-25 01:09:08.206187,BestBuy,0,0.68
8376,544,95,2026-05-26 11:47:17.206189,BestBuy,0,1.9
8377,846,165,2026-05-25 10:34:04.206191,Walmart,0,3.3
8378,377,295,2026-05-19 14:41:51.206193,BestBuy,1,59.0
8379,658,20,2026-05-22 11:21:06.206195,BestBuy,0,0.4
8380,156,61,2026-05-24 17:59:59.206197,BestBuy,0,1.22
8381,508,36,2026-05-24 12:00:33.206199,Target,0,0.72
8382,413,55,2026-05-24 02:47:32.206200,Target,0,1.1
8383,528,109,2026-05-22 14:37:30.206202,Amazon,0,2.18
8384,355,38,2026-05-25 23:06:31.206204,Walmart,0,0.76
8385,559,130,2026-05-26 06:33:20.206206,BestBuy,0,2.6
8386,763,57,2026-05-24 19:38:29.206208,Amazon,0,1.14
8387,187,94,2026-05-22 16:59:14.206210,Target,0,1.88
8388,31,74,2026-05-25 11:39:50.206212,BestBuy,0,1.48
8389,260,62,2026-05-22 03:24:05.206214,Walmart,0,1.24
8390,421,53,2026-05-21 06:11:57.206216,BestBuy,0,1.06
8391,529,109,2026-05-23 08:58:52.206218,Target,0,2.18
8392,551,42,2026-05-25 16:35:18.206220,BestBuy,0,0.84
8393,304,75,2026-05-24 06:03:07.206222,BestBuy,0,1.5
8394,942,133,2026-05-26 00:50:21.206224,BestBuy,0,2.66
8395,986,103,2026-05-23 05:47:37.206226,BestBuy,0,2.06
8396,944,70,2026-05-25 04:25:54.206228,Target,0,1.4
8397,39,13,2026-05-25 06:02:34.206230,Amazon,0,0.26
8398,489,187,2026-05-25 22:50:00.206233,BestBuy,0,3.74
8399,644,52,2026-05-19 21:00:01.206235,Walmart,0,1.04
8400,542,194,2026-05-21 08:54:18.206237,BestBuy,0,3.88
8401,670,71,2026-05-19 13:48:11.206239,Walmart,0,1.42
8402,278,109,2026-05-24 14:19:11.206241,Walmart,0,2.18
8403,203,244,2026-05-21 22:52:48.206243,BestBuy,1,48.8
8404,66,168,2026-05-22 13:21:04.206245,BestBuy,0,3.36
8405,108,66,2026-05-21 16:15:50.206246,Walmart,0,1.32
8406,268,107,2026-05-26 10:31:45.206248,Target,0,2.14
8407,222,93,2026-05-25 04:50:57.206250,Amazon,0,1.86
8408,804,128,2026-05-20 14:07:51.206253,Walmart,0,2.56
8409,530,157,2026-05-25 10:55:46.206254,Target,0,3.14
8410,90,15,2026-05-20 23:14:31.206256,Amazon,0,0.3
8411,693,302,2026-05-21 16:49:40.206258,Amazon,0,6.04
8412,255,70,2026-05-22 07:06:41.206260,Amazon,0,1.4
8413,455,176,2026-05-22 09:03:02.206262,BestBuy,0,3.52
8414,253,126,2026-05-24 22:40:57.206264,BestBuy,0,2.52
8415,257,306,2026-05-22 20:43:43.206266,Walmart,0,6.12
8416,383,104,2026-05-24 00:36:50.206268,BestBuy,0,2.08
8417,442,135,2026-05-20 14:53:00.206270,Target,0,2.7
8418,858,24,2026-05-23 23:41:09.206272,Amazon,0,0.48
8419,599,100,2026-05-23 17:35:38.206274,Amazon,0,2.0
8420,90,181,2026-05-20 08:39:21.206275,Amazon,0,3.62
8421,749,120,2026-05-24 16:57:54.206277,BestBuy,0,2.4
8422,390,31,2026-05-24 07:01:55.206279,BestBuy,0,0.62
8423,582,195,2026-05-23 22:36:19.206281,BestBuy,0,3.9
8424,44,374,2026-05-23 14:04:20.206283,Target,0,7.48
8425,712,70,2026-05-20 00:57:40.206285,BestBuy,0,1.4
8426,664,113,2026-05-19 22:00:33.206287,BestBuy,0,2.26
8427,598,89,2026-05-25 23:06:37.206289,BestBuy,0,1.78
8428,19,21,2026-05-22 13:54:25.206291,Target,0,0.42
8429,101,184,2026-05-20 20:19:31.206293,BestBuy,0,3.68
8430,914,69,2026-05-24 00:50:26.206295,Walmart,0,1.38
8431,607,87,2026-05-25 08:24:31.206297,BestBuy,0,1.74
8432,766,141,2026-05-19 14:03:19.206299,Walmart,0,2.82
8433,357,45,2026-05-25 16:01:33.206301,Target,0,0.9
8434,542,37,2026-05-23 09:29:42.206303,Walmart,0,0.74
8435,761,126,2026-05-23 06:22:16.206305,Target,0,2.52
8436,938,221,2026-05-21 11:09:49.206307,BestBuy,1,44.2
8437,33,40,2026-05-24 13:35:58.206309,BestBuy,0,0.8
8438,970,91,2026-05-26 10:45:19.206310,Walmart,0,1.82
8439,229,146,2026-05-24 01:49:47.206312,BestBuy,0,2.92
8440,524,254,2026-05-19 18:43:39.206314,Walmart,0,5.08
8441,630,71,2026-05-20 01:21:31.206316,Target,0,1.42
8442,862,66,2026-05-20 07:32:18.206318,BestBuy,0,1.32
8443,155,78,2026-05-22 14:27:10.206320,BestBuy,0,1.56
8444,423,114,2026-05-24 11:21:33.206322,BestBuy,0,2.28
8445,905,115,2026-05-21 09:30:52.206324,Amazon,0,2.3
8446,246,51,2026-05-24 14:38:43.206326,Amazon,0,1.02
8447,405,100,2026-05-19 23:58:23.206328,Walmart,0,2.0
8448,844,93,2026-05-22 02:05:49.206330,Amazon,0,1.86
8449,759,28,2026-05-25 11:17:10.206332,BestBuy,0,0.56
8450,541,79,2026-05-25 23:46:21.206334,Amazon,0,1.58
8451,161,104,2026-05-21 00:52:16.206335,Walmart,0,2.08
8452,747,116,2026-05-22 03:43:15.206338,Amazon,0,2.32
8453,702,155,2026-05-23 20:29:27.206339,Target,0,3.1
8454,117,70,2026-05-23 21:40:53.206341,Target,0,1.4
8455,271,110,2026-05-20 02:06:17.206343,Amazon,0,2.2
8456,770,38,2026-05-23 04:16:14.206345,Target,0,0.76
8457,692,117,2026-05-24 12:24:35.206347,Target,0,2.34
8458,487,196,2026-05-20 04:57:53.206349,Amazon,0,3.92
8459,885,73,2026-05-24 10:11:38.206351,Target,0,1.46
8460,172,49,2026-05-24 22:05:32.206353,Walmart,0,0.98
8461,950,95,2026-05-24 19:06:35.206355,Walmart,0,1.9
8462,274,84,2026-05-25 15:14:28.206357,BestBuy,0,1.68
8463,259,150,2026-05-23 05:56:54.206359,Walmart,0,3.0
8464,135,124,2026-05-22 16:23:40.206361,BestBuy,0,2.48
8465,683,154,2026-05-25 03:47:26.206363,BestBuy,0,3.08
8466,722,55,2026-05-20 05:50:58.206365,Amazon,0,1.1
8467,748,106,2026-05-21 18:22:31.206367,Target,0,2.12
8468,422,40,2026-05-24 23:24:37.206369,Amazon,0,0.8
8469,421,29,2026-05-25 21:03:31.206371,BestBuy,0,0.58
8470,186,19,2026-05-25 02:46:57.206373,Amazon,0,0.38
8471,929,72,2026-05-20 04:30:30.206375,Target,0,1.44
8472,364,34,2026-05-24 02:16:58.206377,Target,0,0.68
8473,955,17,2026-05-23 02:41:10.206378,Target,0,0.34
8474,607,72,2026-05-22 19:09:19.206380,BestBuy,0,1.44
8475,378,180,2026-05-24 03:44:26.206382,Amazon,0,3.6
8476,523,93,2026-05-23 11:57:52.206384,Amazon,0,1.86
8477,580,134,2026-05-26 04:07:51.206386,BestBuy,0,2.68
8478,891,21,2026-05-24 21:49:54.206388,BestBuy,0,0.42
8479,722,176,2026-05-20 10:33:36.206390,Walmart,0,3.52
8480,196,68,2026-05-21 05:16:18.206392,Amazon,0,1.36
8481,881,37,2026-05-23 15:35:43.206394,Target,0,0.74
8482,98,179,2026-05-24 00:47:11.206396,Amazon,0,3.58
8483,605,197,2026-05-21 22:45:48.206398,Walmart,0,3.94
8484,984,106,2026-05-25 22:21:11.206400,Target,0,2.12
8485,22,149,2026-05-21 02:35:20.206402,Walmart,0,2.98
8486,450,66,2026-05-24 12:00:09.206404,BestBuy,0,1.32
8487,172,79,2026-05-24 01:58:41.206406,BestBuy,0,1.58
8488,383,95,2026-05-21 18:12:53.206408,Amazon,0,1.9
8489,134,63,2026-05-25 15:53:31.206410,BestBuy,0,1.26
8490,426,103,2026-05-24 13:22:29.206411,BestBuy,0,2.06
8491,25,73,2026-05-21 01:35:53.206413,Amazon,0,1.46
8492,503,97,2026-05-22 14:43:27.206415,Walmart,0,1.94
8493,185,128,2026-05-22 00:53:26.206417,Walmart,0,2.56
8494,85,165,2026-05-21 14:00:56.206419,Target,0,3.3
8495,567,66,2026-05-23 15:10:49.206421,Target,0,1.32
8496,763,159,2026-05-20 08:10:49.206423,Walmart,0,3.18
8497,144,169,2026-05-20 20:36:51.206425,BestBuy,0,3.38
8498,863,149,2026-05-23 17:42:52.206427,Target,0,2.98
8499,910,137,2026-05-24 15:56:23.206429,Walmart,0,2.74
8500,679,89,2026-05-20 05:53:16.206431,BestBuy,0,1.78
8501,412,100,2026-05-25 09:32:27.206433,BestBuy,0,2.0
8502,224,100,2026-05-20 01:20:14.206435,Walmart,0,2.0
8503,220,21,2026-05-20 10:06:58.206437,Amazon,0,0.42
8504,179,93,2026-05-21 21:03:46.206439,Walmart,0,1.86
8505,631,114,2026-05-23 09:09:57.206441,BestBuy,0,2.28
8506,433,75,2026-05-20 19:36:02.206443,Target,0,1.5
8507,265,330,2026-05-23 11:44:33.206444,BestBuy,1,66.0
8508,954,153,2026-05-24 14:25:30.206446,BestBuy,0,3.06
8509,429,93,2026-05-25 09:53:14.206448,Walmart,0,1.86
8510,662,134,2026-05-21 20:29:22.206450,BestBuy,0,2.68
8511,416,260,2026-05-23 15:37:14.206452,Amazon,0,5.2
8512,453,11,2026-05-19 18:03:59.206454,Target,0,0.22
8513,727,80,2026-05-24 21:33:13.206456,Walmart,0,1.6
8514,197,127,2026-05-23 07:50:53.206458,Amazon,0,2.54
8515,554,71,2026-05-21 14:34:47.206460,Target,0,1.42
8516,53,230,2026-05-24 06:31:45.206462,Amazon,0,4.6
8517,480,244,2026-05-25 16:06:16.206464,BestBuy,1,48.8
8518,443,104,2026-05-21 14:45:38.206466,BestBuy,0,2.08
8519,330,21,2026-05-25 01:39:04.206468,Amazon,0,0.42
8520,251,94,2026-05-23 01:33:40.206469,Target,0,1.88
8521,807,43,2026-05-23 06:19:38.206471,Amazon,0,0.86
8522,890,78,2026-05-21 06:04:26.206473,Amazon,0,1.56
8523,783,18,2026-05-25 05:05:52.206475,Amazon,0,0.36
8524,967,229,2026-05-21 17:14:19.206477,Target,0,4.58
8525,925,64,2026-05-20 18:47:07.206479,Amazon,0,1.28
8526,123,19,2026-05-21 18:02:00.206481,BestBuy,0,0.38
8527,879,83,2026-05-26 02:26:39.206483,Walmart,0,1.66
8528,387,54,2026-05-23 07:25:07.206485,BestBuy,0,1.08
8529,339,86,2026-05-22 17:29:21.206487,BestBuy,0,1.72
8530,778,53,2026-05-26 01:04:38.206489,Amazon,0,1.06
8531,348,32,2026-05-20 09:50:22.206491,Walmart,0,0.64
8532,29,114,2026-05-23 10:30:38.206493,Amazon,0,2.28
8533,975,96,2026-05-24 16:09:42.206495,Walmart,0,1.92
8534,35,82,2026-05-25 22:38:32.206497,BestBuy,0,1.64
8535,518,33,2026-05-19 21:34:13.206499,Target,0,0.66
8536,396,42,2026-05-24 17:10:12.206500,Amazon,0,0.84
8537,623,191,2026-05-20 20:51:42.206502,BestBuy,0,3.82
8538,294,32,2026-05-20 12:46:14.206504,Walmart,0,0.64
8539,589,40,2026-05-20 21:50:23.206506,BestBuy,0,0.8
8540,349,48,2026-05-22 16:12:31.206508,BestBuy,0,0.96
8541,147,114,2026-05-24 02:09:47.206510,BestBuy,0,2.28
8542,67,11,2026-05-22 13:51:16.206512,Target,0,0.22
8543,904,154,2026-05-26 08:24:49.206514,Amazon,0,3.08
8544,520,4,2026-05-20 11:29:22.206516,Amazon,0,0.08
8545,122,149,2026-05-23 03:28:06.206518,Amazon,0,2.98
8546,340,34,2026-05-23 11:48:55.206520,Target,0,0.68
8547,175,133,2026-05-21 19:53:30.206522,Target,0,2.66
8548,900,46,2026-05-26 05:35:51.206524,Walmart,0,0.92
8549,691,59,2026-05-21 06:58:51.206526,Amazon,0,1.18
8550,597,117,2026-05-19 18:51:16.206527,Walmart,0,2.34
8551,451,109,2026-05-19 17:49:40.206529,BestBuy,0,2.18
8552,557,120,2026-05-25 19:44:30.206531,Walmart,0,2.4
8553,136,165,2026-05-25 13:59:02.206533,Walmart,0,3.3
8554,855,53,2026-05-21 08:00:52.206535,BestBuy,0,1.06
8555,16,55,2026-05-22 05:14:24.206537,BestBuy,0,1.1
8556,333,128,2026-05-26 05:05:50.206539,Walmart,0,2.56
8557,195,13,2026-05-25 07:37:33.206541,Walmart,0,0.26
8558,496,66,2026-05-26 10:55:26.206543,Amazon,0,1.32
8559,9,109,2026-05-21 03:07:05.206545,Target,0,2.18
8560,828,34,2026-05-25 10:40:29.206547,BestBuy,0,0.68
8561,334,156,2026-05-24 09:05:36.206549,Walmart,0,3.12
8562,333,153,2026-05-24 11:21:31.206551,Target,0,3.06
8563,327,30,2026-05-24 17:21:50.206553,Walmart,0,0.6
8564,15,23,2026-05-23 02:10:18.206555,Amazon,0,0.46
8565,839,16,2026-05-25 16:40:21.206557,Walmart,0,0.32
8566,614,130,2026-05-22 18:36:30.206559,BestBuy,0,2.6
8567,226,96,2026-05-22 11:43:57.206560,Walmart,0,1.92
8568,425,161,2026-05-24 10:46:35.206562,Walmart,0,3.22
8569,790,143,2026-05-20 21:16:07.206564,BestBuy,0,2.86
8570,408,314,2026-05-20 21:38:26.206566,Amazon,0,6.28
8571,113,79,2026-05-24 16:17:54.206568,BestBuy,0,1.58
8572,997,54,2026-05-22 17:28:21.206570,Walmart,0,1.08
8573,428,173,2026-05-23 12:30:35.206572,Amazon,0,3.46
8574,1,55,2026-05-20 01:11:36.206574,BestBuy,0,1.1
8575,266,137,2026-05-24 18:00:55.206575,Target,0,2.74
8576,491,31,2026-05-19 18:33:41.206577,Target,0,0.62
8577,208,38,2026-05-22 05:23:14.206579,Target,0,0.76
8578,622,43,2026-05-20 16:58:29.206581,BestBuy,0,0.86
8579,712,97,2026-05-22 13:50:18.206583,Amazon,0,1.94
8580,952,28,2026-05-25 05:53:02.206585,BestBuy,0,0.56
8581,369,20,2026-05-25 22:43:07.206587,Walmart,0,0.4
8582,985,74,2026-05-20 10:12:47.206589,BestBuy,0,1.48
8583,306,114,2026-05-22 14:16:02.206591,Target,0,2.28
8584,12,33,2026-05-20 18:16:27.206593,Target,0,0.66
8585,345,234,2026-05-20 10:50:55.206595,Walmart,0,4.68
8586,465,63,2026-05-21 01:13:15.206596,BestBuy,0,1.26
8587,700,102,2026-05-20 11:13:23.206598,Target,0,2.04
8588,666,74,2026-05-24 06:27:33.206600,BestBuy,0,1.48
8589,494,57,2026-05-21 08:04:53.206602,Target,0,1.14
8590,368,159,2026-05-21 15:47:06.206604,Walmart,0,3.18
8591,846,131,2026-05-23 12:38:56.206606,Amazon,0,2.62
8592,937,305,2026-05-20 10:00:45.206608,Amazon,0,6.1
8593,420,95,2026-05-25 22:03:55.206610,Target,0,1.9
8594,889,52,2026-05-24 00:06:13.206612,Target,0,1.04
8595,791,28,2026-05-25 15:00:05.206614,BestBuy,0,0.56
8596,171,128,2026-05-24 09:21:21.206616,Amazon,0,2.56
8597,134,53,2026-05-19 17:01:24.206618,BestBuy,0,1.06
8598,965,93,2026-05-21 23:23:48.206619,Target,0,1.86
8599,427,43,2026-05-25 12:26:21.206621,Amazon,0,0.86
8600,25,97,2026-05-24 11:10:21.206623,BestBuy,0,1.94
8601,530,146,2026-05-25 02:30:33.206625,Target,0,2.92
8602,190,206,2026-05-22 23:02:28.206627,BestBuy,1,41.2
8603,141,34,2026-05-19 15:37:39.206629,BestBuy,0,0.68
8604,555,76,2026-05-19 15:58:04.206631,Target,0,1.52
8605,846,21,2026-05-26 01:25:28.206633,BestBuy,0,0.42
8606,796,163,2026-05-25 11:22:28.206635,BestBuy,0,3.26
8607,658,182,2026-05-22 01:11:23.206637,Amazon,0,3.64
8608,315,91,2026-05-21 08:00:58.206639,BestBuy,0,1.82
8609,444,47,2026-05-23 06:49:22.206641,Walmart,0,0.94
8610,319,30,2026-05-22 04:36:34.206643,Target,0,0.6
8611,441,74,2026-05-24 20:14:43.206645,BestBuy,0,1.48
8612,92,36,2026-05-24 16:49:33.206647,Target,0,0.72
8613,179,130,2026-05-26 01:14:04.206648,Walmart,0,2.6
8614,56,133,2026-05-26 08:34:44.206650,Target,0,2.66
8615,155,60,2026-05-22 18:12:33.206652,Walmart,0,1.2
8616,672,42,2026-05-20 22:01:56.206654,Walmart,0,0.84
8617,111,102,2026-05-22 08:08:49.206656,Amazon,0,2.04
8618,137,154,2026-05-24 18:21:02.206658,Walmart,0,3.08
8619,232,117,2026-05-21 01:20:25.206660,Amazon,0,2.34
8620,992,134,2026-05-21 03:12:59.206662,BestBuy,0,2.68
8621,468,176,2026-05-25 01:28:32.206664,Amazon,0,3.52
8622,732,110,2026-05-20 22:48:33.206666,Amazon,0,2.2
8623,481,158,2026-05-23 00:23:21.206668,BestBuy,0,3.16
8624,68,53,2026-05-25 13:23:31.206670,Target,0,1.06
8625,814,26,2026-05-21 19:15:07.206671,Target,0,0.52
8626,249,40,2026-05-22 14:40:48.206673,BestBuy,0,0.8
8627,994,249,2026-05-21 04:51:34.206675,Walmart,0,4.98
8628,323,234,2026-05-21 09:00:04.206677,Amazon,0,4.68
8629,922,60,2026-05-24 11:41:17.206679,Target,0,1.2
8630,904,211,2026-05-22 20:25:03.206681,Target,0,4.22
8631,518,113,2026-05-20 07:22:01.206683,Walmart,0,2.26
8632,976,95,2026-05-24 12:45:20.206685,Target,0,1.9
8633,792,177,2026-05-25 05:22:57.206687,Target,0,3.54
8634,432,42,2026-05-24 05:28:02.206689,Target,0,0.84
8635,487,79,2026-05-21 11:17:05.206691,BestBuy,0,1.58
8636,606,113,2026-05-22 03:29:01.206693,Target,0,2.26
8637,429,235,2026-05-24 04:35:16.206695,Target,0,4.7
8638,269,357,2026-05-25 13:18:45.206697,BestBuy,1,71.4
8639,709,45,2026-05-21 00:48:29.206699,Target,0,0.9
8640,537,53,2026-05-24 16:15:17.206700,Walmart,0,1.06
8641,148,173,2026-05-22 20:00:52.206702,Amazon,0,3.46
8642,118,414,2026-05-24 10:58:41.206704,BestBuy,1,82.8
8643,850,57,2026-05-26 08:28:23.206706,BestBuy,0,1.14
8644,367,57,2026-05-22 00:16:46.206708,Target,0,1.14
8645,850,68,2026-05-23 18:19:45.206710,Amazon,0,1.36
8646,66,54,2026-05-25 05:57:15.206712,Walmart,0,1.08
8647,970,55,2026-05-25 03:33:56.206714,Walmart,0,1.1
8648,813,91,2026-05-21 23:05:35.206716,Amazon,0,1.82
8649,370,88,2026-05-19 18:47:18.206718,Amazon,0,1.76
8650,175,36,2026-05-21 18:11:09.206720,Walmart,0,0.72
8651,831,155,2026-05-21 03:32:23.206722,Target,0,3.1
8652,588,170,2026-05-24 10:39:51.206724,Amazon,0,3.4
8653,495,27,2026-05-20 22:18:01.206726,Amazon,0,0.54
8654,973,96,2026-05-19 23:27:41.206728,Target,0,1.92
8655,114,148,2026-05-19 15:04:57.206730,BestBuy,0,2.96
8656,111,90,2026-05-25 23:45:16.206731,Amazon,0,1.8
8657,761,74,2026-05-23 10:34:59.206733,Target,0,1.48
8658,439,85,2026-05-24 03:35:16.206735,Walmart,0,1.7
8659,715,143,2026-05-20 01:32:09.206737,BestBuy,0,2.86
8660,147,177,2026-05-21 23:31:03.206739,Amazon,0,3.54
8661,35,47,2026-05-20 17:45:01.206741,Target,0,0.94
8662,999,63,2026-05-26 04:13:06.206743,BestBuy,0,1.26
8663,309,100,2026-05-23 22:23:19.206745,Target,0,2.0
8664,538,79,2026-05-23 00:52:04.206747,Walmart,0,1.58
8665,750,129,2026-05-20 06:56:54.206749,Amazon,0,2.58
8666,14,28,2026-05-20 06:45:27.206751,Target,0,0.56
8667,374,182,2026-05-26 06:56:16.206753,Amazon,0,3.64
8668,557,91,2026-05-20 07:15:23.206754,Target,0,1.82
8669,428,34,2026-05-23 23:13:56.206756,Amazon,0,0.68
8670,728,141,2026-05-23 14:55:56.206758,Amazon,0,2.82
8671,233,56,2026-05-23 00:03:04.206760,BestBuy,0,1.12
8672,705,93,2026-05-24 11:37:43.206762,Target,0,1.86
8673,563,70,2026-05-20 04:05:17.206764,Target,0,1.4
8674,939,143,2026-05-24 07:57:32.206766,Amazon,0,2.86
8675,887,55,2026-05-24 17:11:54.206768,Amazon,0,1.1
8676,726,39,2026-05-23 04:28:31.206770,BestBuy,0,0.78
8677,663,99,2026-05-23 04:27:07.206772,Walmart,0,1.98
8678,440,36,2026-05-20 19:08:45.206774,Target,0,0.72
8679,502,24,2026-05-25 04:59:16.206776,Amazon,0,0.48
8680,275,84,2026-05-22 22:18:33.206778,BestBuy,0,1.68
8681,850,65,2026-05-23 02:46:33.206780,Amazon,0,1.3
8682,76,29,2026-05-20 22:27:50.206782,Target,0,0.58
8683,439,50,2026-05-23 13:50:17.206783,BestBuy,0,1.0
8684,732,168,2026-05-26 01:15:15.206785,BestBuy,0,3.36
8685,860,99,2026-05-21 03:38:08.206787,Amazon,0,1.98
8686,956,95,2026-05-22 10:28:43.206789,Amazon,0,1.9
8687,699,107,2026-05-23 16:30:26.206791,Walmart,0,2.14
8688,289,60,2026-05-23 22:51:31.206793,Walmart,0,1.2
8689,915,43,2026-05-21 04:06:47.206795,Target,0,0.86
8690,540,178,2026-05-22 14:31:55.206797,Target,0,3.56
8691,891,156,2026-05-20 08:00:45.206799,BestBuy,0,3.12
8692,692,34,2026-05-22 07:43:07.206801,Target,0,0.68
8693,253,81,2026-05-20 02:32:30.206803,Walmart,0,1.62
8694,126,71,2026-05-21 04:19:25.206805,Walmart,0,1.42
8695,177,141,2026-05-22 03:16:21.206806,Walmart,0,2.82
8696,37,56,2026-05-22 03:00:55.206808,Amazon,0,1.12
8697,410,31,2026-05-25 01:37:00.206810,Walmart,0,0.62
8698,611,25,2026-05-26 11:35:30.206812,Walmart,0,0.5
8699,610,101,2026-05-26 11:15:05.206814,Target,0,2.02
8700,127,58,2026-05-25 17:18:00.206816,Walmart,0,1.16
8701,483,134,2026-05-26 13:37:50.206818,Walmart,0,2.68
8702,168,73,2026-05-24 19:30:41.206820,Amazon,0,1.46
8703,592,87,2026-05-25 04:48:40.206822,Walmart,0,1.74
8704,294,220,2026-05-24 03:45:07.206824,Target,0,4.4
8705,845,40,2026-05-22 23:09:44.206826,Amazon,0,0.8
8706,638,106,2026-05-22 10:55:58.206828,BestBuy,0,2.12
8707,343,107,2026-05-24 16:13:24.206830,Walmart,0,2.14
8708,310,297,2026-05-25 00:18:41.206832,Walmart,0,5.94
8709,662,275,2026-05-25 02:08:32.206834,Walmart,0,5.5
8710,528,45,2026-05-19 18:58:33.206836,BestBuy,0,0.9
8711,540,77,2026-05-21 13:06:09.206837,Amazon,0,1.54
8712,419,40,2026-05-25 21:15:37.206839,Amazon,0,0.8
8713,444,103,2026-05-23 19:49:27.206841,Walmart,0,2.06
8714,685,115,2026-05-22 17:30:30.206843,BestBuy,0,2.3
8715,558,32,2026-05-23 05:17:01.206845,Target,0,0.64
8716,840,97,2026-05-23 05:32:01.206847,BestBuy,0,1.94
8717,236,36,2026-05-23 05:34:34.206849,Walmart,0,0.72
8718,439,19,2026-05-22 12:13:52.206851,BestBuy,0,0.38
8719,214,78,2026-05-20 12:38:49.206853,Amazon,0,1.56
8720,85,259,2026-05-23 00:18:41.206855,Amazon,0,5.18
8721,794,79,2026-05-21 15:39:29.206857,Amazon,0,1.58
8722,744,96,2026-05-20 21:34:15.206859,Target,0,1.92
8723,85,81,2026-05-24 09:48:02.206860,BestBuy,0,1.62
8724,921,31,2026-05-24 08:49:32.206862,Walmart,0,0.62
8725,489,78,2026-05-21 19:28:17.206864,Walmart,0,1.56
8726,65,93,2026-05-21 09:25:23.206866,Amazon,0,1.86
8727,646,98,2026-05-21 19:13:18.206868,Walmart,0,1.96
8728,663,20,2026-05-22 14:18:01.206870,Target,0,0.4
8729,627,35,2026-05-20 23:06:08.206872,BestBuy,0,0.7
8730,64,164,2026-05-25 06:37:58.206874,Target,0,3.28
8731,343,96,2026-05-22 06:07:34.206876,BestBuy,0,1.92
8732,939,79,2026-05-20 06:37:32.206878,BestBuy,0,1.58
8733,875,125,2026-05-22 22:48:46.206880,BestBuy,0,2.5
8734,919,237,2026-05-20 17:13:54.206882,Walmart,0,4.74
8735,352,302,2026-05-25 02:11:18.206884,Walmart,0,6.04
8736,158,72,2026-05-20 18:39:44.206886,Walmart,0,1.44
8737,589,16,2026-05-23 07:50:15.206888,Walmart,0,0.32
8738,491,65,2026-05-22 07:00:50.206890,Walmart,0,1.3
8739,658,200,2026-05-23 23:06:23.206892,Walmart,0,4.0
8740,855,142,2026-05-23 18:09:20.206894,Amazon,0,2.84
8741,463,26,2026-05-23 03:54:33.206896,Amazon,0,0.52
8742,225,59,2026-05-19 18:15:01.206898,Amazon,0,1.18
8743,917,27,2026-05-24 05:15:55.206899,Target,0,0.54
8744,313,38,2026-05-23 17:01:50.206901,Target,0,0.76
8745,615,113,2026-05-24 13:40:38.206903,Target,0,2.26
8746,919,117,2026-05-21 02:07:11.206905,BestBuy,0,2.34
8747,859,129,2026-05-21 16:18:30.206907,BestBuy,0,2.58
8748,813,132,2026-05-25 15:27:43.206909,Target,0,2.64
8749,940,72,2026-05-25 11:22:34.206911,Amazon,0,1.44
8750,466,89,2026-05-22 21:59:13.206913,Walmart,0,1.78
8751,88,163,2026-05-22 16:31:40.206915,Walmart,0,3.26
8752,883,10,2026-05-21 09:47:22.206917,Walmart,0,0.2
8753,303,30,2026-05-21 01:17:38.206919,BestBuy,0,0.6
8754,680,111,2026-05-20 21:02:20.206921,Target,0,2.22
8755,435,104,2026-05-22 13:19:39.206923,Amazon,0,2.08
8756,682,238,2026-05-21 20:46:11.206925,Walmart,0,4.76
8757,135,58,2026-05-23 05:42:57.206927,Target,0,1.16
8758,50,34,2026-05-22 14:40:01.206928,Target,0,0.68
8759,432,129,2026-05-26 06:27:15.206930,BestBuy,0,2.58
8760,340,103,2026-05-24 06:31:36.206932,BestBuy,0,2.06
8761,347,46,2026-05-20 17:44:01.206934,BestBuy,0,0.92
8762,646,36,2026-05-26 00:08:55.206936,BestBuy,0,0.72
8763,347,21,2026-05-24 21:44:35.206938,Target,0,0.42
8764,649,171,2026-05-23 14:12:13.206940,BestBuy,0,3.42
8765,245,128,2026-05-21 03:03:00.206942,Walmart,0,2.56
8766,109,30,2026-05-21 06:28:31.206944,Amazon,0,0.6
8767,825,38,2026-05-24 05:54:52.206946,BestBuy,0,0.76
8768,799,34,2026-05-25 06:24:34.206948,Walmart,0,0.68
8769,533,20,2026-05-26 11:34:58.206950,Amazon,0,0.4
8770,90,89,2026-05-25 21:52:17.206952,BestBuy,0,1.78
8771,296,126,2026-05-25 05:32:50.206954,BestBuy,0,2.52
8772,112,74,2026-05-19 21:03:31.206956,Amazon,0,1.48
8773,813,178,2026-05-21 17:26:40.206957,Walmart,0,3.56
8774,589,144,2026-05-23 10:01:28.206959,Walmart,0,2.88
8775,177,62,2026-05-24 13:11:52.206961,Target,0,1.24
8776,343,54,2026-05-20 12:32:07.206963,Target,0,1.08
8777,660,20,2026-05-24 06:36:23.206965,BestBuy,0,0.4
8778,101,154,2026-05-22 06:58:16.206967,Walmart,0,3.08
8779,758,31,2026-05-22 01:22:51.206969,Walmart,0,0.62
8780,629,147,2026-05-24 19:25:45.206971,BestBuy,0,2.94
8781,604,52,2026-05-26 07:45:52.206973,Amazon,0,1.04
8782,401,119,2026-05-24 12:48:17.206975,Amazon,0,2.38
8783,28,58,2026-05-25 15:41:02.206976,Target,0,1.16
8784,937,41,2026-05-20 09:01:52.206978,BestBuy,0,0.82
8785,962,115,2026-05-22 08:44:40.206980,Amazon,0,2.3
8786,537,44,2026-05-22 16:14:53.206982,BestBuy,0,0.88
8787,58,125,2026-05-24 02:40:30.206984,Walmart,0,2.5
8788,498,134,2026-05-24 18:35:11.206986,Amazon,0,2.68
8789,297,77,2026-05-22 21:04:39.206988,Amazon,0,1.54
8790,134,142,2026-05-26 01:44:21.206990,Amazon,0,2.84
8791,331,23,2026-05-25 22:31:23.206992,Walmart,0,0.46
8792,249,36,2026-05-22 18:29:20.206994,Target,0,0.72
8793,550,122,2026-05-20 18:43:05.206996,BestBuy,0,2.44
8794,902,57,2026-05-25 17:51:13.206998,Amazon,0,1.14
8795,941,34,2026-05-25 08:53:04.207000,Walmart,0,0.68
8796,75,85,2026-05-25 22:41:23.207002,Amazon,0,1.7
8797,654,41,2026-05-24 17:35:14.207004,BestBuy,0,0.82
8798,834,118,2026-05-24 12:55:00.207006,BestBuy,0,2.36
8799,168,32,2026-05-24 02:23:32.207008,Amazon,0,0.64
8800,771,58,2026-05-26 13:25:13.207009,Walmart,0,1.16
8801,503,256,2026-05-22 22:53:54.207012,Amazon,0,5.12
8802,885,23,2026-05-21 16:21:07.207013,Walmart,0,0.46
8803,355,50,2026-05-23 12:23:00.207015,Target,0,1.0
8804,225,55,2026-05-20 12:25:36.207017,Amazon,0,1.1
8805,664,190,2026-05-19 21:23:17.207019,Walmart,0,3.8
8806,531,184,2026-05-21 12:05:40.207021,Amazon,0,3.68
8807,146,41,2026-05-22 10:48:00.207023,BestBuy,0,0.82
8808,960,129,2026-05-20 10:03:33.207025,BestBuy,0,2.58
8809,241,73,2026-05-22 09:28:47.207027,Amazon,0,1.46
8810,884,73,2026-05-20 09:27:28.207029,Amazon,0,1.46
8811,893,87,2026-05-21 22:26:29.207031,Walmart,0,1.74
8812,344,65,2026-05-22 13:07:39.207033,Walmart,0,1.3
8813,749,28,2026-05-25 13:54:34.207035,BestBuy,0,0.56
8814,35,152,2026-05-19 17:42:22.207037,Walmart,0,3.04
8815,702,33,2026-05-22 09:24:55.207039,BestBuy,0,0.66
8816,1,93,2026-05-26 01:00:27.207040,Target,0,1.86
8817,996,38,2026-05-26 01:01:00.207043,Amazon,0,0.76
8818,153,110,2026-05-22 06:34:13.207045,Walmart,0,2.2
8819,429,91,2026-05-22 15:13:43.207047,BestBuy,0,1.82
8820,945,56,2026-05-23 18:15:16.207049,BestBuy,0,1.12
8821,508,210,2026-05-24 21:30:27.207050,Amazon,0,4.2
8822,126,71,2026-05-26 10:15:55.207052,Amazon,0,1.42
8823,491,72,2026-05-23 09:21:06.207054,Amazon,0,1.44
8824,482,93,2026-05-23 19:58:48.207056,Walmart,0,1.86
8825,345,21,2026-05-26 12:58:37.207058,Target,0,0.42
8826,912,26,2026-05-20 04:20:17.207060,Target,0,0.52
8827,738,162,2026-05-21 08:15:31.207062,Target,0,3.24
8828,221,228,2026-05-20 14:10:33.207064,Target,0,4.56
8829,915,144,2026-05-23 09:13:30.207066,BestBuy,0,2.88
8830,919,113,2026-05-21 12:40:05.207068,Walmart,0,2.26
8831,723,130,2026-05-19 22:51:43.207070,Target,0,2.6
8832,25,143,2026-05-20 04:41:09.207072,Target,0,2.86
8833,528,115,2026-05-20 15:49:49.207074,Walmart,0,2.3
8834,182,154,2026-05-24 16:03:06.207075,Walmart,0,3.08
8835,499,70,2026-05-24 08:51:12.207077,Amazon,0,1.4
8836,841,75,2026-05-24 23:22:45.207079,Amazon,0,1.5
8837,641,97,2026-05-25 20:59:05.207081,Target,0,1.94
8838,42,75,2026-05-19 21:12:46.207085,BestBuy,0,1.5
8839,915,434,2026-05-23 23:11:55.207086,Amazon,0,8.68
8840,481,75,2026-05-21 08:01:23.207088,Walmart,0,1.5
8841,930,115,2026-05-24 00:08:52.207090,Amazon,0,2.3
8842,848,86,2026-05-20 17:45:17.207092,Amazon,0,1.72
8843,748,61,2026-05-21 08:22:12.207095,Walmart,0,1.22
8844,872,10,2026-05-23 19:50:50.207096,Target,0,0.2
8845,439,42,2026-05-23 13:29:39.207098,Amazon,0,0.84
8846,402,339,2026-05-19 16:10:36.207101,Amazon,0,6.78
8847,546,155,2026-05-21 17:10:42.207102,Target,0,3.1
8848,345,17,2026-05-20 12:34:20.207104,Amazon,0,0.34
8849,893,27,2026-05-22 09:24:44.207106,BestBuy,0,0.54
8850,45,174,2026-05-20 20:28:11.207108,Target,0,3.48
8851,646,207,2026-05-26 06:44:34.207110,BestBuy,1,41.4
8852,21,279,2026-05-19 19:59:46.207112,Walmart,0,5.58
8853,634,27,2026-05-22 02:32:41.207114,BestBuy,0,0.54
8854,70,181,2026-05-26 06:10:49.207116,Walmart,0,3.62
8855,864,137,2026-05-19 16:37:45.207118,Target,0,2.74
8856,873,31,2026-05-25 12:08:47.207119,Walmart,0,0.62
8857,48,13,2026-05-22 14:48:24.207121,Walmart,0,0.26
8858,491,9,2026-05-19 21:40:51.207123,Walmart,0,0.18
8859,551,70,2026-05-22 17:41:19.207125,Walmart,0,1.4
8860,287,81,2026-05-26 01:26:12.207127,BestBuy,0,1.62
8861,10,56,2026-05-24 08:00:48.207129,Walmart,0,1.12
8862,542,60,2026-05-23 01:58:30.207131,Walmart,0,1.2
8863,756,75,2026-05-25 02:45:56.207133,Amazon,0,1.5
8864,274,68,2026-05-21 00:16:36.207135,Amazon,0,1.36
8865,956,228,2026-05-21 16:57:15.207137,Amazon,0,4.56
8866,600,32,2026-05-20 11:36:03.207139,Walmart,0,0.64
8867,756,53,2026-05-23 12:40:59.207141,Amazon,0,1.06
8868,381,111,2026-05-24 15:39:38.207143,BestBuy,0,2.22
8869,329,76,2026-05-24 21:15:46.207144,Target,0,1.52
8870,479,146,2026-05-19 15:24:11.207146,Target,0,2.92
8871,15,19,2026-05-26 13:22:19.207148,Target,0,0.38
8872,516,41,2026-05-25 17:17:24.207150,Amazon,0,0.82
8873,191,88,2026-05-22 20:09:01.207152,Walmart,0,1.76
8874,168,70,2026-05-21 03:05:28.207154,Target,0,1.4
8875,521,63,2026-05-19 23:50:52.207156,BestBuy,0,1.26
8876,621,124,2026-05-26 09:45:18.207158,Amazon,0,2.48
8877,137,129,2026-05-23 07:09:12.207160,Amazon,0,2.58
8878,154,113,2026-05-19 22:14:14.207162,BestBuy,0,2.26
8879,388,21,2026-05-23 11:46:51.207164,Walmart,0,0.42
8880,209,188,2026-05-19 19:50:02.207166,Walmart,0,3.76
8881,272,16,2026-05-22 11:50:12.207168,BestBuy,0,0.32
8882,143,25,2026-05-20 04:56:41.207170,BestBuy,0,0.5
8883,611,76,2026-05-25 04:46:00.207172,Amazon,0,1.52
8884,889,23,2026-05-25 16:00:48.207174,BestBuy,0,0.46
8885,820,17,2026-05-24 23:25:31.207176,Walmart,0,0.34
8886,69,47,2026-05-20 22:16:41.207178,Walmart,0,0.94
8887,247,6,2026-05-26 00:30:51.207179,Walmart,0,0.12
8888,261,89,2026-05-21 05:03:45.207181,Walmart,0,1.78
8889,788,165,2026-05-25 16:20:27.207183,Walmart,0,3.3
8890,79,239,2026-05-20 17:56:48.207185,Amazon,0,4.78
8891,658,106,2026-05-20 01:11:15.207187,BestBuy,0,2.12
8892,623,65,2026-05-25 12:17:05.207189,BestBuy,0,1.3
8893,770,128,2026-05-23 16:35:00.207191,Target,0,2.56
8894,605,83,2026-05-20 21:35:31.207193,Amazon,0,1.66
8895,525,177,2026-05-22 17:54:58.207195,Amazon,0,3.54
8896,772,55,2026-05-25 19:36:05.207197,Amazon,0,1.1
8897,938,92,2026-05-24 22:43:28.207199,Amazon,0,1.84
8898,621,131,2026-05-24 02:27:16.207201,Amazon,0,2.62
8899,330,173,2026-05-24 04:32:56.207203,Walmart,0,3.46
8900,189,41,2026-05-20 07:54:41.207205,Target,0,0.82
8901,95,80,2026-05-24 20:49:10.207207,Walmart,0,1.6
8902,617,73,2026-05-21 14:20:10.207209,Target,0,1.46
8903,8,261,2026-05-20 06:14:45.207211,Amazon,0,5.22
8904,67,23,2026-05-21 09:17:14.207213,Amazon,0,0.46
8905,496,57,2026-05-25 07:39:47.207215,BestBuy,0,1.14
8906,191,94,2026-05-24 05:38:01.207216,Amazon,0,1.88
8907,366,57,2026-05-22 20:56:58.207218,Amazon,0,1.14
8908,768,93,2026-05-21 05:47:14.207220,Amazon,0,1.86
8909,521,67,2026-05-22 20:38:43.207222,Amazon,0,1.34
8910,990,53,2026-05-23 12:08:49.207224,Amazon,0,1.06
8911,117,78,2026-05-20 17:50:21.207226,Target,0,1.56
8912,267,118,2026-05-25 17:01:21.207228,BestBuy,0,2.36
8913,611,44,2026-05-20 13:04:57.207230,Amazon,0,0.88
8914,485,129,2026-05-21 09:45:49.207232,Amazon,0,2.58
8915,509,80,2026-05-19 18:22:29.207234,Amazon,0,1.6
8916,298,36,2026-05-21 13:22:52.207236,Target,0,0.72
8917,909,86,2026-05-24 20:56:30.207237,Target,0,1.72
8918,164,57,2026-05-26 07:47:55.207239,BestBuy,0,1.14
8919,376,40,2026-05-23 19:34:05.207241,Amazon,0,0.8
8920,653,70,2026-05-25 11:01:35.207243,BestBuy,0,1.4
8921,268,83,2026-05-21 13:38:02.207245,Walmart,0,1.66
8922,549,134,2026-05-21 08:51:55.207247,Target,0,2.68
8923,74,94,2026-05-19 18:20:43.207249,Amazon,0,1.88
8924,508,13,2026-05-26 11:41:18.207251,Target,0,0.26
8925,73,54,2026-05-22 03:58:20.207253,BestBuy,0,1.08
8926,308,80,2026-05-19 21:04:18.207255,Walmart,0,1.6
8927,199,58,2026-05-23 03:58:48.207257,Amazon,0,1.16
8928,130,147,2026-05-23 20:40:50.207258,Target,0,2.94
8929,758,181,2026-05-22 09:37:32.207260,Walmart,0,3.62
8930,824,16,2026-05-23 23:28:00.207262,BestBuy,0,0.32
8931,572,99,2026-05-19 15:14:33.207264,BestBuy,0,1.98
8932,791,30,2026-05-21 10:32:27.207266,Target,0,0.6
8933,615,178,2026-05-22 17:12:09.207268,Target,0,3.56
8934,808,37,2026-05-24 18:22:25.207270,Amazon,0,0.74
8935,832,33,2026-05-22 07:24:47.207272,BestBuy,0,0.66
8936,487,154,2026-05-23 04:01:53.207274,Amazon,0,3.08
8937,853,120,2026-05-20 22:31:18.207276,Target,0,2.4
8938,151,116,2026-05-22 09:55:14.207278,Walmart,0,2.32
8939,669,124,2026-05-25 01:02:58.207280,Amazon,0,2.48
8940,206,47,2026-05-26 09:16:07.207282,BestBuy,0,0.94
8941,986,68,2026-05-20 20:12:15.207284,Target,0,1.36
8942,179,177,2026-05-24 20:19:39.207286,Target,0,3.54
8943,197,250,2026-05-21 14:36:29.207287,Amazon,0,5.0
8944,735,67,2026-05-22 12:59:29.207289,Amazon,0,1.34
8945,89,48,2026-05-20 06:20:18.207291,Target,0,0.96
8946,799,201,2026-05-25 05:59:23.207293,Amazon,0,4.02
8947,434,114,2026-05-25 18:58:51.207295,Target,0,2.28
8948,788,85,2026-05-24 09:37:18.207297,BestBuy,0,1.7
8949,748,89,2026-05-24 22:33:09.207299,Walmart,0,1.78
8950,183,83,2026-05-26 01:05:23.207301,Amazon,0,1.66
8951,209,219,2026-05-26 02:45:20.207303,BestBuy,1,43.8
8952,493,167,2026-05-20 21:29:27.207305,BestBuy,0,3.34
8953,130,50,2026-05-24 02:25:14.207307,Amazon,0,1.0
8954,665,274,2026-05-19 14:01:23.207309,BestBuy,1,54.8
8955,13,44,2026-05-22 17:09:12.207311,Target,0,0.88
8956,634,75,2026-05-24 12:22:13.207313,Amazon,0,1.5
8957,871,134,2026-05-23 21:02:59.207315,Walmart,0,2.68
8958,732,146,2026-05-24 17:33:54.207316,Target,0,2.92
8959,106,52,2026-05-23 14:21:49.207318,BestBuy,0,1.04
8960,375,85,2026-05-24 12:51:35.207320,BestBuy,0,1.7
8961,582,58,2026-05-23 05:02:51.207322,Walmart,0,1.16
8962,707,305,2026-05-25 15:55:52.207324,Walmart,0,6.1
8963,698,50,2026-05-20 19:11:03.207326,BestBuy,0,1.0
8964,99,154,2026-05-21 15:20:31.207328,Walmart,0,3.08
8965,594,17,2026-05-19 16:19:08.207330,Walmart,0,0.34
8966,587,84,2026-05-20 09:30:51.207332,BestBuy,0,1.68
8967,886,80,2026-05-21 05:03:31.207334,Target,0,1.6
8968,852,104,2026-05-20 07:33:15.207336,Amazon,0,2.08
8969,192,55,2026-05-24 12:32:37.207338,BestBuy,0,1.1
8970,325,42,2026-05-21 00:17:31.207339,Walmart,0,0.84
8971,979,27,2026-05-22 12:06:06.207341,Walmart,0,0.54
8972,726,71,2026-05-20 04:54:21.207343,Target,0,1.42
8973,827,17,2026-05-25 09:53:08.207345,BestBuy,0,0.34
8974,956,30,2026-05-21 12:07:26.207347,BestBuy,0,0.6
8975,467,27,2026-05-19 13:40:36.207349,Walmart,0,0.54
8976,894,66,2026-05-22 16:53:42.207351,BestBuy,0,1.32
8977,367,177,2026-05-21 21:00:59.207353,Walmart,0,3.54
8978,318,68,2026-05-22 04:05:53.207355,Walmart,0,1.36
8979,144,21,2026-05-21 08:17:56.207357,Walmart,0,0.42
8980,384,123,2026-05-25 15:48:32.207359,Amazon,0,2.46
8981,216,135,2026-05-25 19:01:12.207361,Walmart,0,2.7
8982,361,419,2026-05-23 04:12:41.207363,Target,0,8.38
8983,324,77,2026-05-22 08:06:00.207365,BestBuy,0,1.54
8984,15,147,2026-05-19 19:45:28.207367,Amazon,0,2.94
8985,217,259,2026-05-24 18:13:40.207368,BestBuy,1,51.8
8986,492,80,2026-05-23 23:50:15.207370,Target,0,1.6
8987,951,10,2026-05-24 17:45:10.207372,Amazon,0,0.2
8988,547,125,2026-05-26 10:29:14.207374,BestBuy,0,2.5
8989,183,70,2026-05-21 18:50:11.207376,Amazon,0,1.4
8990,270,150,2026-05-21 01:12:04.207378,Walmart,0,3.0
8991,945,56,2026-05-23 05:01:54.207380,Walmart,0,1.12
8992,467,145,2026-05-22 07:05:45.207382,BestBuy,0,2.9
8993,870,34,2026-05-24 04:26:20.207384,Target,0,0.68
8994,612,24,2026-05-22 08:39:06.207386,Amazon,0,0.48
8995,519,135,2026-05-20 20:36:51.207388,Amazon,0,2.7
8996,542,45,2026-05-20 11:49:42.207389,BestBuy,0,0.9
8997,467,137,2026-05-25 14:42:00.207391,Walmart,0,2.74
8998,305,66,2026-05-22 05:55:51.207393,Amazon,0,1.32
8999,985,290,2026-05-24 20:43:29.207395,Walmart,0,5.8
9000,144,174,2026-05-20 17:10:26.207397,Walmart,0,3.48
9001,111,28,2026-05-26 01:36:01.207399,Target,0,0.56
9002,232,147,2026-05-22 04:54:50.207401,Walmart,0,2.94
9003,691,84,2026-05-23 10:02:06.207403,Walmart,0,1.68
9004,584,73,2026-05-19 18:50:32.207405,Amazon,0,1.46
9005,722,83,2026-05-24 17:37:50.207407,Target,0,1.66
9006,732,51,2026-05-26 03:25:22.207409,Target,0,1.02
9007,592,52,2026-05-26 06:09:23.207411,BestBuy,0,1.04
9008,500,55,2026-05-25 20:16:56.207413,BestBuy,0,1.1
9009,595,25,2026-05-19 18:14:58.207415,BestBuy,0,0.5
9010,554,120,2026-05-24 20:46:10.207417,Target,0,2.4
9011,273,85,2026-05-25 00:29:58.207419,Walmart,0,1.7
9012,703,127,2026-05-23 23:00:38.207421,Target,0,2.54
9013,173,109,2026-05-21 00:09:34.207423,Walmart,0,2.18
9014,973,119,2026-05-25 12:25:06.207424,BestBuy,0,2.38
9015,7,61,2026-05-24 03:15:43.207426,BestBuy,0,1.22
9016,155,116,2026-05-25 08:24:14.207428,Walmart,0,2.32
9017,522,117,2026-05-23 13:15:54.207430,Walmart,0,2.34
9018,546,69,2026-05-25 21:52:05.207432,BestBuy,0,1.38
9019,548,179,2026-05-19 19:02:42.207434,Walmart,0,3.58
9020,921,62,2026-05-24 05:25:38.207436,Target,0,1.24
9021,518,318,2026-05-22 11:30:42.207438,BestBuy,1,63.6
9022,920,114,2026-05-22 11:51:14.207440,Target,0,2.28
9023,914,58,2026-05-24 19:57:34.207442,BestBuy,0,1.16
9024,215,77,2026-05-23 20:20:54.207444,Amazon,0,1.54
9025,134,250,2026-05-22 19:01:05.207446,Target,0,5.0
9026,285,201,2026-05-22 03:08:37.207448,Amazon,0,4.02
9027,126,10,2026-05-21 19:38:36.207450,BestBuy,0,0.2
9028,921,166,2026-05-23 18:44:58.207452,Target,0,3.32
9029,439,52,2026-05-21 22:01:01.207454,Target,0,1.04
9030,849,56,2026-05-20 01:04:17.207455,Target,0,1.12
9031,686,79,2026-05-22 15:25:28.207457,Walmart,0,1.58
9032,152,64,2026-05-24 12:38:27.207459,Target,0,1.28
9033,331,51,2026-05-23 17:51:59.207461,Target,0,1.02
9034,538,50,2026-05-19 20:58:06.207463,Amazon,0,1.0
9035,383,14,2026-05-23 23:15:42.207465,Target,0,0.28
9036,115,55,2026-05-20 15:27:26.207467,Walmart,0,1.1
9037,894,147,2026-05-22 06:11:19.207469,Target,0,2.94
9038,482,120,2026-05-23 15:40:01.207471,Amazon,0,2.4
9039,284,53,2026-05-25 05:10:06.207473,Target,0,1.06
9040,899,15,2026-05-25 06:09:30.207475,Target,0,0.3
9041,75,107,2026-05-22 06:29:10.207477,Amazon,0,2.14
9042,166,31,2026-05-22 04:29:29.207478,BestBuy,0,0.62
9043,189,83,2026-05-26 08:32:13.207480,Target,0,1.66
9044,78,29,2026-05-25 00:18:45.207482,BestBuy,0,0.58
9045,947,22,2026-05-19 22:04:08.207484,Amazon,0,0.44
9046,602,52,2026-05-22 09:14:39.207486,Amazon,0,1.04
9047,688,75,2026-05-24 17:33:11.207488,BestBuy,0,1.5
9048,21,72,2026-05-19 21:14:57.207490,Walmart,0,1.44
9049,566,109,2026-05-22 08:50:20.207492,Walmart,0,2.18
9050,184,67,2026-05-22 09:06:08.207494,Amazon,0,1.34
9051,871,165,2026-05-26 00:55:41.207496,Walmart,0,3.3
9052,222,30,2026-05-20 07:26:19.207498,Walmart,0,0.6
9053,827,76,2026-05-21 17:58:16.207500,Amazon,0,1.52
9054,328,260,2026-05-21 00:17:45.207502,Target,0,5.2
9055,179,254,2026-05-23 20:04:29.207503,Target,0,5.08
9056,788,70,2026-05-25 11:15:37.207505,Target,0,1.4
9057,112,145,2026-05-21 13:57:17.207507,Walmart,0,2.9
9058,736,90,2026-05-20 14:55:12.207509,BestBuy,0,1.8
9059,726,51,2026-05-19 14:25:41.207511,Walmart,0,1.02
9060,59,29,2026-05-24 00:56:58.207513,Target,0,0.58
9061,327,217,2026-05-22 15:13:13.207515,Amazon,0,4.34
9062,905,85,2026-05-25 15:15:16.207517,Amazon,0,1.7
9063,621,67,2026-05-25 10:07:45.207519,Amazon,0,1.34
9064,897,12,2026-05-24 02:55:05.207521,Walmart,0,0.24
9065,669,197,2026-05-24 15:01:03.207523,BestBuy,0,3.94
9066,191,98,2026-05-24 14:54:20.207525,Target,0,1.96
9067,200,161,2026-05-22 22:36:03.207526,Amazon,0,3.22
9068,312,57,2026-05-26 01:13:14.207528,Target,0,1.14
9069,708,89,2026-05-20 00:59:25.207530,Target,0,1.78
9070,35,105,2026-05-21 19:07:49.207532,Walmart,0,2.1
9071,379,169,2026-05-20 09:02:28.207534,Amazon,0,3.38
9072,387,62,2026-05-22 08:56:45.207536,Walmart,0,1.24
9073,758,68,2026-05-22 14:56:39.207544,Target,0,1.36
9074,237,50,2026-05-26 11:57:30.207546,Target,0,1.0
9075,616,397,2026-05-21 17:05:06.207548,Target,0,7.94
9076,519,131,2026-05-24 06:47:31.207550,Amazon,0,2.62
9077,283,78,2026-05-24 15:38:36.207552,Amazon,0,1.56
9078,1,51,2026-05-23 19:50:04.207554,Amazon,0,1.02
9079,731,207,2026-05-23 20:29:46.207556,Target,0,4.14
9080,464,65,2026-05-21 19:14:11.207558,Target,0,1.3
9081,230,92,2026-05-24 23:06:46.207560,BestBuy,0,1.84
9082,967,32,2026-05-24 15:54:41.207562,Amazon,0,0.64
9083,172,138,2026-05-23 16:44:24.207563,Target,0,2.76
9084,87,120,2026-05-26 03:15:54.207565,Target,0,2.4
9085,553,59,2026-05-23 23:00:32.207567,BestBuy,0,1.18
9086,123,84,2026-05-24 13:57:53.207569,BestBuy,0,1.68
9087,843,152,2026-05-25 22:37:19.207571,Target,0,3.04
9088,298,30,2026-05-23 13:53:12.207573,Amazon,0,0.6
9089,885,35,2026-05-26 11:14:31.207575,Walmart,0,0.7
9090,929,63,2026-05-22 06:14:59.207577,Walmart,0,1.26
9091,690,114,2026-05-23 11:35:03.207579,Walmart,0,2.28
9092,575,183,2026-05-25 04:23:48.207581,Amazon,0,3.66
9093,484,60,2026-05-26 02:08:10.207583,Target,0,1.2
9094,165,57,2026-05-23 06:30:24.207585,Walmart,0,1.14
9095,699,66,2026-05-22 01:15:26.207587,Walmart,0,1.32
9096,383,120,2026-05-20 18:52:06.207589,Amazon,0,2.4
9097,209,27,2026-05-19 21:36:45.207591,Target,0,0.54
9098,739,54,2026-05-24 10:29:42.207593,Target,0,1.08
9099,432,34,2026-05-20 07:41:30.207595,Amazon,0,0.68
9100,389,57,2026-05-26 07:24:55.207597,Walmart,0,1.14
9101,560,87,2026-05-22 23:54:38.207598,Target,0,1.74
9102,224,46,2026-05-22 05:31:49.207600,Target,0,0.92
9103,3,131,2026-05-20 12:10:29.207602,Walmart,0,2.62
9104,372,11,2026-05-24 10:21:34.207604,Amazon,0,0.22
9105,687,12,2026-05-20 00:55:38.207606,Walmart,0,0.24
9106,446,21,2026-05-24 01:01:18.207608,BestBuy,0,0.42
9107,611,39,2026-05-19 13:52:36.207610,Target,0,0.78
9108,116,92,2026-05-20 20:07:09.207612,Amazon,0,1.84
9109,270,13,2026-05-22 23:26:30.207614,Walmart,0,0.26
9110,447,36,2026-05-20 08:00:58.207616,Walmart,0,0.72
9111,368,50,2026-05-22 00:56:53.207618,Amazon,0,1.0
9112,253,111,2026-05-23 22:30:07.207620,Target,0,2.22
9113,317,67,2026-05-26 05:56:40.207622,Amazon,0,1.34
9114,415,26,2026-05-25 20:03:34.207624,BestBuy,0,0.52
9115,95,41,2026-05-22 16:36:25.207625,Amazon,0,0.82
9116,785,62,2026-05-25 05:14:52.207627,BestBuy,0,1.24
9117,892,102,2026-05-22 06:12:17.207629,Target,0,2.04
9118,24,37,2026-05-22 02:33:44.207631,Walmart,0,0.74
9119,628,134,2026-05-20 15:35:24.207633,BestBuy,0,2.68
9120,663,12,2026-05-23 21:21:43.207635,BestBuy,0,0.24
9121,850,52,2026-05-20 22:00:02.207637,Amazon,0,1.04
9122,50,111,2026-05-25 18:40:14.207639,Amazon,0,2.22
9123,502,161,2026-05-20 18:53:33.207641,Walmart,0,3.22
9124,718,93,2026-05-26 07:24:18.207643,Target,0,1.86
9125,498,90,2026-05-26 02:46:04.207645,BestBuy,0,1.8
9126,335,87,2026-05-20 20:52:36.207647,Walmart,0,1.74
9127,79,48,2026-05-22 00:37:46.207648,BestBuy,0,0.96
9128,582,60,2026-05-22 05:02:55.207650,Walmart,0,1.2
9129,27,93,2026-05-21 10:03:23.207652,Amazon,0,1.86
9130,271,144,2026-05-21 22:22:36.207654,Amazon,0,2.88
9131,562,65,2026-05-24 15:27:22.207656,Target,0,1.3
9132,804,87,2026-05-21 14:57:05.207658,Amazon,0,1.74
9133,247,57,2026-05-23 08:15:38.207660,Walmart,0,1.14
9134,776,72,2026-05-23 23:21:42.207662,BestBuy,0,1.44
9135,591,19,2026-05-25 06:14:28.207664,Walmart,0,0.38
9136,387,88,2026-05-25 23:43:38.207666,Target,0,1.76
9137,702,176,2026-05-22 04:08:59.207668,Amazon,0,3.52
9138,559,156,2026-05-21 14:53:48.207670,Amazon,0,3.12
9139,973,42,2026-05-22 17:44:00.207672,BestBuy,0,0.84
9140,361,37,2026-05-21 10:53:40.207674,Target,0,0.74
9141,866,77,2026-05-25 12:18:29.207676,Target,0,1.54
9142,984,20,2026-05-20 18:42:16.207678,Amazon,0,0.4
9143,488,139,2026-05-21 21:27:46.207680,Target,0,2.78
9144,352,45,2026-05-26 12:31:06.207682,Walmart,0,0.9
9145,701,138,2026-05-24 06:17:46.207683,Target,0,2.76
9146,928,42,2026-05-26 04:30:33.207685,Walmart,0,0.84
9147,256,73,2026-05-25 09:49:50.207687,Walmart,0,1.46
9148,222,204,2026-05-22 23:49:12.207689,Walmart,0,4.08
9149,884,109,2026-05-23 23:07:41.207691,Amazon,0,2.18
9150,753,86,2026-05-22 08:21:59.207693,Walmart,0,1.72
9151,781,101,2026-05-26 05:19:30.207695,BestBuy,0,2.02
9152,1,29,2026-05-20 08:17:19.207697,Target,0,0.58
9153,546,188,2026-05-25 06:38:58.207699,Walmart,0,3.76
9154,446,147,2026-05-25 08:47:33.207701,BestBuy,0,2.94
9155,79,74,2026-05-22 22:24:06.207703,Amazon,0,1.48
9156,236,89,2026-05-23 21:13:01.207704,Amazon,0,1.78
9157,334,98,2026-05-20 06:07:40.207707,Amazon,0,1.96
9158,889,171,2026-05-24 11:21:37.207709,Amazon,0,3.42
9159,349,165,2026-05-24 03:40:03.207711,Target,0,3.3
9160,98,14,2026-05-20 06:22:28.207713,Amazon,0,0.28
9161,82,48,2026-05-23 08:30:32.207715,Target,0,0.96
9162,502,102,2026-05-22 18:45:14.207716,BestBuy,0,2.04
9163,967,140,2026-05-24 20:27:40.207718,Amazon,0,2.8
9164,477,45,2026-05-21 15:25:52.207720,Amazon,0,0.9
9165,927,116,2026-05-21 15:46:03.207722,BestBuy,0,2.32
9166,704,95,2026-05-25 13:19:22.207724,BestBuy,0,1.9
9167,765,109,2026-05-23 13:04:23.207726,Target,0,2.18
9168,921,46,2026-05-20 02:00:42.207728,Walmart,0,0.92
9169,550,71,2026-05-25 21:25:19.207730,Target,0,1.42
9170,14,113,2026-05-22 21:05:58.207732,Walmart,0,2.26
9171,392,110,2026-05-26 08:47:02.207734,Target,0,2.2
9172,347,102,2026-05-24 12:56:32.207736,Walmart,0,2.04
9173,310,26,2026-05-25 07:33:32.207738,Amazon,0,0.52
9174,386,63,2026-05-21 02:55:21.207740,Walmart,0,1.26
9175,209,41,2026-05-20 01:03:01.207742,BestBuy,0,0.82
9176,357,111,2026-05-26 05:37:03.207744,BestBuy,0,2.22
9177,974,222,2026-05-24 16:45:51.207745,Walmart,0,4.44
9178,601,90,2026-05-25 04:45:20.207748,Amazon,0,1.8
9179,568,170,2026-05-25 22:28:19.207750,Amazon,0,3.4
9180,94,18,2026-05-23 13:20:57.207752,Walmart,0,0.36
9181,93,89,2026-05-19 16:28:06.207754,Walmart,0,1.78
9182,340,78,2026-05-20 01:29:43.207756,BestBuy,0,1.56
9183,597,33,2026-05-21 11:38:10.207758,BestBuy,0,0.66
9184,445,50,2026-05-26 01:56:48.207759,Target,0,1.0
9185,757,76,2026-05-24 22:25:11.207762,Amazon,0,1.52
9186,22,79,2026-05-24 07:06:09.207764,Amazon,0,1.58
9187,291,330,2026-05-20 03:54:52.207765,Amazon,0,6.6
9188,485,57,2026-05-20 15:30:27.207767,Target,0,1.14
9189,784,218,2026-05-24 05:52:32.207769,Target,0,4.36
9190,306,31,2026-05-20 20:44:12.207771,BestBuy,0,0.62
9191,634,259,2026-05-25 16:01:57.207773,BestBuy,1,51.8
9192,128,115,2026-05-20 13:45:25.207775,Walmart,0,2.3
9193,625,47,2026-05-20 08:43:08.207777,Target,0,0.94
9194,939,44,2026-05-19 20:14:32.207779,Target,0,0.88
9195,273,81,2026-05-26 03:55:32.207781,Target,0,1.62
9196,848,26,2026-05-20 11:57:22.207783,Amazon,0,0.52
9197,442,80,2026-05-19 20:47:41.207785,BestBuy,0,1.6
9198,503,235,2026-05-25 19:54:30.207787,Walmart,0,4.7
9199,130,31,2026-05-22 18:23:08.207789,Target,0,0.62
9200,132,143,2026-05-22 00:05:48.207791,Target,0,2.86
9201,597,153,2026-05-24 08:23:19.207793,Target,0,3.06
9202,935,19,2026-05-24 01:52:16.207795,Amazon,0,0.38
9203,482,54,2026-05-19 18:16:25.207796,Walmart,0,1.08
9204,862,176,2026-05-24 00:41:03.207798,Walmart,0,3.52
9205,390,36,2026-05-22 09:12:09.207800,Target,0,0.72
9206,593,141,2026-05-25 02:14:19.207802,Walmart,0,2.82
9207,999,35,2026-05-19 14:18:14.207804,Amazon,0,0.7
9208,985,33,2026-05-19 17:30:22.207806,Target,0,0.66
9209,325,168,2026-05-21 16:25:49.207808,BestBuy,0,3.36
9210,69,49,2026-05-24 02:17:16.207810,BestBuy,0,0.98
9211,660,44,2026-05-24 16:28:43.207812,Walmart,0,0.88
9212,448,31,2026-05-20 06:45:32.207814,BestBuy,0,0.62
9213,528,14,2026-05-20 23:00:08.207816,BestBuy,0,0.28
9214,819,59,2026-05-25 03:57:55.207818,Target,0,1.18
9215,617,238,2026-05-22 19:49:17.207820,Amazon,0,4.76
9216,165,33,2026-05-24 16:24:04.207822,Target,0,0.66
9217,488,153,2026-05-25 09:12:01.207824,Amazon,0,3.06
9218,713,49,2026-05-25 08:06:04.207826,Target,0,0.98
9219,709,131,2026-05-26 04:39:50.207828,BestBuy,0,2.62
9220,426,49,2026-05-20 23:58:04.207830,Target,0,0.98
9221,697,196,2026-05-22 02:37:19.207832,Walmart,0,3.92
9222,834,48,2026-05-21 18:10:42.207834,Walmart,0,0.96
9223,265,55,2026-05-24 02:14:07.207835,Amazon,0,1.1
9224,875,73,2026-05-24 15:42:09.207837,Amazon,0,1.46
9225,612,215,2026-05-20 20:47:35.207839,Amazon,0,4.3
9226,342,84,2026-05-23 17:49:47.207841,Walmart,0,1.68
9227,832,196,2026-05-24 11:05:29.207843,Target,0,3.92
9228,726,171,2026-05-25 18:32:42.207845,BestBuy,0,3.42
9229,278,220,2026-05-23 07:55:17.207847,Amazon,0,4.4
9230,674,196,2026-05-21 14:29:35.207849,Target,0,3.92
9231,439,67,2026-05-21 22:31:11.207851,Target,0,1.34
9232,157,251,2026-05-22 20:33:25.207853,Walmart,0,5.02
9233,422,104,2026-05-20 05:46:12.207855,Walmart,0,2.08
9234,251,103,2026-05-23 16:22:37.207857,BestBuy,0,2.06
9235,878,53,2026-05-26 06:07:56.207864,Target,0,1.06
9236,609,19,2026-05-25 11:47:57.207866,Amazon,0,0.38
9237,530,19,2026-05-25 10:51:41.207868,Walmart,0,0.38
9238,327,36,2026-05-21 02:20:22.207870,Target,0,0.72
9239,961,108,2026-05-21 11:20:18.207872,Walmart,0,2.16
9240,895,121,2026-05-24 20:01:30.207874,Target,0,2.42
9241,97,39,2026-05-20 13:30:43.207876,Walmart,0,0.78
9242,513,10,2026-05-21 14:57:21.207878,Amazon,0,0.2
9243,216,86,2026-05-21 23:09:26.207880,BestBuy,0,1.72
9244,132,43,2026-05-21 04:01:31.207882,Amazon,0,0.86
9245,260,70,2026-05-20 17:15:47.207884,Walmart,0,1.4
9246,125,115,2026-05-25 01:52:52.207886,Walmart,0,2.3
9247,82,238,2026-05-25 16:36:27.207888,Walmart,0,4.76
9248,283,62,2026-05-24 08:22:52.207890,Amazon,0,1.24
9249,683,87,2026-05-20 16:18:23.207892,Walmart,0,1.74
9250,59,9,2026-05-26 11:38:13.207893,Amazon,0,0.18
9251,544,115,2026-05-19 21:38:37.207895,Walmart,0,2.3
9252,161,284,2026-05-21 06:41:35.207897,BestBuy,1,56.8
9253,284,155,2026-05-21 21:16:47.207899,BestBuy,0,3.1
9254,106,173,2026-05-20 12:17:33.207901,Walmart,0,3.46
9255,105,16,2026-05-26 12:57:18.207903,Target,0,0.32
9256,439,115,2026-05-21 21:54:51.207905,Amazon,0,2.3
9257,228,77,2026-05-24 02:51:44.207907,Walmart,0,1.54
9258,700,4,2026-05-22 14:24:56.207909,Amazon,0,0.08
9259,582,115,2026-05-24 07:24:03.207911,Target,0,2.3
9260,318,42,2026-05-21 05:28:56.207913,BestBuy,0,0.84
9261,464,29,2026-05-24 12:55:43.207915,Amazon,0,0.58
9262,802,73,2026-05-25 16:53:30.207917,Amazon,0,1.46
9263,599,39,2026-05-24 04:19:20.207919,Amazon,0,0.78
9264,882,68,2026-05-24 05:59:43.207921,Amazon,0,1.36
9265,874,213,2026-05-22 17:45:54.207923,Amazon,0,4.26
9266,472,57,2026-05-23 23:16:18.207925,BestBuy,0,1.14
9267,56,130,2026-05-22 21:27:21.207927,Amazon,0,2.6
9268,625,25,2026-05-24 14:09:05.207928,Amazon,0,0.5
9269,13,126,2026-05-20 14:55:00.207930,BestBuy,0,2.52
9270,440,96,2026-05-21 17:33:51.207932,Walmart,0,1.92
9271,18,134,2026-05-25 06:19:36.207934,Walmart,0,2.68
9272,694,41,2026-05-26 10:24:53.207936,Amazon,0,0.82
9273,973,106,2026-05-23 18:58:21.207938,BestBuy,0,2.12
9274,113,365,2026-05-25 10:24:56.207940,Amazon,0,7.3
9275,229,130,2026-05-22 10:44:09.207942,Walmart,0,2.6
9276,171,77,2026-05-22 17:19:47.207944,BestBuy,0,1.54
9277,295,98,2026-05-20 09:15:28.207946,Target,0,1.96
9278,189,43,2026-05-20 18:19:54.207948,BestBuy,0,0.86
9279,426,105,2026-05-22 18:32:31.207950,Walmart,0,2.1
9280,977,120,2026-05-19 15:33:27.207952,BestBuy,0,2.4
9281,79,80,2026-05-25 13:14:00.207953,Target,0,1.6
9282,658,26,2026-05-22 03:38:23.207955,BestBuy,0,0.52
9283,919,34,2026-05-22 22:44:42.207957,Amazon,0,0.68
9284,182,23,2026-05-26 01:14:15.207959,Amazon,0,0.46
9285,499,40,2026-05-21 11:36:50.207961,Walmart,0,0.8
9286,798,26,2026-05-21 06:31:24.207963,BestBuy,0,0.52
9287,762,36,2026-05-21 06:18:08.207965,Walmart,0,0.72
9288,866,27,2026-05-20 15:47:16.207967,BestBuy,0,0.54
9289,826,54,2026-05-21 14:00:45.207969,Walmart,0,1.08
9290,708,25,2026-05-19 14:07:21.207971,BestBuy,0,0.5
9291,835,77,2026-05-26 01:20:46.207973,Amazon,0,1.54
9292,71,40,2026-05-26 05:21:31.207975,Walmart,0,0.8
9293,248,81,2026-05-22 06:25:29.207977,Walmart,0,1.62
9294,146,170,2026-05-25 19:53:32.207979,Target,0,3.4
9295,618,297,2026-05-23 18:12:04.207980,BestBuy,1,59.4
9296,775,105,2026-05-24 04:06:59.207982,Amazon,0,2.1
9297,296,18,2026-05-21 07:41:10.207984,Amazon,0,0.36
9298,582,31,2026-05-20 14:26:19.207986,Amazon,0,0.62
9299,470,103,2026-05-26 10:19:44.207988,Walmart,0,2.06
9300,506,89,2026-05-25 19:31:44.207990,Amazon,0,1.78
9301,193,20,2026-05-26 07:04:59.207992,Walmart,0,0.4
9302,68,238,2026-05-20 02:50:12.207994,Target,0,4.76
9303,494,31,2026-05-21 20:26:56.207996,Amazon,0,0.62
9304,817,169,2026-05-24 05:17:11.207998,Target,0,3.38
9305,52,20,2026-05-20 13:00:22.208000,BestBuy,0,0.4
9306,882,178,2026-05-25 23:14:05.208002,BestBuy,0,3.56
9307,363,195,2026-05-23 19:47:32.208004,Target,0,3.9
9308,797,34,2026-05-20 07:20:35.208006,BestBuy,0,0.68
9309,917,25,2026-05-22 03:01:31.208008,Amazon,0,0.5
9310,474,33,2026-05-24 04:47:10.208009,Amazon,0,0.66
9311,846,338,2026-05-19 18:02:29.208011,Walmart,0,6.76
9312,521,187,2026-05-24 20:10:00.208013,Target,0,3.74
9313,763,24,2026-05-26 06:55:27.208015,Target,0,0.48
9314,431,108,2026-05-24 18:34:10.208017,Walmart,0,2.16
9315,844,209,2026-05-24 12:57:05.208019,Amazon,0,4.18
9316,298,99,2026-05-21 19:12:36.208021,Target,0,1.98
9317,435,18,2026-05-23 23:46:37.208023,Walmart,0,0.36
9318,696,73,2026-05-26 05:26:03.208025,Target,0,1.46
9319,691,23,2026-05-25 12:23:39.208027,Target,0,0.46
9320,198,104,2026-05-22 01:48:10.208029,Walmart,0,2.08
9321,128,96,2026-05-24 05:00:03.208031,Target,0,1.92
9322,532,56,2026-05-20 20:19:03.208033,BestBuy,0,1.12
9323,984,16,2026-05-20 01:05:57.208035,Walmart,0,0.32
9324,411,63,2026-05-20 17:42:49.208036,Walmart,0,1.26
9325,934,156,2026-05-25 17:37:07.208038,BestBuy,0,3.12
9326,840,31,2026-05-20 16:35:04.208040,Target,0,0.62
9327,65,92,2026-05-21 00:53:24.208042,BestBuy,0,1.84
9328,694,260,2026-05-23 11:32:43.208044,Target,0,5.2
9329,241,328,2026-05-25 16:25:33.208046,Amazon,0,6.56
9330,369,43,2026-05-23 05:29:47.208048,BestBuy,0,0.86
9331,536,147,2026-05-22 19:36:55.208050,BestBuy,0,2.94
9332,384,13,2026-05-25 16:12:31.208052,BestBuy,0,0.26
9333,431,227,2026-05-25 22:12:11.208054,Amazon,0,4.54
9334,967,177,2026-05-25 21:07:45.208056,Target,0,3.54
9335,83,184,2026-05-20 20:14:27.208058,Amazon,0,3.68
9336,982,144,2026-05-21 08:31:34.208060,BestBuy,0,2.88
9337,831,36,2026-05-22 10:05:14.208062,Amazon,0,0.72
9338,697,139,2026-05-23 02:40:42.208064,BestBuy,0,2.78
9339,951,59,2026-05-22 12:51:31.208066,Walmart,0,1.18
9340,828,29,2026-05-25 17:03:27.208068,Target,0,0.58
9341,611,183,2026-05-23 19:50:54.208070,BestBuy,0,3.66
9342,574,21,2026-05-21 17:27:58.208072,Amazon,0,0.42
9343,286,99,2026-05-25 14:59:52.208073,Amazon,0,1.98
9344,989,55,2026-05-22 06:16:31.208075,Amazon,0,1.1
9345,534,49,2026-05-26 02:29:38.208077,Target,0,0.98
9346,459,38,2026-05-26 00:45:14.208079,Walmart,0,0.76
9347,212,100,2026-05-26 11:39:41.208081,Target,0,2.0
9348,126,79,2026-05-21 18:38:21.208083,Walmart,0,1.58
9349,413,110,2026-05-22 19:05:45.208085,Amazon,0,2.2
9350,499,114,2026-05-21 03:42:38.208087,Target,0,2.28
9351,425,42,2026-05-26 12:46:44.208089,Walmart,0,0.84
9352,554,24,2026-05-23 09:26:12.208091,Amazon,0,0.48
9353,610,58,2026-05-22 18:00:17.208093,Amazon,0,1.16
9354,961,54,2026-05-20 14:59:09.208094,Target,0,1.08
9355,543,35,2026-05-26 01:20:04.208096,Walmart,0,0.7
9356,158,53,2026-05-20 09:23:17.208098,Amazon,0,1.06
9357,112,149,2026-05-19 19:00:55.208100,Amazon,0,2.98
9358,402,161,2026-05-24 23:58:13.208102,Amazon,0,3.22
9359,759,85,2026-05-23 13:09:16.208104,BestBuy,0,1.7
9360,122,58,2026-05-26 11:56:41.208106,Walmart,0,1.16
9361,273,114,2026-05-20 13:38:34.208108,Walmart,0,2.28
9362,294,37,2026-05-20 19:36:54.208110,BestBuy,0,0.74
9363,398,95,2026-05-22 09:16:25.208112,Amazon,0,1.9
9364,471,123,2026-05-23 07:16:40.208114,BestBuy,0,2.46
9365,985,107,2026-05-24 10:49:45.208116,BestBuy,0,2.14
9366,207,138,2026-05-24 04:55:35.208118,BestBuy,0,2.76
9367,110,61,2026-05-26 08:12:30.208120,Walmart,0,1.22
9368,440,25,2026-05-21 10:56:28.208122,Amazon,0,0.5
9369,278,168,2026-05-21 19:42:59.208124,Amazon,0,3.36
9370,963,77,2026-05-22 10:28:45.208125,Walmart,0,1.54
9371,568,52,2026-05-24 16:52:07.208127,Walmart,0,1.04
9372,887,46,2026-05-26 03:35:09.208129,BestBuy,0,0.92
9373,915,26,2026-05-24 07:26:55.208131,BestBuy,0,0.52
9374,569,204,2026-05-25 10:32:36.208133,Target,0,4.08
9375,940,12,2026-05-25 07:00:23.208135,Target,0,0.24
9376,482,12,2026-05-19 22:46:01.208137,Walmart,0,0.24
9377,803,97,2026-05-25 17:58:10.208139,BestBuy,0,1.94
9378,114,44,2026-05-20 16:34:19.208141,Walmart,0,0.88
9379,893,215,2026-05-20 16:27:46.208143,BestBuy,1,43.0
9380,897,130,2026-05-23 20:43:12.208145,BestBuy,0,2.6
9381,820,93,2026-05-22 08:45:48.208147,Walmart,0,1.86
9382,853,145,2026-05-23 02:10:48.208149,Walmart,0,2.9
9383,477,87,2026-05-21 21:39:17.208151,Amazon,0,1.74
9384,710,156,2026-05-21 18:36:24.208153,Amazon,0,3.12
9385,933,128,2026-05-25 11:35:45.208155,Target,0,2.56
9386,321,159,2026-05-25 22:42:37.208157,Walmart,0,3.18
9387,179,169,2026-05-24 09:39:54.208159,Target,0,3.38
9388,897,59,2026-05-20 18:35:48.208161,Walmart,0,1.18
9389,219,124,2026-05-22 18:54:43.208163,Walmart,0,2.48
9390,789,60,2026-05-20 16:33:12.208165,Walmart,0,1.2
9391,949,113,2026-05-23 05:07:40.208166,Amazon,0,2.26
9392,528,27,2026-05-22 15:29:05.208168,Target,0,0.54
9393,492,135,2026-05-26 13:08:44.208170,Walmart,0,2.7
9394,891,268,2026-05-20 20:13:58.208172,Target,0,5.36
9395,61,71,2026-05-19 20:31:17.208174,Target,0,1.42
9396,54,77,2026-05-24 17:16:23.208176,Amazon,0,1.54
9397,680,42,2026-05-25 20:20:15.208178,Amazon,0,0.84
9398,538,208,2026-05-20 12:55:49.208180,Walmart,0,4.16
9399,848,96,2026-05-25 08:52:30.208182,BestBuy,0,1.92
9400,988,87,2026-05-21 21:17:21.208184,Target,0,1.74
9401,65,159,2026-05-24 20:21:44.208186,Amazon,0,3.18
9402,612,213,2026-05-19 16:10:28.208188,Target,0,4.26
9403,586,152,2026-05-24 09:39:43.208190,BestBuy,0,3.04
9404,704,196,2026-05-24 23:34:15.208192,Target,0,3.92
9405,171,187,2026-05-24 11:23:05.208194,Walmart,0,3.74
9406,273,395,2026-05-20 15:01:06.208195,Target,0,7.9
9407,889,84,2026-05-21 05:51:03.208197,Amazon,0,1.68
9408,699,41,2026-05-20 06:01:54.208199,Walmart,0,0.82
9409,535,107,2026-05-22 13:09:58.208201,Walmart,0,2.14
9410,391,15,2026-05-21 00:20:28.208203,BestBuy,0,0.3
9411,940,61,2026-05-21 23:14:33.208205,Walmart,0,1.22
9412,693,108,2026-05-23 22:44:37.208207,Amazon,0,2.16
9413,327,118,2026-05-20 22:14:37.208209,BestBuy,0,2.36
9414,108,76,2026-05-23 09:58:08.208211,Walmart,0,1.52
9415,847,127,2026-05-25 20:02:07.208213,BestBuy,0,2.54
9416,162,118,2026-05-23 11:41:50.208215,Target,0,2.36
9417,814,31,2026-05-19 16:59:59.208217,Walmart,0,0.62
9418,452,121,2026-05-25 18:27:14.208219,Amazon,0,2.42
9419,206,68,2026-05-26 02:12:25.208221,Amazon,0,1.36
9420,590,181,2026-05-23 16:45:24.208222,Walmart,0,3.62
9421,16,61,2026-05-22 17:14:33.208224,Target,0,1.22
9422,327,36,2026-05-21 13:26:31.208226,BestBuy,0,0.72
9423,608,86,2026-05-24 00:17:30.208228,Amazon,0,1.72
9424,659,60,2026-05-21 17:40:53.208230,Amazon,0,1.2
9425,2,77,2026-05-24 03:33:12.208232,BestBuy,0,1.54
9426,10,11,2026-05-26 03:49:46.208234,BestBuy,0,0.22
9427,434,127,2026-05-21 03:40:04.208236,Amazon,0,2.54
9428,125,116,2026-05-22 17:55:30.208238,BestBuy,0,2.32
9429,81,214,2026-05-25 10:01:34.208240,Walmart,0,4.28
9430,485,121,2026-05-22 07:27:53.208242,Amazon,0,2.42
9431,652,75,2026-05-21 23:06:45.208244,Amazon,0,1.5
9432,838,27,2026-05-24 13:58:35.208246,Amazon,0,0.54
9433,150,182,2026-05-21 23:40:02.208248,Walmart,0,3.64
9434,800,71,2026-05-25 16:19:23.208250,Amazon,0,1.42
9435,873,32,2026-05-20 13:26:51.208252,BestBuy,0,0.64
9436,340,94,2026-05-23 13:11:47.208254,Amazon,0,1.88
9437,129,53,2026-05-21 18:02:44.208256,Walmart,0,1.06
9438,438,60,2026-05-23 18:51:36.208258,Walmart,0,1.2
9439,751,190,2026-05-25 21:28:03.208259,Target,0,3.8
9440,501,47,2026-05-21 12:33:29.208261,Amazon,0,0.94
9441,58,160,2026-05-25 01:43:36.208263,Walmart,0,3.2
9442,198,127,2026-05-26 07:09:54.208265,Target,0,2.54
9443,211,98,2026-05-24 23:00:23.208267,Amazon,0,1.96
9444,914,68,2026-05-23 01:42:45.208269,Walmart,0,1.36
9445,902,45,2026-05-26 01:05:29.208271,Walmart,0,0.9
9446,45,148,2026-05-25 20:55:34.208273,Amazon,0,2.96
9447,97,125,2026-05-23 18:05:01.208275,Amazon,0,2.5
9448,279,46,2026-05-22 17:31:12.208277,Target,0,0.92
9449,535,61,2026-05-24 05:20:50.208279,Amazon,0,1.22
9450,410,253,2026-05-23 15:53:16.208281,Amazon,0,5.06
9451,461,110,2026-05-20 04:43:39.208283,BestBuy,0,2.2
9452,391,45,2026-05-19 22:47:35.208285,Amazon,0,0.9
9453,847,136,2026-05-19 23:32:48.208286,Walmart,0,2.72
9454,44,103,2026-05-21 02:28:56.208312,Target,0,2.06
9455,27,32,2026-05-22 00:54:37.208315,Target,0,0.64
9456,794,102,2026-05-26 01:25:53.208317,Target,0,2.04
9457,97,65,2026-05-25 08:14:44.208319,Walmart,0,1.3
9458,975,19,2026-05-25 10:54:41.208321,Amazon,0,0.38
9459,548,65,2026-05-25 23:36:44.208323,Walmart,0,1.3
9460,621,55,2026-05-21 08:17:09.208325,BestBuy,0,1.1
9461,567,78,2026-05-23 00:15:49.208327,Target,0,1.56
9462,704,74,2026-05-24 16:50:48.208329,Amazon,0,1.48
9463,219,107,2026-05-23 22:23:15.208331,Amazon,0,2.14
9464,185,92,2026-05-26 04:28:50.208333,Target,0,1.84
9465,69,174,2026-05-26 02:34:44.208335,BestBuy,0,3.48
9466,829,73,2026-05-23 09:24:11.208337,BestBuy,0,1.46
9467,130,180,2026-05-21 16:46:34.208339,Amazon,0,3.6
9468,567,198,2026-05-21 16:44:36.208341,Walmart,0,3.96
9469,890,122,2026-05-20 19:14:39.208343,Target,0,2.44
9470,609,20,2026-05-26 10:53:26.208345,Walmart,0,0.4
9471,848,76,2026-05-19 15:41:08.208347,Amazon,0,1.52
9472,599,24,2026-05-23 21:59:32.208349,Target,0,0.48
9473,806,87,2026-05-23 21:06:02.208350,BestBuy,0,1.74
9474,631,190,2026-05-19 21:24:05.208352,BestBuy,0,3.8
9475,720,60,2026-05-24 00:08:25.208354,BestBuy,0,1.2
9476,334,190,2026-05-20 11:58:37.208356,Amazon,0,3.8
9477,925,98,2026-05-19 14:25:21.208358,BestBuy,0,1.96
9478,154,118,2026-05-25 14:34:02.208360,Target,0,2.36
9479,547,71,2026-05-20 09:30:18.208362,Target,0,1.42
9480,79,53,2026-05-24 05:25:46.208364,Target,0,1.06
9481,579,18,2026-05-25 00:28:08.208366,Target,0,0.36
9482,855,47,2026-05-24 06:31:50.208368,BestBuy,0,0.94
9483,413,123,2026-05-21 15:04:55.208370,Target,0,2.46
9484,546,46,2026-05-24 03:06:48.208372,Amazon,0,0.92
9485,609,63,2026-05-21 13:38:28.208374,Target,0,1.26
9486,169,233,2026-05-26 09:35:44.208376,BestBuy,1,46.6
9487,681,172,2026-05-23 01:32:26.208378,BestBuy,0,3.44
9488,663,136,2026-05-25 02:53:54.208380,Walmart,0,2.72
9489,583,134,2026-05-24 16:02:40.208382,Target,0,2.68
9490,515,65,2026-05-21 01:32:44.208384,BestBuy,0,1.3
9491,314,171,2026-05-22 10:42:35.208386,Walmart,0,3.42
9492,32,36,2026-05-21 11:50:25.208388,Amazon,0,0.72
9493,287,34,2026-05-21 01:56:04.208389,Target,0,0.68
9494,594,59,2026-05-20 02:44:43.208391,BestBuy,0,1.18
9495,43,59,2026-05-23 10:42:33.208393,BestBuy,0,1.18
9496,903,113,2026-05-22 13:21:16.208395,Target,0,2.26
9497,617,98,2026-05-21 07:04:28.208398,Walmart,0,1.96
9498,1,39,2026-05-22 06:07:28.208399,Target,0,0.78
9499,573,138,2026-05-21 19:22:16.208401,Amazon,0,2.76
9500,270,16,2026-05-23 16:46:00.208403,Amazon,0,0.32
9501,180,215,2026-05-26 09:27:43.208405,Target,0,4.3
9502,736,87,2026-05-21 03:38:16.208407,Walmart,0,1.74
9503,518,116,2026-05-25 10:21:53.208409,Amazon,0,2.32
9504,103,93,2026-05-22 20:16:56.208411,Target,0,1.86
9505,10,43,2026-05-19 18:21:58.208413,Walmart,0,0.86
9506,583,43,2026-05-23 16:59:06.208415,Walmart,0,0.86
9507,90,30,2026-05-22 10:51:59.208417,BestBuy,0,0.6
9508,226,85,2026-05-24 07:41:50.208419,Amazon,0,1.7
9509,670,128,2026-05-23 04:30:35.208421,Target,0,2.56
9510,740,97,2026-05-24 01:32:51.208423,Amazon,0,1.94
9511,917,218,2026-05-20 21:08:46.208425,Walmart,0,4.36
9512,126,44,2026-05-21 03:13:42.208427,BestBuy,0,0.88
9513,956,56,2026-05-25 14:40:39.208428,Amazon,0,1.12
9514,209,134,2026-05-20 22:09:55.208430,Target,0,2.68
9515,97,200,2026-05-21 09:37:47.208432,Amazon,0,4.0
9516,74,17,2026-05-20 14:36:39.208434,Walmart,0,0.34
9517,627,16,2026-05-25 23:10:33.208436,BestBuy,0,0.32
9518,191,124,2026-05-26 04:07:31.208438,Amazon,0,2.48
9519,682,102,2026-05-20 23:00:48.208440,Walmart,0,2.04
9520,819,56,2026-05-22 14:24:43.208442,Walmart,0,1.12
9521,960,52,2026-05-23 00:53:45.208444,BestBuy,0,1.04
9522,716,30,2026-05-22 19:04:43.208446,Walmart,0,0.6
9523,56,103,2026-05-25 06:43:13.208448,Amazon,0,2.06
9524,720,20,2026-05-19 22:59:57.208449,Target,0,0.4
9525,553,129,2026-05-24 11:40:25.208451,BestBuy,0,2.58
9526,32,171,2026-05-26 02:58:21.208453,Walmart,0,3.42
9527,527,10,2026-05-26 07:06:50.208455,Amazon,0,0.2
9528,574,53,2026-05-24 16:04:50.208457,BestBuy,0,1.06
9529,667,38,2026-05-22 03:04:48.208459,Walmart,0,0.76
9530,284,23,2026-05-21 16:04:32.208461,Amazon,0,0.46
9531,721,57,2026-05-20 17:51:00.208463,Walmart,0,1.14
9532,832,132,2026-05-21 18:43:37.208465,Amazon,0,2.64
9533,494,192,2026-05-20 20:52:33.208467,Walmart,0,3.84
9534,187,32,2026-05-21 10:42:45.208469,BestBuy,0,0.64
9535,498,1,2026-05-21 03:56:34.208471,BestBuy,0,0.02
9536,442,98,2026-05-20 07:37:10.208473,BestBuy,0,1.96
9537,130,153,2026-05-24 04:26:45.208475,Walmart,0,3.06
9538,639,147,2026-05-25 19:12:49.208477,Walmart,0,2.94
9539,292,111,2026-05-21 11:31:17.208478,BestBuy,0,2.22
9540,114,14,2026-05-23 01:35:04.208480,BestBuy,0,0.28
9541,199,53,2026-05-25 15:27:20.208482,Target,0,1.06
9542,13,69,2026-05-20 09:57:18.208484,Amazon,0,1.38
9543,271,30,2026-05-19 17:05:06.208486,Target,0,0.6
9544,601,96,2026-05-26 05:37:43.208488,Amazon,0,1.92
9545,215,163,2026-05-25 15:32:56.208490,Walmart,0,3.26
9546,444,153,2026-05-23 06:39:11.208492,Amazon,0,3.06
9547,790,218,2026-05-22 15:02:03.208494,Amazon,0,4.36
9548,512,140,2026-05-20 03:18:05.208495,Walmart,0,2.8
9549,447,162,2026-05-21 23:08:23.208497,Walmart,0,3.24
9550,986,94,2026-05-23 07:14:37.208499,Walmart,0,1.88
9551,993,207,2026-05-25 15:30:12.208501,BestBuy,1,41.4
9552,715,83,2026-05-21 20:57:32.208503,BestBuy,0,1.66
9553,74,158,2026-05-20 20:10:05.208505,Amazon,0,3.16
9554,537,146,2026-05-24 14:57:41.208507,Walmart,0,2.92
9555,101,247,2026-05-23 14:10:08.208509,BestBuy,1,49.4
9556,176,39,2026-05-21 18:05:50.208511,Walmart,0,0.78
9557,427,19,2026-05-25 20:20:20.208513,Amazon,0,0.38
9558,117,80,2026-05-25 21:49:26.208515,BestBuy,0,1.6
9559,166,45,2026-05-21 13:44:56.208517,BestBuy,0,0.9
9560,41,59,2026-05-24 05:46:41.208519,Target,0,1.18
9561,429,84,2026-05-20 09:35:48.208521,Amazon,0,1.68
9562,344,199,2026-05-21 20:27:57.208522,BestBuy,0,3.98
9563,424,192,2026-05-21 02:07:42.208524,Amazon,0,3.84
9564,366,21,2026-05-20 17:32:48.208526,Amazon,0,0.42
9565,120,136,2026-05-22 03:24:17.208528,Walmart,0,2.72
9566,609,16,2026-05-21 13:54:40.208530,Amazon,0,0.32
9567,657,170,2026-05-24 10:38:21.208532,Target,0,3.4
9568,728,191,2026-05-24 02:15:32.208534,BestBuy,0,3.82
9569,229,42,2026-05-22 06:44:13.208536,Amazon,0,0.84
9570,825,84,2026-05-22 19:37:34.208538,Amazon,0,1.68
9571,130,51,2026-05-24 18:18:31.208540,Walmart,0,1.02
9572,352,177,2026-05-24 01:27:07.208542,Walmart,0,3.54
9573,889,178,2026-05-19 19:54:31.208544,Target,0,3.56
9574,318,149,2026-05-24 14:32:28.208546,Amazon,0,2.98
9575,984,218,2026-05-25 03:00:04.208547,Amazon,0,4.36
9576,649,32,2026-05-23 22:32:21.208549,Amazon,0,0.64
9577,836,25,2026-05-20 13:57:58.208551,Amazon,0,0.5
9578,337,88,2026-05-26 01:14:56.208553,BestBuy,0,1.76
9579,273,23,2026-05-22 20:05:42.208555,Amazon,0,0.46
9580,117,62,2026-05-25 19:10:20.208557,Amazon,0,1.24
9581,818,5,2026-05-23 17:25:25.208559,BestBuy,0,0.1
9582,368,75,2026-05-22 15:31:43.208561,Walmart,0,1.5
9583,94,82,2026-05-21 15:51:29.208563,Target,0,1.64
9584,168,72,2026-05-25 04:38:15.208565,Amazon,0,1.44
9585,954,105,2026-05-24 12:07:05.208567,BestBuy,0,2.1
9586,715,58,2026-05-22 03:01:08.208569,Amazon,0,1.16
9587,341,61,2026-05-24 11:59:19.208571,Walmart,0,1.22
9588,661,85,2026-05-19 23:03:57.208573,BestBuy,0,1.7
9589,914,95,2026-05-20 14:33:05.208575,BestBuy,0,1.9
9590,695,146,2026-05-26 04:57:19.208577,BestBuy,0,2.92
9591,925,18,2026-05-24 18:07:14.208579,Amazon,0,0.36
9592,152,245,2026-05-21 06:05:18.208581,Walmart,0,4.9
9593,586,49,2026-05-26 05:28:17.208583,Target,0,0.98
9594,877,32,2026-05-26 07:26:11.208584,BestBuy,0,0.64
9595,913,37,2026-05-21 01:05:33.208586,Amazon,0,0.74
9596,274,42,2026-05-23 14:52:29.208589,Target,0,0.84
9597,554,26,2026-05-23 13:08:07.208590,BestBuy,0,0.52
9598,496,87,2026-05-20 09:34:37.208592,Amazon,0,1.74
9599,724,223,2026-05-25 19:25:47.208594,Target,0,4.46
9600,101,10,2026-05-22 07:09:33.208596,Target,0,0.2
9601,557,78,2026-05-23 13:07:12.208598,BestBuy,0,1.56
9602,82,193,2026-05-24 20:22:36.208600,Amazon,0,3.86
9603,529,82,2026-05-19 22:55:17.208602,Target,0,1.64
9604,73,97,2026-05-23 08:29:57.208604,Walmart,0,1.94
9605,14,121,2026-05-25 03:57:59.208606,Walmart,0,2.42
9606,433,112,2026-05-21 21:08:17.208608,Target,0,2.24
9607,157,43,2026-05-20 16:55:58.208610,BestBuy,0,0.86
9608,735,95,2026-05-25 09:46:24.208612,BestBuy,0,1.9
9609,132,142,2026-05-22 05:22:08.208613,BestBuy,0,2.84
9610,338,107,2026-05-25 04:03:06.208615,Target,0,2.14
9611,404,142,2026-05-20 08:01:13.208617,BestBuy,0,2.84
9612,376,119,2026-05-25 21:34:30.208619,BestBuy,0,2.38
9613,888,30,2026-05-19 21:42:33.208621,Walmart,0,0.6
9614,559,221,2026-05-22 06:30:42.208623,Amazon,0,4.42
9615,107,308,2026-05-19 15:02:28.208625,Walmart,0,6.16
9616,620,77,2026-05-26 11:37:51.208627,Target,0,1.54
9617,265,170,2026-05-23 03:07:52.208629,Walmart,0,3.4
9618,205,127,2026-05-22 18:51:17.208631,Amazon,0,2.54
9619,79,128,2026-05-23 23:11:27.208633,Walmart,0,2.56
9620,155,5,2026-05-19 19:09:31.208634,BestBuy,0,0.1
9621,783,40,2026-05-20 15:24:36.208636,Amazon,0,0.8
9622,988,53,2026-05-21 23:34:34.208638,Target,0,1.06
9623,997,62,2026-05-26 10:23:49.208640,Walmart,0,1.24
9624,247,54,2026-05-26 13:33:57.208642,Walmart,0,1.08
9625,531,107,2026-05-23 00:23:21.208644,BestBuy,0,2.14
9626,858,142,2026-05-22 21:11:32.208646,Amazon,0,2.84
9627,948,96,2026-05-23 22:37:20.208648,BestBuy,0,1.92
9628,538,185,2026-05-24 21:00:33.208650,Walmart,0,3.7
9629,729,179,2026-05-23 04:47:13.208652,Walmart,0,3.58
9630,154,24,2026-05-25 00:28:42.208654,Amazon,0,0.48
9631,154,129,2026-05-25 19:21:55.208656,Walmart,0,2.58
9632,686,80,2026-05-24 14:12:38.208658,Amazon,0,1.6
9633,92,62,2026-05-25 03:33:04.208660,Target,0,1.24
9634,433,11,2026-05-25 01:50:02.208662,Walmart,0,0.22
9635,338,40,2026-05-24 21:16:19.208664,Amazon,0,0.8
9636,480,36,2026-05-25 12:53:43.208666,Amazon,0,0.72
9637,693,60,2026-05-25 09:48:13.208667,BestBuy,0,1.2
9638,131,50,2026-05-20 07:21:42.208669,Walmart,0,1.0
9639,450,232,2026-05-24 18:08:12.208671,BestBuy,1,46.4
9640,993,55,2026-05-21 12:19:42.208673,Amazon,0,1.1
9641,810,293,2026-05-23 12:57:30.208675,Target,0,5.86
9642,787,155,2026-05-20 18:14:32.208677,Target,0,3.1
9643,273,25,2026-05-23 14:26:23.208679,Walmart,0,0.5
9644,929,128,2026-05-25 04:51:21.208681,Target,0,2.56
9645,588,28,2026-05-24 14:45:13.208683,Walmart,0,0.56
9646,177,96,2026-05-23 11:13:30.208685,Walmart,0,1.92
9647,696,78,2026-05-23 13:13:20.208687,Amazon,0,1.56
9648,831,19,2026-05-19 20:07:32.208689,Amazon,0,0.38
9649,643,56,2026-05-20 19:33:22.208691,Amazon,0,1.12
9650,875,233,2026-05-23 00:03:27.208693,BestBuy,1,46.6
9651,49,189,2026-05-21 20:13:21.208695,Amazon,0,3.78
9652,567,46,2026-05-21 19:24:07.208696,Walmart,0,0.92
9653,666,45,2026-05-25 05:18:40.208698,Amazon,0,0.9
9654,355,152,2026-05-20 12:44:57.208700,BestBuy,0,3.04
9655,712,17,2026-05-22 18:06:53.208702,Amazon,0,0.34
9656,308,73,2026-05-24 06:08:51.208704,Target,0,1.46
9657,868,65,2026-05-24 14:11:16.208706,Walmart,0,1.3
9658,885,24,2026-05-21 17:56:09.208708,Target,0,0.48
9659,630,236,2026-05-26 01:59:50.208710,Target,0,4.72
9660,775,106,2026-05-24 00:02:04.208712,BestBuy,0,2.12
9661,46,107,2026-05-25 03:07:50.208714,Target,0,2.14
9662,302,164,2026-05-20 00:13:04.208716,Amazon,0,3.28
9663,868,97,2026-05-20 19:12:07.208718,Walmart,0,1.94
9664,912,68,2026-05-19 14:07:43.208720,Target,0,1.36
9665,408,39,2026-05-22 00:08:48.208721,Target,0,0.78
9666,189,184,2026-05-21 21:10:16.208723,Walmart,0,3.68
9667,822,107,2026-05-24 10:28:38.208725,Amazon,0,2.14
9668,830,121,2026-05-21 10:20:54.208727,Target,0,2.42
9669,129,40,2026-05-19 19:23:58.208729,Walmart,0,0.8
9670,561,191,2026-05-19 23:34:22.208731,Amazon,0,3.82
9671,537,92,2026-05-26 06:28:17.208733,Amazon,0,1.84
9672,266,107,2026-05-24 06:24:20.208735,Amazon,0,2.14
9673,118,61,2026-05-26 01:28:12.208737,BestBuy,0,1.22
9674,464,79,2026-05-25 18:05:30.208739,Amazon,0,1.58
9675,144,39,2026-05-21 18:43:01.208741,Amazon,0,0.78
9676,442,99,2026-05-21 20:50:57.208743,Walmart,0,1.98
9677,200,164,2026-05-22 07:53:24.208745,BestBuy,0,3.28
9678,157,92,2026-05-22 23:05:37.208747,Amazon,0,1.84
9679,487,98,2026-05-23 16:55:24.208748,Target,0,1.96
9680,860,108,2026-05-24 21:03:04.208750,BestBuy,0,2.16
9681,134,109,2026-05-24 04:57:26.208752,Walmart,0,2.18
9682,912,156,2026-05-21 01:03:00.208754,BestBuy,0,3.12
9683,148,48,2026-05-20 23:55:56.208756,Target,0,0.96
9684,336,22,2026-05-22 15:27:51.208758,BestBuy,0,0.44
9685,71,88,2026-05-21 15:54:43.208760,Target,0,1.76
9686,233,126,2026-05-26 01:53:58.208762,Amazon,0,2.52
9687,334,184,2026-05-20 07:48:38.208764,Amazon,0,3.68
9688,811,168,2026-05-21 19:26:55.208766,BestBuy,0,3.36
9689,666,29,2026-05-22 03:50:18.208768,BestBuy,0,0.58
9690,90,126,2026-05-19 21:55:41.208770,Walmart,0,2.52
9691,334,36,2026-05-23 10:58:59.208772,Walmart,0,0.72
9692,199,99,2026-05-24 12:53:34.208774,Target,0,1.98
9693,161,28,2026-05-23 08:15:28.208776,Amazon,0,0.56
9694,538,183,2026-05-22 18:56:15.208778,BestBuy,0,3.66
9695,121,181,2026-05-24 00:16:33.208779,Amazon,0,3.62
9696,301,123,2026-05-22 18:35:03.208781,BestBuy,0,2.46
9697,724,49,2026-05-21 07:53:38.208783,Target,0,0.98
9698,575,160,2026-05-20 07:43:32.208785,Amazon,0,3.2
9699,963,97,2026-05-21 00:23:57.208787,Walmart,0,1.94
9700,436,86,2026-05-19 20:17:29.208789,Target,0,1.72
9701,68,37,2026-05-24 15:13:23.208791,Amazon,0,0.74
9702,765,161,2026-05-25 01:18:32.208793,Target,0,3.22
9703,922,226,2026-05-21 05:47:23.208795,BestBuy,1,45.2
9704,459,158,2026-05-20 02:29:34.208797,Amazon,0,3.16
9705,514,118,2026-05-21 03:57:27.208799,Amazon,0,2.36
9706,398,59,2026-05-24 12:53:31.208800,Amazon,0,1.18
9707,620,81,2026-05-25 09:03:40.208802,Walmart,0,1.62
9708,286,40,2026-05-21 04:28:11.208804,Target,0,0.8
9709,561,156,2026-05-19 15:37:22.208806,Walmart,0,3.12
9710,140,124,2026-05-22 09:05:20.208808,Walmart,0,2.48
9711,730,31,2026-05-22 14:14:51.208810,Target,0,0.62
9712,556,106,2026-05-23 08:22:55.208812,Target,0,2.12
9713,929,83,2026-05-24 09:17:24.208814,Amazon,0,1.66
9714,781,84,2026-05-21 04:30:46.208816,Amazon,0,1.68
9715,590,11,2026-05-23 22:01:24.208818,Target,0,0.22
9716,728,99,2026-05-23 22:32:14.208820,Amazon,0,1.98
9717,894,81,2026-05-21 12:08:23.208821,BestBuy,0,1.62
9718,610,72,2026-05-20 17:06:14.208823,Amazon,0,1.44
9719,748,22,2026-05-21 19:34:30.208825,Target,0,0.44
9720,282,161,2026-05-20 19:55:37.208827,Walmart,0,3.22
9721,661,88,2026-05-22 17:40:54.208829,Target,0,1.76
9722,924,30,2026-05-21 11:06:28.208831,Target,0,0.6
9723,816,107,2026-05-23 20:13:51.208833,Walmart,0,2.14
9724,996,39,2026-05-26 10:15:26.208835,BestBuy,0,0.78
9725,936,33,2026-05-22 02:48:14.208837,Amazon,0,0.66
9726,578,52,2026-05-25 20:21:09.208839,BestBuy,0,1.04
9727,746,78,2026-05-23 20:28:40.208841,Walmart,0,1.56
9728,457,52,2026-05-23 08:57:34.208843,BestBuy,0,1.04
9729,87,214,2026-05-25 07:39:21.208845,Walmart,0,4.28
9730,79,216,2026-05-21 22:27:29.208846,Target,0,4.32
9731,205,314,2026-05-25 15:39:16.208848,BestBuy,1,62.8
9732,791,28,2026-05-24 14:12:32.208850,Amazon,0,0.56
9733,337,39,2026-05-20 07:24:36.208852,Amazon,0,0.78
9734,254,41,2026-05-26 03:50:59.208854,Walmart,0,0.82
9735,304,114,2026-05-22 20:43:15.208856,Target,0,2.28
9736,380,22,2026-05-23 06:17:22.208858,BestBuy,0,0.44
9737,130,138,2026-05-21 16:32:02.208860,BestBuy,0,2.76
9738,596,83,2026-05-25 04:04:59.208862,Walmart,0,1.66
9739,276,154,2026-05-20 01:22:01.208864,BestBuy,0,3.08
9740,699,93,2026-05-21 08:28:35.208866,Amazon,0,1.86
9741,558,63,2026-05-25 16:49:12.208868,Amazon,0,1.26
9742,899,169,2026-05-23 10:03:46.208870,BestBuy,0,3.38
9743,183,206,2026-05-24 09:27:28.208872,BestBuy,1,41.2
9744,268,53,2026-05-21 02:52:59.208874,Target,0,1.06
9745,808,128,2026-05-24 00:47:51.208876,Target,0,2.56
9746,322,89,2026-05-23 03:18:22.208878,BestBuy,0,1.78
9747,512,146,2026-05-25 15:24:56.208879,BestBuy,0,2.92
9748,612,90,2026-05-24 11:06:04.208881,Walmart,0,1.8
9749,78,117,2026-05-20 03:23:51.208883,Target,0,2.34
9750,784,64,2026-05-22 09:08:49.208885,BestBuy,0,1.28
9751,339,77,2026-05-23 11:20:07.208887,Walmart,0,1.54
9752,674,330,2026-05-20 04:42:12.208889,Target,0,6.6
9753,556,87,2026-05-22 23:36:25.208891,Walmart,0,1.74
9754,509,17,2026-05-24 01:59:16.208893,BestBuy,0,0.34
9755,238,22,2026-05-24 07:43:52.208895,Amazon,0,0.44
9756,134,46,2026-05-24 19:44:28.208897,Amazon,0,0.92
9757,973,18,2026-05-21 03:44:15.208899,Amazon,0,0.36
9758,192,59,2026-05-25 17:40:20.208901,Amazon,0,1.18
9759,356,85,2026-05-22 23:39:45.208903,BestBuy,0,1.7
9760,278,83,2026-05-24 17:44:57.208905,Amazon,0,1.66
9761,18,168,2026-05-20 23:06:47.208907,Amazon,0,3.36
9762,524,95,2026-05-26 02:36:14.208908,BestBuy,0,1.9
9763,180,114,2026-05-20 22:25:25.208910,Target,0,2.28
9764,123,332,2026-05-20 21:00:59.208912,Target,0,6.64
9765,246,89,2026-05-25 18:45:50.208914,Target,0,1.78
9766,734,157,2026-05-20 13:43:07.208916,Walmart,0,3.14
9767,373,55,2026-05-23 08:27:21.208918,Target,0,1.1
9768,51,116,2026-05-20 17:16:27.208920,BestBuy,0,2.32
9769,1000,162,2026-05-25 08:20:20.208922,Target,0,3.24
9770,71,75,2026-05-21 15:27:08.208924,Walmart,0,1.5
9771,480,246,2026-05-22 18:10:39.208926,Walmart,0,4.92
9772,560,133,2026-05-20 22:44:33.208928,Amazon,0,2.66
9773,19,165,2026-05-26 07:43:37.208930,BestBuy,0,3.3
9774,774,125,2026-05-24 00:31:53.208932,Target,0,2.5
9775,84,122,2026-05-24 13:19:34.208934,Target,0,2.44
9776,155,37,2026-05-21 20:51:52.208936,BestBuy,0,0.74
9777,565,214,2026-05-26 01:47:55.208938,BestBuy,1,42.8
9778,619,210,2026-05-24 15:35:19.208939,BestBuy,1,42.0
9779,357,65,2026-05-20 03:28:48.208941,BestBuy,0,1.3
9780,816,167,2026-05-20 17:46:12.208943,BestBuy,0,3.34
9781,647,48,2026-05-26 00:19:14.208945,BestBuy,0,0.96
9782,443,147,2026-05-22 02:19:22.208947,BestBuy,0,2.94
9783,69,94,2026-05-21 08:06:12.208949,Walmart,0,1.88
9784,523,57,2026-05-23 23:34:28.208951,Amazon,0,1.14
9785,143,28,2026-05-25 15:11:34.208953,Target,0,0.56
9786,192,134,2026-05-25 15:30:12.208955,Walmart,0,2.68
9787,387,192,2026-05-22 13:59:08.208957,Walmart,0,3.84
9788,378,26,2026-05-25 05:24:32.208958,Target,0,0.52
9789,581,86,2026-05-22 07:21:24.208960,Walmart,0,1.72
9790,535,83,2026-05-20 07:47:58.208962,BestBuy,0,1.66
9791,693,14,2026-05-25 14:03:31.208964,Walmart,0,0.28
9792,293,55,2026-05-26 08:59:29.208966,Target,0,1.1
9793,9,161,2026-05-21 13:40:28.208968,Amazon,0,3.22
9794,271,28,2026-05-21 21:23:28.208970,Target,0,0.56
9795,387,174,2026-05-24 04:02:17.208972,Amazon,0,3.48
9796,93,148,2026-05-24 03:46:52.208974,BestBuy,0,2.96
9797,966,100,2026-05-21 21:37:20.208976,Walmart,0,2.0
9798,529,20,2026-05-20 21:21:28.208978,Target,0,0.4
9799,154,52,2026-05-23 14:30:03.208980,Target,0,1.04
9800,405,178,2026-05-22 05:51:27.208981,Amazon,0,3.56
9801,840,29,2026-05-25 01:30:42.208983,Walmart,0,0.58
9802,149,21,2026-05-20 10:00:11.208985,Target,0,0.42
9803,889,149,2026-05-26 01:09:47.208987,Target,0,2.98
9804,267,25,2026-05-26 08:28:46.208989,Walmart,0,0.5
9805,422,35,2026-05-22 08:28:46.208991,BestBuy,0,0.7
9806,840,145,2026-05-24 06:59:06.208993,Amazon,0,2.9
9807,618,30,2026-05-24 02:34:19.208995,Target,0,0.6
9808,472,39,2026-05-25 22:20:44.208997,Walmart,0,0.78
9809,893,168,2026-05-21 05:46:13.208999,BestBuy,0,3.36
9810,547,33,2026-05-21 03:17:58.209001,Target,0,0.66
9811,631,42,2026-05-26 03:29:51.209002,BestBuy,0,0.84
9812,526,228,2026-05-19 21:21:50.209004,Target,0,4.56
9813,503,178,2026-05-22 02:10:56.209006,Target,0,3.56
9814,14,39,2026-05-20 17:57:23.209008,BestBuy,0,0.78
9815,778,35,2026-05-26 12:19:50.209010,Amazon,0,0.7
9816,652,65,2026-05-19 22:33:14.209012,BestBuy,0,1.3
9817,806,102,2026-05-24 18:13:41.209014,Walmart,0,2.04
9818,364,129,2026-05-24 16:10:06.209016,Target,0,2.58
9819,119,84,2026-05-24 12:35:33.209018,BestBuy,0,1.68
9820,238,61,2026-05-23 05:19:42.209020,BestBuy,0,1.22
9821,546,176,2026-05-25 05:15:31.209022,Target,0,3.52
9822,169,85,2026-05-21 01:40:07.209024,Target,0,1.7
9823,522,95,2026-05-24 00:26:31.209025,BestBuy,0,1.9
9824,634,50,2026-05-22 06:08:36.209027,Amazon,0,1.0
9825,913,208,2026-05-24 14:20:36.209029,Target,0,4.16
9826,657,64,2026-05-26 03:21:13.209031,BestBuy,0,1.28
9827,963,40,2026-05-23 09:58:08.209033,Walmart,0,0.8
9828,958,30,2026-05-26 07:25:40.209035,Amazon,0,0.6
9829,735,35,2026-05-25 17:42:29.209037,Walmart,0,0.7
9830,883,98,2026-05-25 10:49:58.209039,Target,0,1.96
9831,769,116,2026-05-20 22:27:31.209041,Target,0,2.32
9832,780,235,2026-05-23 03:15:54.209042,Amazon,0,4.7
9833,871,96,2026-05-26 02:50:35.209044,Target,0,1.92
9834,516,51,2026-05-22 06:06:41.209046,Walmart,0,1.02
9835,938,273,2026-05-25 09:45:45.209048,BestBuy,1,54.6
9836,397,204,2026-05-26 07:19:37.209050,BestBuy,1,40.8
9837,866,39,2026-05-23 19:49:38.209052,Walmart,0,0.78
9838,106,21,2026-05-26 07:58:46.209054,Walmart,0,0.42
9839,85,59,2026-05-26 05:31:00.209056,Target,0,1.18
9840,214,6,2026-05-25 23:46:46.209058,Target,0,0.12
9841,121,22,2026-05-26 01:16:36.209060,Amazon,0,0.44
9842,132,189,2026-05-25 16:12:26.209062,BestBuy,0,3.78
9843,850,112,2026-05-24 01:49:11.209064,Amazon,0,2.24
9844,197,78,2026-05-23 09:51:04.209066,Walmart,0,1.56
9845,19,98,2026-05-21 13:29:20.209068,Walmart,0,1.96
9846,642,39,2026-05-19 23:26:14.209070,Amazon,0,0.78
9847,12,112,2026-05-20 15:42:18.209072,Amazon,0,2.24
9848,81,272,2026-05-23 22:50:20.209073,BestBuy,1,54.4
9849,330,127,2026-05-25 12:54:23.209075,Walmart,0,2.54
9850,866,24,2026-05-22 22:43:48.209077,Amazon,0,0.48
9851,774,67,2026-05-23 02:20:00.209079,BestBuy,0,1.34
9852,392,156,2026-05-26 12:27:37.209081,Target,0,3.12
9853,637,42,2026-05-21 18:04:36.209083,Target,0,0.84
9854,307,80,2026-05-22 12:07:22.209085,BestBuy,0,1.6
9855,267,45,2026-05-22 07:08:15.209087,Amazon,0,0.9
9856,447,201,2026-05-20 00:35:22.209089,BestBuy,1,40.2
9857,441,110,2026-05-22 09:44:34.209091,BestBuy,0,2.2
9858,895,58,2026-05-21 03:30:54.209093,Amazon,0,1.16
9859,652,106,2026-05-26 13:10:55.209095,Target,0,2.12
9860,841,97,2026-05-22 08:19:57.209097,BestBuy,0,1.94
9861,2,4,2026-05-19 14:29:44.209099,Target,0,0.08
9862,520,45,2026-05-23 06:25:59.209100,BestBuy,0,0.9
9863,762,152,2026-05-24 15:34:08.209102,Walmart,0,3.04
9864,651,123,2026-05-21 21:32:46.209104,Amazon,0,2.46
9865,636,61,2026-05-21 01:23:28.209106,Target,0,1.22
9866,309,124,2026-05-22 22:48:08.209108,Amazon,0,2.48
9867,740,204,2026-05-22 01:38:29.209110,Target,0,4.08
9868,522,65,2026-05-23 06:45:41.209112,Target,0,1.3
9869,469,65,2026-05-21 07:14:24.209114,Amazon,0,1.3
9870,212,119,2026-05-26 10:58:14.209116,BestBuy,0,2.38
9871,112,103,2026-05-22 23:25:17.209118,BestBuy,0,2.06
9872,8,243,2026-05-26 11:51:42.209120,Walmart,0,4.86
9873,804,199,2026-05-25 12:22:56.209121,Target,0,3.98
9874,477,33,2026-05-23 17:25:16.209123,Amazon,0,0.66
9875,874,87,2026-05-20 19:57:13.209125,Target,0,1.74
9876,460,31,2026-05-25 18:37:10.209127,BestBuy,0,0.62
9877,253,61,2026-05-26 06:06:08.209129,Amazon,0,1.22
9878,526,155,2026-05-23 11:36:26.209131,Amazon,0,3.1
9879,752,30,2026-05-19 14:50:33.209133,Target,0,0.6
9880,438,254,2026-05-22 17:23:58.209135,Walmart,0,5.08
9881,754,166,2026-05-23 05:26:03.209137,BestBuy,0,3.32
9882,981,75,2026-05-25 06:06:17.209138,BestBuy,0,1.5
9883,854,44,2026-05-22 13:11:41.209140,Target,0,0.88
9884,661,186,2026-05-23 00:40:38.209142,Target,0,3.72
9885,236,62,2026-05-21 03:39:46.209144,Walmart,0,1.24
9886,306,84,2026-05-25 12:07:26.209146,BestBuy,0,1.68
9887,478,91,2026-05-25 03:04:53.209148,Walmart,0,1.82
9888,679,74,2026-05-25 14:23:42.209150,Amazon,0,1.48
9889,20,73,2026-05-21 10:48:44.209152,Amazon,0,1.46
9890,216,98,2026-05-21 05:31:13.209154,Walmart,0,1.96
9891,855,64,2026-05-20 04:22:07.209156,Walmart,0,1.28
9892,135,31,2026-05-22 02:08:05.209157,Target,0,0.62
9893,905,41,2026-05-23 01:56:56.209159,BestBuy,0,0.82
9894,129,244,2026-05-20 13:53:15.209161,BestBuy,1,48.8
9895,410,55,2026-05-19 15:49:56.209163,BestBuy,0,1.1
9896,422,54,2026-05-23 15:37:25.209165,Walmart,0,1.08
9897,294,207,2026-05-24 23:33:28.209167,Target,0,4.14
9898,246,23,2026-05-21 21:20:43.209169,Target,0,0.46
9899,701,158,2026-05-23 08:02:46.209171,Target,0,3.16
9900,556,44,2026-05-24 23:25:53.209173,Walmart,0,0.88
9901,86,28,2026-05-22 19:49:05.209175,Walmart,0,0.56
9902,556,222,2026-05-25 22:44:22.209176,Target,0,4.44
9903,842,95,2026-05-20 17:08:16.209178,Walmart,0,1.9
9904,375,35,2026-05-19 18:09:42.209180,Amazon,0,0.7
9905,446,270,2026-05-25 03:49:33.209182,BestBuy,1,54.0
9906,378,30,2026-05-24 02:47:43.209184,BestBuy,0,0.6
9907,390,96,2026-05-26 05:32:18.209186,BestBuy,0,1.92
9908,657,35,2026-05-22 17:11:58.209188,Amazon,0,0.7
9909,51,151,2026-05-25 15:21:28.209190,Target,0,3.02
9910,242,141,2026-05-24 15:57:05.209192,BestBuy,0,2.82
9911,294,88,2026-05-23 06:54:25.209194,Walmart,0,1.76
9912,920,165,2026-05-21 21:53:13.209196,Amazon,0,3.3
9913,563,19,2026-05-24 06:32:52.209198,Target,0,0.38
9914,266,104,2026-05-24 16:57:11.209200,Amazon,0,2.08
9915,120,127,2026-05-24 10:54:00.209202,BestBuy,0,2.54
9916,712,31,2026-05-22 06:10:15.209204,Target,0,0.62
9917,917,115,2026-05-20 23:14:08.209206,BestBuy,0,2.3
9918,248,90,2026-05-19 18:11:53.209207,Target,0,1.8
9919,70,184,2026-05-20 20:42:26.209209,BestBuy,0,3.68
9920,853,98,2026-05-24 14:24:45.209211,Target,0,1.96
9921,57,81,2026-05-26 05:03:03.209213,Amazon,0,1.62
9922,382,32,2026-05-24 06:21:30.209215,Target,0,0.64
9923,39,99,2026-05-20 02:49:59.209217,Target,0,1.98
9924,984,146,2026-05-23 05:19:02.209219,Amazon,0,2.92
9925,801,260,2026-05-26 07:15:08.209221,Target,0,5.2
9926,443,98,2026-05-23 02:27:09.209223,Amazon,0,1.96
9927,18,209,2026-05-24 05:11:40.209225,BestBuy,1,41.8
9928,952,85,2026-05-25 19:47:09.209227,BestBuy,0,1.7
9929,732,26,2026-05-25 08:58:06.209229,BestBuy,0,0.52
9930,825,449,2026-05-26 06:27:54.209231,Target,0,8.98
9931,756,132,2026-05-24 06:17:59.209232,Walmart,0,2.64
9932,352,21,2026-05-21 04:11:50.209234,Walmart,0,0.42
9933,972,152,2026-05-19 19:56:23.209236,BestBuy,0,3.04
9934,816,59,2026-05-25 21:02:03.209238,Amazon,0,1.18
9935,298,55,2026-05-23 23:57:26.209240,Target,0,1.1
9936,283,211,2026-05-22 07:48:40.209242,Amazon,0,4.22
9937,586,40,2026-05-20 07:08:08.209244,Target,0,0.8
9938,110,15,2026-05-26 04:04:55.209246,Amazon,0,0.3
9939,180,42,2026-05-19 18:43:51.209248,BestBuy,0,0.84
9940,938,139,2026-05-25 13:46:29.209250,Walmart,0,2.78
9941,544,113,2026-05-22 20:57:24.209252,Amazon,0,2.26
9942,746,133,2026-05-21 09:54:46.209253,BestBuy,0,2.66
9943,794,176,2026-05-22 14:27:50.209255,Walmart,0,3.52
9944,25,105,2026-05-23 13:32:10.209257,Walmart,0,2.1
9945,843,34,2026-05-23 15:03:59.209259,Walmart,0,0.68
9946,791,54,2026-05-22 04:36:15.209261,Amazon,0,1.08
9947,738,181,2026-05-20 13:14:26.209263,Amazon,0,3.62
9948,57,2,2026-05-21 16:17:15.209265,Walmart,0,0.04
9949,180,137,2026-05-24 22:29:23.209267,Amazon,0,2.74
9950,232,40,2026-05-24 06:09:25.209269,BestBuy,0,0.8
9951,894,253,2026-05-24 01:31:02.209271,Target,0,5.06
9952,343,22,2026-05-21 07:07:30.209272,Walmart,0,0.44
9953,477,64,2026-05-20 10:00:19.209274,Target,0,1.28
9954,799,205,2026-05-19 15:28:00.209276,Walmart,0,4.1
9955,576,153,2026-05-26 00:57:00.209278,Target,0,3.06
9956,455,48,2026-05-24 07:58:17.209280,Walmart,0,0.96
9957,232,73,2026-05-23 11:04:17.209282,BestBuy,0,1.46
9958,289,245,2026-05-23 14:26:26.209284,Walmart,0,4.9
9959,213,39,2026-05-20 13:58:04.209286,BestBuy,0,0.78
9960,258,155,2026-05-23 11:19:24.209288,Walmart,0,3.1
9961,530,29,2026-05-24 16:13:28.209290,Amazon,0,0.58
9962,687,56,2026-05-23 07:38:49.209292,Target,0,1.12
9963,929,97,2026-05-23 17:00:43.209294,BestBuy,0,1.94
9964,229,84,2026-05-23 16:10:10.209295,Walmart,0,1.68
9965,226,118,2026-05-25 04:38:22.209297,Amazon,0,2.36
9966,596,66,2026-05-25 00:51:11.209299,Walmart,0,1.32
9967,803,70,2026-05-20 14:06:37.209301,Target,0,1.4
9968,435,83,2026-05-24 13:39:33.209303,Walmart,0,1.66
9969,882,74,2026-05-22 16:23:40.209305,Amazon,0,1.48
9970,758,240,2026-05-21 10:57:36.209307,Walmart,0,4.8
9971,402,60,2026-05-23 03:54:11.209309,Walmart,0,1.2
9972,622,83,2026-05-25 06:42:45.209311,BestBuy,0,1.66
9973,766,371,2026-05-25 17:03:40.209313,BestBuy,1,74.2
9974,88,116,2026-05-22 11:33:44.209315,Walmart,0,2.32
9975,584,10,2026-05-22 23:51:18.209317,Walmart,0,0.2
9976,893,90,2026-05-19 15:25:05.209319,Amazon,0,1.8
9977,542,146,2026-05-26 00:48:18.209321,Walmart,0,2.92
9978,684,114,2026-05-23 15:38:30.209322,Target,0,2.28
9979,309,154,2026-05-25 18:42:58.209324,BestBuy,0,3.08
9980,906,274,2026-05-22 12:00:38.209326,Target,0,5.48
9981,343,94,2026-05-21 11:10:47.209328,Walmart,0,1.88
9982,436,35,2026-05-23 09:36:01.209330,Amazon,0,0.7
9983,177,40,2026-05-23 04:25:37.209332,Target,0,0.8
9984,139,72,2026-05-26 06:51:42.209334,Walmart,0,1.44
9985,194,270,2026-05-21 14:04:01.209336,BestBuy,1,54.0
9986,186,53,2026-05-22 13:28:54.209338,Walmart,0,1.06
9987,218,95,2026-05-22 01:03:29.209340,BestBuy,0,1.9
9988,164,160,2026-05-20 00:59:40.209342,Amazon,0,3.2
9989,161,31,2026-05-21 09:43:31.209344,BestBuy,0,0.62
9990,943,283,2026-05-24 16:33:21.209346,Walmart,0,5.66
9991,525,170,2026-05-20 10:23:13.209348,Amazon,0,3.4
9992,808,216,2026-05-25 05:44:12.209349,BestBuy,1,43.2
9993,601,40,2026-05-23 09:31:38.209351,BestBuy,0,0.8
9994,836,89,2026-05-22 08:36:07.209353,Target,0,1.78
9995,42,136,2026-05-23 19:20:46.209355,BestBuy,0,2.72
9996,915,71,2026-05-25 19:40:23.209357,Walmart,0,1.42
9997,210,11,2026-05-22 08:54:10.209359,Amazon,0,0.22
9998,741,125,2026-05-26 08:22:42.209361,Walmart,0,2.5
9999,862,34,2026-05-21 22:32:02.209363,BestBuy,0,0.68
10000,275,125,2026-05-23 08:38:43.209365,Walmart,0,2.5
